from,to,weight
v37_h1,v37_h29,0.0036770000588148832
v37_h10,v37_h18,0.0900539979338646
v37_h10,v37_h29,0.0073540001176297665
v37_h10,v37_h38,0.0036770000588148832
v37_h10,v37_h53,0.0036770000588148832
v37_h100,v37_h18,0.08269999921321869
v37_h100,v37_h29,0.06431499868631363
v37_h100,v37_h38,0.047800999134778976
v37_h100,v37_h53,0.09373100101947784
v37_h101,v37_h18,0.011030999943614006
v37_h101,v37_h29,0.014708000235259533
v37_h101,v37_h38,0.025738999247550964
v37_h101,v37_h53,0.022061999887228012
v37_h102,v37_h18,0.014708000235259533
v37_h102,v37_h29,0.0073540001176297665
v37_h102,v37_h38,0.022061999887228012
v37_h102,v37_h53,0.01838500052690506
v37_h104,v37_h18,0.01838500052690506
v37_h104,v37_h29,0.011030999943614006
v37_h104,v37_h38,0.014708000235259533
v37_h104,v37_h53,0.0073540001176297665
v37_h105,v37_h18,0.0036770000588148832
v37_h105,v37_h38,0.0036770000588148832
v37_h105,v37_h53,0.0036770000588148832
v37_h106,v37_h18,0.0073540001176297665
v37_h106,v37_h29,0.014708000235259533
v37_h106,v37_h38,0.01838500052690506
v37_h106,v37_h53,0.014708000235259533
v37_h107,v37_h18,0.014708000235259533
v37_h107,v37_h29,0.022061999887228012
v37_h107,v37_h38,0.029416000470519066
v37_h107,v37_h53,0.025738999247550964
v37_h108,v37_h18,0.01838500052690506
v37_h108,v37_h29,0.029416000470519066
v37_h108,v37_h38,0.022061999887228012
v37_h108,v37_h53,0.025738999247550964
v37_h11,v37_h18,0.09373100101947784
v37_h11,v37_h38,0.011030999943614006
v37_h110,v37_h18,0.011030999943614006
v37_h110,v37_h29,0.08637700229883194
v37_h110,v37_h38,0.0900539979338646
v37_h110,v37_h53,0.025738999247550964
v37_h111,v37_h18,0.011030999943614006
v37_h111,v37_h29,0.025738999247550964
v37_h111,v37_h38,0.014708000235259533
v37_h111,v37_h53,0.08269999921321869
v37_h112,v37_h18,0.0073540001176297665
v37_h112,v37_h29,0.07902300357818604
v37_h112,v37_h38,0.014708000235259533
v37_h112,v37_h53,0.07166899740695953
v37_h113,v37_h18,0.06063799932599068
v37_h113,v37_h29,0.025738999247550964
v37_h113,v37_h38,0.0900539979338646
v37_h113,v37_h53,0.022061999887228012
v37_h114,v37_h18,0.0073540001176297665
v37_h114,v37_h29,0.0036770000588148832
v37_h114,v37_h38,0.011030999943614006
v37_h114,v37_h53,0.011030999943614006
v37_h12,v37_h18,0.09373100101947784
v37_h12,v37_h29,0.011030999943614006
v37_h12,v37_h38,0.0036770000588148832
v37_h13,v37_h18,0.07902300357818604
v37_h13,v37_h29,0.0073540001176297665
v37_h14,v37_h18,0.09373100101947784
v37_h14,v37_h29,0.011030999943614006
v37_h14,v37_h38,0.0036770000588148832
v37_h14,v37_h53,0.0073540001176297665
v37_h15,v37_h18,0.08637700229883194
v37_h15,v37_h29,0.07166899740695953
v37_h15,v37_h53,0.011030999943614006
v37_h16,v37_h18,0.01838500052690506
v37_h16,v37_h29,0.0073540001176297665
v37_h16,v37_h53,0.0036770000588148832
v37_h17,v37_h18,0.0073540001176297665
v37_h17,v37_h29,0.0036770000588148832
v37_h18,v37_h29,0.011030999943614006
v37_h18,v37_h38,0.01838500052690506
v37_h18,v37_h53,0.014708000235259533
v37_h19,v37_h18,0.09373100101947784
v37_h19,v37_h29,0.011030999943614006
v37_h19,v37_h38,0.0036770000588148832
v37_h19,v37_h53,0.0036770000588148832
v37_h2,v37_h18,0.011030999943614006
v37_h2,v37_h29,0.014708000235259533
v37_h2,v37_h53,0.0073540001176297665
v37_h21,v37_h18,0.10843999683856964
v37_h21,v37_h29,0.0073540001176297665
v37_h21,v37_h38,0.07534600049257278
v37_h21,v37_h53,0.011030999943614006
v37_h22,v37_h18,0.09373100101947784
v37_h22,v37_h29,0.0073540001176297665
v37_h22,v37_h38,0.01838500052690506
v37_h22,v37_h53,0.011030999943614006
v37_h24,v37_h18,0.01838500052690506
v37_h24,v37_h29,0.01838500052690506
v37_h24,v37_h38,0.011030999943614006
v37_h24,v37_h53,0.07166899740695953
v37_h25,v37_h18,0.025738999247550964
v37_h25,v37_h29,0.025738999247550964
v37_h25,v37_h38,0.0073540001176297665
v37_h25,v37_h53,0.0073540001176297665
v37_h26,v37_h18,0.0073540001176297665
v37_h26,v37_h29,0.07534600049257278
v37_h26,v37_h38,0.0073540001176297665
v37_h26,v37_h53,0.011030999943614006
v37_h27,v37_h18,0.0073540001176297665
v37_h27,v37_h29,0.09373100101947784
v37_h27,v37_h38,0.011030999943614006
v37_h27,v37_h53,0.014708000235259533
v37_h29,v37_h18,0.011030999943614006
v37_h29,v37_h38,0.0036770000588148832
v37_h29,v37_h53,0.01838500052690506
v37_h3,v37_h18,0.0073540001176297665
v37_h3,v37_h29,0.07166899740695953
v37_h3,v37_h38,0.0073540001176297665
v37_h3,v37_h53,0.0073540001176297665
v37_h31,v37_h18,0.0073540001176297665
v37_h31,v37_h29,0.03677000105381012
v37_h31,v37_h38,0.014708000235259533
v37_h31,v37_h53,0.011030999943614006
v37_h32,v37_h18,0.0036770000588148832
v37_h32,v37_h29,0.029416000470519066
v37_h32,v37_h38,0.022061999887228012
v37_h32,v37_h53,0.011030999943614006
v37_h35,v37_h18,0.0073540001176297665
v37_h35,v37_h29,0.0073540001176297665
v37_h35,v37_h38,0.09373100101947784
v37_h35,v37_h53,0.014708000235259533
v37_h4,v37_h18,0.0073540001176297665
v37_h4,v37_h29,0.08269999921321869
v37_h4,v37_h38,0.014708000235259533
v37_h4,v37_h53,0.014708000235259533
v37_h40,v37_h18,0.01838500052690506
v37_h40,v37_h29,0.011030999943614006
v37_h40,v37_h38,0.07534600049257278
v37_h40,v37_h53,0.0073540001176297665
v37_h41,v37_h18,0.08637700229883194
v37_h41,v37_h29,0.014708000235259533
v37_h41,v37_h38,0.011030999943614006
v37_h41,v37_h53,0.011030999943614006
v37_h42,v37_h18,0.0073540001176297665
v37_h42,v37_h29,0.014708000235259533
v37_h42,v37_h38,0.0036770000588148832
v37_h42,v37_h53,0.0036770000588148832
v37_h43,v37_h18,0.0073540001176297665
v37_h43,v37_h29,0.10108999907970428
v37_h43,v37_h38,0.025738999247550964
v37_h43,v37_h53,0.014708000235259533
v37_h44,v37_h18,0.025738999247550964
v37_h44,v37_h29,0.07902300357818604
v37_h44,v37_h38,0.022061999887228012
v37_h44,v37_h53,0.014708000235259533
v37_h45,v37_h18,0.03309300169348717
v37_h45,v37_h29,0.01838500052690506
v37_h45,v37_h38,0.029416000470519066
v37_h45,v37_h53,0.014708000235259533
v37_h46,v37_h18,0.0073540001176297665
v37_h46,v37_h29,0.025738999247550964
v37_h46,v37_h38,0.08269999921321869
v37_h46,v37_h53,0.01838500052690506
v37_h48,v37_h18,0.0036770000588148832
v37_h48,v37_h29,0.01838500052690506
v37_h48,v37_h38,0.0900539979338646
v37_h48,v37_h53,0.022061999887228012
v37_h49,v37_h18,0.025738999247550964
v37_h49,v37_h29,0.0974079966545105
v37_h49,v37_h38,0.04044700041413307
v37_h49,v37_h53,0.04044700041413307
v37_h5,v37_h18,0.01838500052690506
v37_h5,v37_h29,0.07166899740695953
v37_h5,v37_h38,0.0073540001176297665
v37_h5,v37_h53,0.0036770000588148832
v37_h50,v37_h18,0.011030999943614006
v37_h50,v37_h29,0.08269999921321869
v37_h50,v37_h38,0.03309300169348717
v37_h50,v37_h53,0.025738999247550964
v37_h54,v37_h18,0.07534600049257278
v37_h54,v37_h29,0.10108999907970428
v37_h54,v37_h38,0.029416000470519066
v37_h54,v37_h53,0.08637700229883194
v37_h55,v37_h18,0.022061999887228012
v37_h55,v37_h29,0.01838500052690506
v37_h55,v37_h38,0.08637700229883194
v37_h55,v37_h53,0.03309300169348717
v37_h56,v37_h18,0.011030999943614006
v37_h56,v37_h29,0.0073540001176297665
v37_h56,v37_h38,0.014708000235259533
v37_h56,v37_h53,0.01838500052690506
v37_h57,v37_h18,0.0036770000588148832
v37_h57,v37_h29,0.0036770000588148832
v37_h57,v37_h38,0.022061999887228012
v37_h57,v37_h53,0.022061999887228012
v37_h58,v37_h18,0.014708000235259533
v37_h58,v37_h29,0.01838500052690506
v37_h58,v37_h38,0.03309300169348717
v37_h58,v37_h53,0.0900539979338646
v37_h59,v37_h18,0.01838500052690506
v37_h59,v37_h29,0.022061999887228012
v37_h59,v37_h38,0.10475999861955643
v37_h59,v37_h53,0.0974079966545105
v37_h6,v37_h18,0.08269999921321869
v37_h6,v37_h29,0.011030999943614006
v37_h6,v37_h38,0.01838500052690506
v37_h6,v37_h53,0.0036770000588148832
v37_h60,v37_h18,0.014708000235259533
v37_h60,v37_h29,0.025738999247550964
v37_h60,v37_h38,0.05147799849510193
v37_h60,v37_h53,0.08637700229883194
v37_h61,v37_h18,0.01838500052690506
v37_h61,v37_h29,0.014708000235259533
v37_h61,v37_h38,0.022061999887228012
v37_h61,v37_h53,0.08269999921321869
v37_h62,v37_h18,0.0036770000588148832
v37_h62,v37_h38,0.0073540001176297665
v37_h62,v37_h53,0.011030999943614006
v37_h63,v37_h18,0.0073540001176297665
v37_h63,v37_h29,0.0036770000588148832
v37_h63,v37_h38,0.08269999921321869
v37_h63,v37_h53,0.029416000470519066
v37_h65,v37_h18,0.07166899740695953
v37_h65,v37_h29,0.01838500052690506
v37_h65,v37_h53,0.0073540001176297665
v37_h66,v37_h18,0.025738999247550964
v37_h66,v37_h29,0.022061999887228012
v37_h66,v37_h38,0.0073540001176297665
v37_h66,v37_h53,0.011030999943614006
v37_h67,v37_h18,0.01838500052690506
v37_h67,v37_h29,0.011030999943614006
v37_h67,v37_h38,0.0073540001176297665
v37_h67,v37_h53,0.014708000235259533
v37_h69,v37_h18,0.09373100101947784
v37_h69,v37_h29,0.011030999943614006
v37_h69,v37_h38,0.0073540001176297665
v37_h69,v37_h53,0.0073540001176297665
v37_h70,v37_h18,0.01838500052690506
v37_h70,v37_h29,0.011030999943614006
v37_h70,v37_h38,0.0073540001176297665
v37_h70,v37_h53,0.011030999943614006
v37_h71,v37_h18,0.08269999921321869
v37_h71,v37_h29,0.0073540001176297665
v37_h71,v37_h38,0.0073540001176297665
v37_h72,v37_h18,0.0073540001176297665
v37_h72,v37_h29,0.0036770000588148832
v37_h72,v37_h38,0.0036770000588148832
v37_h72,v37_h53,0.0036770000588148832
v37_h73,v37_h18,0.014708000235259533
v37_h73,v37_h29,0.0073540001176297665
v37_h73,v37_h53,0.0036770000588148832
v37_h74,v37_h18,0.0036770000588148832
v37_h75,v37_h18,0.06799200177192688
v37_h75,v37_h29,0.025738999247550964
v37_h75,v37_h38,0.09373100101947784
v37_h75,v37_h53,0.08637700229883194
v37_h76,v37_h18,0.011030999943614006
v37_h76,v37_h29,0.0073540001176297665
v37_h76,v37_h38,0.01838500052690506
v37_h76,v37_h53,0.014708000235259533
v37_h77,v37_h18,0.0073540001176297665
v37_h78,v37_h29,0.06063799932599068
v37_h79,v37_h18,0.011030999943614006
v37_h79,v37_h29,0.014708000235259533
v37_h79,v37_h38,0.0900539979338646
v37_h79,v37_h53,0.0974079966545105
v37_h80,v37_h18,0.0073540001176297665
v37_h80,v37_h38,0.0073540001176297665
v37_h80,v37_h53,0.0073540001176297665
v37_h81,v37_h18,0.011030999943614006
v37_h81,v37_h29,0.011030999943614006
v37_h81,v37_h38,0.011030999943614006
v37_h81,v37_h53,0.0073540001176297665
v37_h83,v37_h18,0.011030999943614006
v37_h83,v37_h29,0.014708000235259533
v37_h83,v37_h38,0.07166899740695953
v37_h83,v37_h53,0.022061999887228012
v37_h84,v37_h29,0.0073540001176297665
v37_h84,v37_h38,0.0073540001176297665
v37_h84,v37_h53,0.011030999943614006
v37_h85,v37_h18,0.025738999247550964
v37_h85,v37_h29,0.08269999921321869
v37_h85,v37_h38,0.022061999887228012
v37_h85,v37_h53,0.07902300357818604
v37_h87,v37_h18,0.07534600049257278
v37_h87,v37_h29,0.014708000235259533
v37_h87,v37_h38,0.01838500052690506
v37_h87,v37_h53,0.014708000235259533
v37_h88,v37_h18,0.07902300357818604
v37_h88,v37_h29,0.0073540001176297665
v37_h88,v37_h38,0.06799200177192688
v37_h88,v37_h53,0.014708000235259533
v37_h89,v37_h29,0.0036770000588148832
v37_h89,v37_h53,0.0036770000588148832
v37_h9,v37_h18,0.029416000470519066
v37_h9,v37_h29,0.011030999943614006
v37_h9,v37_h38,0.01838500052690506
v37_h9,v37_h53,0.014708000235259533
v37_h90,v37_h18,0.011030999943614006
v37_h90,v37_h38,0.0073540001176297665
v37_h91,v37_h18,0.0073540001176297665
v37_h91,v37_h29,0.014708000235259533
v37_h91,v37_h38,0.011030999943614006
v37_h91,v37_h53,0.0073540001176297665
v37_h92,v37_h18,0.0073540001176297665
v37_h92,v37_h29,0.014708000235259533
v37_h92,v37_h38,0.0036770000588148832
v37_h92,v37_h53,0.0036770000588148832
v37_h93,v37_h18,0.01838500052690506
v37_h93,v37_h29,0.07534600049257278
v37_h93,v37_h38,0.0073540001176297665
v37_h93,v37_h53,0.014708000235259533
v37_h94,v37_h18,0.0036770000588148832
v37_h94,v37_h29,0.011030999943614006
v37_h94,v37_h38,0.014708000235259533
v37_h94,v37_h53,0.011030999943614006
v37_h95,v37_h18,0.0036770000588148832
v37_h95,v37_h29,0.011030999943614006
v37_h95,v37_h38,0.0036770000588148832
v37_h95,v37_h53,0.011030999943614006
v37_h96,v37_h18,0.0036770000588148832
v37_h96,v37_h29,0.0036770000588148832
v37_h96,v37_h38,0.011030999943614006
v37_h96,v37_h53,0.011030999943614006
v37_h97,v37_h18,0.0073540001176297665
v37_h97,v37_h29,0.01838500052690506
v37_h97,v37_h38,0.014708000235259533
v37_h97,v37_h53,0.01838500052690506
v37_h98,v37_h18,0.01838500052690506
v37_h98,v37_h29,0.01838500052690506
v37_h98,v37_h38,0.07534600049257278
v37_h98,v37_h53,0.029416000470519066
v40_h1,v40_h6,0.0014000999508425593
v40_h1,v40_h7,0.0028001999016851187
v40_h1,v40_h9,0.0028001999016851187
v40_h1,v40_h11,0.0014000999508425593
v40_h1,v40_h24,0.0028001999016851187
v40_h1,v40_h35,0.0042003002017736435
v40_h1,v40_h49,0.0028001999016851187
v40_h1,v40_h80,0.0014000999508425593
v40_h1,v40_h89,0.0042003002017736435
v40_h1,v40_h114,0.0014000999508425593
v40_h1,v40_h120,0.0028001999016851187
v40_h1,v40_h123,0.0014000999508425593
v40_h1,v40_h140,0.0042003002017736435
v40_h1,v40_h142,0.0028001999016851187
v40_h1,v40_h169,0.0014000999508425593
v40_h1,v40_h170,0.0014000999508425593
v40_h1,v40_h173,0.0014000999508425593
v40_h1,v40_h174,0.0014000999508425593
v40_h1,v40_h185,0.0028001999016851187
v40_h1,v40_h186,0.0014000999508425593
v40_h1,v40_h231,0.0014000999508425593
v40_h10,v40_h6,0.0070004998706281185
v40_h10,v40_h7,0.011200999841094017
v40_h10,v40_h9,0.04441799968481064
v40_h10,v40_h11,0.043017998337745667
v40_h10,v40_h24,0.014000999741256237
v40_h10,v40_h35,0.009800699539482594
v40_h10,v40_h39,0.005600399803370237
v40_h10,v40_h49,0.008400600403547287
v40_h10,v40_h64,0.0014000999508425593
v40_h10,v40_h80,0.0014000999508425593
v40_h10,v40_h89,0.0070004998706281185
v40_h10,v40_h96,0.0028001999016851187
v40_h10,v40_h120,0.0042003002017736435
v40_h10,v40_h123,0.0028001999016851187
v40_h10,v40_h126,0.0014000999508425593
v40_h10,v40_h140,0.0042003002017736435
v40_h10,v40_h142,0.0042003002017736435
v40_h10,v40_h145,0.0014000999508425593
v40_h10,v40_h152,0.037418000400066376
v40_h10,v40_h161,0.0014000999508425593
v40_h10,v40_h169,0.03881800174713135
v40_h10,v40_h170,0.0028001999016851187
v40_h10,v40_h174,0.008400600403547287
v40_h10,v40_h180,0.0014000999508425593
v40_h10,v40_h185,0.0014000999508425593
v40_h10,v40_h186,0.0014000999508425593
v40_h10,v40_h199,0.0014000999508425593
v40_h10,v40_h231,0.008400600403547287
v40_h100,v40_h6,0.0014000999508425593
v40_h100,v40_h7,0.0070004998706281185
v40_h100,v40_h24,0.0070004998706281185
v40_h100,v40_h35,0.005600399803370237
v40_h100,v40_h49,0.005600399803370237
v40_h100,v40_h64,0.0014000999508425593
v40_h100,v40_h80,0.0042003002017736435
v40_h100,v40_h89,0.04581800103187561
v40_h100,v40_h96,0.0014000999508425593
v40_h100,v40_h114,0.0028001999016851187
v40_h100,v40_h120,0.008400600403547287
v40_h100,v40_h123,0.0028001999016851187
v40_h100,v40_h126,0.008400600403547287
v40_h100,v40_h140,0.04581800103187561
v40_h100,v40_h142,0.005600399803370237
v40_h100,v40_h145,0.0014000999508425593
v40_h100,v40_h152,0.0014000999508425593
v40_h100,v40_h161,0.0042003002017736435
v40_h100,v40_h169,0.0014000999508425593
v40_h100,v40_h170,0.0014000999508425593
v40_h100,v40_h174,0.0028001999016851187
v40_h100,v40_h180,0.0028001999016851187
v40_h100,v40_h185,0.0042003002017736435
v40_h100,v40_h186,0.0014000999508425593
v40_h100,v40_h199,0.0028001999016851187
v40_h100,v40_h231,0.0042003002017736435
v40_h101,v40_h6,0.0014000999508425593
v40_h101,v40_h7,0.0028001999016851187
v40_h101,v40_h9,0.0028001999016851187
v40_h101,v40_h11,0.0028001999016851187
v40_h101,v40_h24,0.0028001999016851187
v40_h101,v40_h35,0.0042003002017736435
v40_h101,v40_h49,0.0028001999016851187
v40_h101,v40_h64,0.0042003002017736435
v40_h101,v40_h80,0.0070004998706281185
v40_h101,v40_h89,0.008400600403547287
v40_h101,v40_h114,0.0070004998706281185
v40_h101,v40_h120,0.01820099912583828
v40_h101,v40_h123,0.0070004998706281185
v40_h101,v40_h126,0.011200999841094017
v40_h101,v40_h140,0.0028001999016851187
v40_h101,v40_h142,0.0042003002017736435
v40_h101,v40_h145,0.0014000999508425593
v40_h101,v40_h152,0.005600399803370237
v40_h101,v40_h161,0.0042003002017736435
v40_h101,v40_h169,0.0028001999016851187
v40_h101,v40_h170,0.037418000400066376
v40_h101,v40_h174,0.0028001999016851187
v40_h101,v40_h185,0.0028001999016851187
v40_h101,v40_h186,0.0028001999016851187
v40_h101,v40_h231,0.0042003002017736435
v40_h102,v40_h6,0.005600399803370237
v40_h102,v40_h7,0.011200999841094017
v40_h102,v40_h9,0.0042003002017736435
v40_h102,v40_h11,0.0014000999508425593
v40_h102,v40_h24,0.05141900107264519
v40_h102,v40_h35,0.04581800103187561
v40_h102,v40_h39,0.005600399803370237
v40_h102,v40_h49,0.016800999641418457
v40_h102,v40_h64,0.0042003002017736435
v40_h102,v40_h80,0.005600399803370237
v40_h102,v40_h89,0.022401999682188034
v40_h102,v40_h96,0.009800699539482594
v40_h102,v40_h114,0.0070004998706281185
v40_h102,v40_h120,0.012601000256836414
v40_h102,v40_h123,0.009800699539482594
v40_h102,v40_h126,0.05141900107264519
v40_h102,v40_h140,0.011200999841094017
v40_h102,v40_h142,0.0042003002017736435
v40_h102,v40_h145,0.0028001999016851187
v40_h102,v40_h152,0.0028001999016851187
v40_h102,v40_h161,0.009800699539482594
v40_h102,v40_h169,0.0028001999016851187
v40_h102,v40_h170,0.0028001999016851187
v40_h102,v40_h173,0.0042003002017736435
v40_h102,v40_h174,0.011200999841094017
v40_h102,v40_h185,0.0070004998706281185
v40_h102,v40_h186,0.0028001999016851187
v40_h102,v40_h199,0.005600399803370237
v40_h102,v40_h231,0.0042003002017736435
v40_h104,v40_h7,0.0028001999016851187
v40_h104,v40_h24,0.0014000999508425593
v40_h104,v40_h35,0.0014000999508425593
v40_h104,v40_h49,0.0028001999016851187
v40_h104,v40_h64,0.0028001999016851187
v40_h104,v40_h80,0.0028001999016851187
v40_h104,v40_h120,0.0042003002017736435
v40_h104,v40_h123,0.0028001999016851187
v40_h104,v40_h126,0.0042003002017736435
v40_h104,v40_h152,0.0042003002017736435
v40_h104,v40_h170,0.0014000999508425593
v40_h104,v40_h186,0.0014000999508425593
v40_h104,v40_h199,0.0014000999508425593
v40_h104,v40_h231,0.0014000999508425593
v40_h105,v40_h6,0.0014000999508425593
v40_h105,v40_h7,0.0014000999508425593
v40_h105,v40_h9,0.0028001999016851187
v40_h105,v40_h11,0.0014000999508425593
v40_h105,v40_h24,0.008400600403547287
v40_h105,v40_h35,0.005600399803370237
v40_h105,v40_h39,0.0028001999016851187
v40_h105,v40_h49,0.008400600403547287
v40_h105,v40_h64,0.043017998337745667
v40_h105,v40_h80,0.04721900075674057
v40_h105,v40_h89,0.005600399803370237
v40_h105,v40_h96,0.0028001999016851187
v40_h105,v40_h114,0.009800699539482594
v40_h105,v40_h120,0.05281899869441986
v40_h105,v40_h123,0.043017998337745667
v40_h105,v40_h126,0.055619001388549805
v40_h105,v40_h140,0.0042003002017736435
v40_h105,v40_h142,0.0014000999508425593
v40_h105,v40_h145,0.0014000999508425593
v40_h105,v40_h152,0.0042003002017736435
v40_h105,v40_h161,0.0070004998706281185
v40_h105,v40_h169,0.0042003002017736435
v40_h105,v40_h170,0.0014000999508425593
v40_h105,v40_h173,0.0028001999016851187
v40_h105,v40_h174,0.0028001999016851187
v40_h105,v40_h185,0.0042003002017736435
v40_h105,v40_h199,0.0028001999016851187
v40_h106,v40_h6,0.005600399803370237
v40_h106,v40_h7,0.0070004998706281185
v40_h106,v40_h9,0.0070004998706281185
v40_h106,v40_h11,0.0028001999016851187
v40_h106,v40_h24,0.011200999841094017
v40_h106,v40_h35,0.0070004998706281185
v40_h106,v40_h39,0.0042003002017736435
v40_h106,v40_h49,0.011200999841094017
v40_h106,v40_h64,0.009800699539482594
v40_h106,v40_h80,0.05281899869441986
v40_h106,v40_h89,0.01820099912583828
v40_h106,v40_h96,0.005600399803370237
v40_h106,v40_h114,0.04721900075674057
v40_h106,v40_h120,0.06122000142931938
v40_h106,v40_h123,0.009800699539482594
v40_h106,v40_h126,0.05981900170445442
v40_h106,v40_h140,0.008400600403547287
v40_h106,v40_h142,0.0028001999016851187
v40_h106,v40_h145,0.0028001999016851187
v40_h106,v40_h152,0.0028001999016851187
v40_h106,v40_h161,0.0070004998706281185
v40_h106,v40_h169,0.008400600403547287
v40_h106,v40_h170,0.005600399803370237
v40_h106,v40_h173,0.0028001999016851187
v40_h106,v40_h174,0.008400600403547287
v40_h106,v40_h180,0.0028001999016851187
v40_h106,v40_h185,0.0070004998706281185
v40_h106,v40_h186,0.0014000999508425593
v40_h106,v40_h199,0.005600399803370237
v40_h106,v40_h231,0.0042003002017736435
v40_h107,v40_h7,0.0028001999016851187
v40_h107,v40_h24,0.005600399803370237
v40_h107,v40_h35,0.0028001999016851187
v40_h107,v40_h49,0.0042003002017736435
v40_h107,v40_h64,0.0070004998706281185
v40_h107,v40_h80,0.011200999841094017
v40_h107,v40_h89,0.0070004998706281185
v40_h107,v40_h114,0.011200999841094017
v40_h107,v40_h120,0.015401000156998634
v40_h107,v40_h123,0.008400600403547287
v40_h107,v40_h126,0.05701899901032448
v40_h107,v40_h140,0.0028001999016851187
v40_h107,v40_h142,0.0014000999508425593
v40_h107,v40_h152,0.0014000999508425593
v40_h107,v40_h161,0.043017998337745667
v40_h107,v40_h169,0.0028001999016851187
v40_h107,v40_h170,0.0014000999508425593
v40_h107,v40_h174,0.0014000999508425593
v40_h107,v40_h185,0.0014000999508425593
v40_h107,v40_h199,0.0014000999508425593
v40_h107,v40_h231,0.005600399803370237
v40_h108,v40_h6,0.0042003002017736435
v40_h108,v40_h7,0.0042003002017736435
v40_h108,v40_h9,0.0028001999016851187
v40_h108,v40_h11,0.0028001999016851187
v40_h108,v40_h24,0.005600399803370237
v40_h108,v40_h35,0.0042003002017736435
v40_h108,v40_h49,0.0070004998706281185
v40_h108,v40_h64,0.0028001999016851187
v40_h108,v40_h80,0.009800699539482594
v40_h108,v40_h89,0.0070004998706281185
v40_h108,v40_h114,0.009800699539482594
v40_h108,v40_h120,0.01960100047290325
v40_h108,v40_h123,0.012601000256836414
v40_h108,v40_h126,0.05141900107264519
v40_h108,v40_h140,0.005600399803370237
v40_h108,v40_h142,0.005600399803370237
v40_h108,v40_h145,0.0028001999016851187
v40_h108,v40_h152,0.0028001999016851187
v40_h108,v40_h161,0.005600399803370237
v40_h108,v40_h169,0.0042003002017736435
v40_h108,v40_h170,0.0014000999508425593
v40_h108,v40_h174,0.0042003002017736435
v40_h108,v40_h180,0.0014000999508425593
v40_h108,v40_h185,0.005600399803370237
v40_h108,v40_h186,0.0042003002017736435
v40_h108,v40_h199,0.0028001999016851187
v40_h108,v40_h231,0.0028001999016851187
v40_h11,v40_h6,0.009800699539482594
v40_h11,v40_h7,0.009800699539482594
v40_h11,v40_h9,0.04721900075674057
v40_h11,v40_h24,0.005600399803370237
v40_h11,v40_h35,0.0042003002017736435
v40_h11,v40_h49,0.005600399803370237
v40_h11,v40_h80,0.0014000999508425593
v40_h11,v40_h89,0.005600399803370237
v40_h11,v40_h114,0.0014000999508425593
v40_h11,v40_h120,0.0014000999508425593
v40_h11,v40_h123,0.0014000999508425593
v40_h11,v40_h140,0.0028001999016851187
v40_h11,v40_h142,0.0028001999016851187
v40_h11,v40_h152,0.0014000999508425593
v40_h11,v40_h169,0.005600399803370237
v40_h11,v40_h174,0.0014000999508425593
v40_h11,v40_h180,0.0014000999508425593
v40_h11,v40_h185,0.0014000999508425593
v40_h11,v40_h186,0.0014000999508425593
v40_h11,v40_h231,0.0028001999016851187
v40_h110,v40_h6,0.0028001999016851187
v40_h110,v40_h7,0.0028001999016851187
v40_h110,v40_h24,0.0042003002017736435
v40_h110,v40_h35,0.0014000999508425593
v40_h110,v40_h49,0.0042003002017736435
v40_h110,v40_h64,0.0070004998706281185
v40_h110,v40_h80,0.0042003002017736435
v40_h110,v40_h89,0.005600399803370237
v40_h110,v40_h96,0.0028001999016851187
v40_h110,v40_h114,0.005600399803370237
v40_h110,v40_h120,0.04721900075674057
v40_h110,v40_h123,0.04441799968481064
v40_h110,v40_h126,0.05421900004148483
v40_h110,v40_h142,0.0014000999508425593
v40_h110,v40_h145,0.0014000999508425593
v40_h110,v40_h161,0.0028001999016851187
v40_h110,v40_h169,0.0028001999016851187
v40_h110,v40_h174,0.0028001999016851187
v40_h110,v40_h185,0.0014000999508425593
v40_h110,v40_h199,0.0014000999508425593
v40_h111,v40_h6,0.011200999841094017
v40_h111,v40_h7,0.009800699539482594
v40_h111,v40_h9,0.011200999841094017
v40_h111,v40_h11,0.0070004998706281185
v40_h111,v40_h24,0.014000999741256237
v40_h111,v40_h35,0.005600399803370237
v40_h111,v40_h39,0.0014000999508425593
v40_h111,v40_h49,0.014000999741256237
v40_h111,v40_h64,0.009800699539482594
v40_h111,v40_h80,0.014000999741256237
v40_h111,v40_h89,0.016800999641418457
v40_h111,v40_h96,0.008400600403547287
v40_h111,v40_h114,0.01820099912583828
v40_h111,v40_h120,0.06261999905109406
v40_h111,v40_h123,0.05701899901032448
v40_h111,v40_h126,0.02520200051367283
v40_h111,v40_h140,0.011200999841094017
v40_h111,v40_h142,0.008400600403547287
v40_h111,v40_h145,0.0028001999016851187
v40_h111,v40_h152,0.0070004998706281185
v40_h111,v40_h161,0.0028001999016851187
v40_h111,v40_h169,0.014000999741256237
v40_h111,v40_h170,0.0070004998706281185
v40_h111,v40_h173,0.0070004998706281185
v40_h111,v40_h174,0.012601000256836414
v40_h111,v40_h180,0.0042003002017736435
v40_h111,v40_h185,0.011200999841094017
v40_h111,v40_h186,0.005600399803370237
v40_h111,v40_h199,0.005600399803370237
v40_h111,v40_h231,0.0028001999016851187
v40_h112,v40_h6,0.0028001999016851187
v40_h112,v40_h7,0.0028001999016851187
v40_h112,v40_h9,0.0014000999508425593
v40_h112,v40_h24,0.0028001999016851187
v40_h112,v40_h35,0.005600399803370237
v40_h112,v40_h49,0.0042003002017736435
v40_h112,v40_h64,0.005600399803370237
v40_h112,v40_h80,0.0042003002017736435
v40_h112,v40_h89,0.008400600403547287
v40_h112,v40_h114,0.008400600403547287
v40_h112,v40_h120,0.050018999725580215
v40_h112,v40_h123,0.04581800103187561
v40_h112,v40_h126,0.012601000256836414
v40_h112,v40_h140,0.0028001999016851187
v40_h112,v40_h142,0.0042003002017736435
v40_h112,v40_h145,0.0028001999016851187
v40_h112,v40_h152,0.0028001999016851187
v40_h112,v40_h161,0.0014000999508425593
v40_h112,v40_h169,0.0014000999508425593
v40_h112,v40_h170,0.0014000999508425593
v40_h112,v40_h174,0.0014000999508425593
v40_h112,v40_h185,0.0042003002017736435
v40_h112,v40_h186,0.0028001999016851187
v40_h112,v40_h199,0.0014000999508425593
v40_h112,v40_h231,0.0028001999016851187
v40_h113,v40_h6,0.0042003002017736435
v40_h113,v40_h24,0.005600399803370237
v40_h113,v40_h35,0.03881800174713135
v40_h113,v40_h49,0.0042003002017736435
v40_h113,v40_h64,0.005600399803370237
v40_h113,v40_h80,0.011200999841094017
v40_h113,v40_h89,0.0042003002017736435
v40_h113,v40_h96,0.0028001999016851187
v40_h113,v40_h114,0.04441799968481064
v40_h113,v40_h120,0.016800999641418457
v40_h113,v40_h123,0.05141900107264519
v40_h113,v40_h126,0.016800999641418457
v40_h113,v40_h140,0.0042003002017736435
v40_h113,v40_h142,0.0042003002017736435
v40_h113,v40_h145,0.0028001999016851187
v40_h113,v40_h152,0.0014000999508425593
v40_h113,v40_h169,0.0014000999508425593
v40_h113,v40_h170,0.0014000999508425593
v40_h113,v40_h173,0.0014000999508425593
v40_h113,v40_h174,0.0028001999016851187
v40_h113,v40_h185,0.0028001999016851187
v40_h113,v40_h186,0.0028001999016851187
v40_h113,v40_h199,0.0014000999508425593
v40_h113,v40_h231,0.0028001999016851187
v40_h114,v40_h6,0.0014000999508425593
v40_h114,v40_h7,0.0028001999016851187
v40_h114,v40_h9,0.0028001999016851187
v40_h114,v40_h11,0.0014000999508425593
v40_h114,v40_h24,0.005600399803370237
v40_h114,v40_h35,0.0070004998706281185
v40_h114,v40_h39,0.0014000999508425593
v40_h114,v40_h49,0.011200999841094017
v40_h114,v40_h64,0.04581800103187561
v40_h114,v40_h80,0.009800699539482594
v40_h114,v40_h89,0.005600399803370237
v40_h114,v40_h96,0.0042003002017736435
v40_h114,v40_h120,0.009800699539482594
v40_h114,v40_h123,0.0042003002017736435
v40_h114,v40_h126,0.005600399803370237
v40_h114,v40_h140,0.0042003002017736435
v40_h114,v40_h142,0.0028001999016851187
v40_h114,v40_h169,0.0028001999016851187
v40_h114,v40_h173,0.0014000999508425593
v40_h114,v40_h174,0.0042003002017736435
v40_h114,v40_h185,0.005600399803370237
v40_h114,v40_h186,0.0014000999508425593
v40_h114,v40_h199,0.0014000999508425593
v40_h114,v40_h231,0.0014000999508425593
v40_h12,v40_h6,0.04581800103187561
v40_h12,v40_h7,0.048618998378515244
v40_h12,v40_h9,0.048618998378515244
v40_h12,v40_h11,0.0070004998706281185
v40_h12,v40_h24,0.043017998337745667
v40_h12,v40_h35,0.0042003002017736435
v40_h12,v40_h39,0.0028001999016851187
v40_h12,v40_h49,0.0042003002017736435
v40_h12,v40_h64,0.0028001999016851187
v40_h12,v40_h80,0.0028001999016851187
v40_h12,v40_h89,0.0070004998706281185
v40_h12,v40_h96,0.0014000999508425593
v40_h12,v40_h114,0.0014000999508425593
v40_h12,v40_h120,0.0014000999508425593
v40_h12,v40_h123,0.0028001999016851187
v40_h12,v40_h126,0.0014000999508425593
v40_h12,v40_h140,0.0028001999016851187
v40_h12,v40_h142,0.0070004998706281185
v40_h12,v40_h169,0.0028001999016851187
v40_h12,v40_h170,0.0014000999508425593
v40_h12,v40_h173,0.0028001999016851187
v40_h12,v40_h174,0.0028001999016851187
v40_h12,v40_h185,0.005600399803370237
v40_h12,v40_h186,0.005600399803370237
v40_h12,v40_h199,0.0014000999508425593
v40_h12,v40_h231,0.0014000999508425593
v40_h13,v40_h6,0.015401000156998634
v40_h13,v40_h7,0.05421900004148483
v40_h13,v40_h9,0.05701899901032448
v40_h13,v40_h11,0.04721900075674057
v40_h13,v40_h24,0.05141900107264519
v40_h13,v40_h35,0.04721900075674057
v40_h13,v40_h39,0.0042003002017736435
v40_h13,v40_h49,0.014000999741256237
v40_h13,v40_h64,0.0014000999508425593
v40_h13,v40_h80,0.0042003002017736435
v40_h13,v40_h89,0.05281899869441986
v40_h13,v40_h96,0.0070004998706281185
v40_h13,v40_h114,0.005600399803370237
v40_h13,v40_h120,0.005600399803370237
v40_h13,v40_h123,0.0028001999016851187
v40_h13,v40_h126,0.0014000999508425593
v40_h13,v40_h140,0.008400600403547287
v40_h13,v40_h142,0.005600399803370237
v40_h13,v40_h169,0.0028001999016851187
v40_h13,v40_h173,0.0042003002017736435
v40_h13,v40_h174,0.009800699539482594
v40_h13,v40_h180,0.0028001999016851187
v40_h13,v40_h185,0.005600399803370237
v40_h13,v40_h186,0.0042003002017736435
v40_h13,v40_h199,0.0014000999508425593
v40_h13,v40_h231,0.0042003002017736435
v40_h14,v40_h6,0.05841900035738945
v40_h14,v40_h7,0.06122000142931938
v40_h14,v40_h9,0.05981900170445442
v40_h14,v40_h11,0.04721900075674057
v40_h14,v40_h24,0.01960100047290325
v40_h14,v40_h35,0.05141900107264519
v40_h14,v40_h39,0.005600399803370237
v40_h14,v40_h49,0.01820099912583828
v40_h14,v40_h64,0.005600399803370237
v40_h14,v40_h89,0.012601000256836414
v40_h14,v40_h96,0.0070004998706281185
v40_h14,v40_h114,0.0070004998706281185
v40_h14,v40_h120,0.0014000999508425593
v40_h14,v40_h123,0.008400600403547287
v40_h14,v40_h126,0.0014000999508425593
v40_h14,v40_h140,0.0070004998706281185
v40_h14,v40_h142,0.011200999841094017
v40_h14,v40_h145,0.0028001999016851187
v40_h14,v40_h152,0.0028001999016851187
v40_h14,v40_h169,0.008400600403547287
v40_h14,v40_h170,0.0028001999016851187
v40_h14,v40_h173,0.0028001999016851187
v40_h14,v40_h174,0.009800699539482594
v40_h14,v40_h185,0.0042003002017736435
v40_h14,v40_h186,0.0028001999016851187
v40_h14,v40_h199,0.0028001999016851187
v40_h14,v40_h231,0.0042003002017736435
v40_h15,v40_h6,0.05141900107264519
v40_h15,v40_h7,0.05281899869441986
v40_h15,v40_h9,0.05281899869441986
v40_h15,v40_h11,0.008400600403547287
v40_h15,v40_h24,0.008400600403547287
v40_h15,v40_h35,0.005600399803370237
v40_h15,v40_h39,0.0028001999016851187
v40_h15,v40_h49,0.0070004998706281185
v40_h15,v40_h64,0.0028001999016851187
v40_h15,v40_h89,0.005600399803370237
v40_h15,v40_h96,0.0028001999016851187
v40_h15,v40_h114,0.0028001999016851187
v40_h15,v40_h120,0.0014000999508425593
v40_h15,v40_h123,0.005600399803370237
v40_h15,v40_h126,0.0028001999016851187
v40_h15,v40_h140,0.0014000999508425593
v40_h15,v40_h142,0.005600399803370237
v40_h15,v40_h145,0.0014000999508425593
v40_h15,v40_h161,0.0014000999508425593
v40_h15,v40_h169,0.0028001999016851187
v40_h15,v40_h173,0.0028001999016851187
v40_h15,v40_h174,0.0042003002017736435
v40_h15,v40_h185,0.0028001999016851187
v40_h15,v40_h186,0.0014000999508425593
v40_h15,v40_h199,0.0014000999508425593
v40_h15,v40_h231,0.0014000999508425593
v40_h16,v40_h6,0.04721900075674057
v40_h16,v40_h7,0.011200999841094017
v40_h16,v40_h9,0.04721900075674057
v40_h16,v40_h11,0.005600399803370237
v40_h16,v40_h24,0.008400600403547287
v40_h16,v40_h35,0.009800699539482594
v40_h16,v40_h39,0.0028001999016851187
v40_h16,v40_h49,0.0070004998706281185
v40_h16,v40_h89,0.008400600403547287
v40_h16,v40_h96,0.0014000999508425593
v40_h16,v40_h114,0.0014000999508425593
v40_h16,v40_h120,0.0014000999508425593
v40_h16,v40_h123,0.0014000999508425593
v40_h16,v40_h142,0.0042003002017736435
v40_h16,v40_h169,0.0014000999508425593
v40_h16,v40_h174,0.0014000999508425593
v40_h16,v40_h186,0.0028001999016851187
v40_h16,v40_h231,0.0028001999016851187
v40_h17,v40_h6,0.05141900107264519
v40_h17,v40_h7,0.050018999725580215
v40_h17,v40_h9,0.05281899869441986
v40_h17,v40_h11,0.008400600403547287
v40_h17,v40_h24,0.0070004998706281185
v40_h17,v40_h35,0.005600399803370237
v40_h17,v40_h39,0.0014000999508425593
v40_h17,v40_h49,0.005600399803370237
v40_h17,v40_h80,0.0014000999508425593
v40_h17,v40_h89,0.005600399803370237
v40_h17,v40_h96,0.0028001999016851187
v40_h17,v40_h120,0.0014000999508425593
v40_h17,v40_h123,0.0028001999016851187
v40_h17,v40_h140,0.0028001999016851187
v40_h17,v40_h142,0.005600399803370237
v40_h17,v40_h169,0.0042003002017736435
v40_h17,v40_h174,0.0014000999508425593
v40_h17,v40_h180,0.0014000999508425593
v40_h17,v40_h185,0.0014000999508425593
v40_h17,v40_h186,0.0014000999508425593
v40_h17,v40_h231,0.0014000999508425593
v40_h18,v40_h6,0.06261999905109406
v40_h18,v40_h7,0.06261999905109406
v40_h18,v40_h9,0.06122000142931938
v40_h18,v40_h11,0.04581800103187561
v40_h18,v40_h24,0.015401000156998634
v40_h18,v40_h35,0.014000999741256237
v40_h18,v40_h39,0.0042003002017736435
v40_h18,v40_h49,0.048618998378515244
v40_h18,v40_h64,0.005600399803370237
v40_h18,v40_h80,0.005600399803370237
v40_h18,v40_h89,0.05281899869441986
v40_h18,v40_h96,0.0070004998706281185
v40_h18,v40_h114,0.005600399803370237
v40_h18,v40_h120,0.008400600403547287
v40_h18,v40_h123,0.009800699539482594
v40_h18,v40_h126,0.0042003002017736435
v40_h18,v40_h140,0.014000999741256237
v40_h18,v40_h142,0.04581800103187561
v40_h18,v40_h145,0.0070004998706281185
v40_h18,v40_h152,0.0014000999508425593
v40_h18,v40_h169,0.048618998378515244
v40_h18,v40_h170,0.0070004998706281185
v40_h18,v40_h173,0.0028001999016851187
v40_h18,v40_h174,0.009800699539482594
v40_h18,v40_h180,0.005600399803370237
v40_h18,v40_h185,0.009800699539482594
v40_h18,v40_h186,0.04581800103187561
v40_h18,v40_h199,0.008400600403547287
v40_h18,v40_h231,0.011200999841094017
v40_h19,v40_h6,0.05281899869441986
v40_h19,v40_h7,0.05421900004148483
v40_h19,v40_h9,0.05141900107264519
v40_h19,v40_h11,0.008400600403547287
v40_h19,v40_h24,0.0042003002017736435
v40_h19,v40_h35,0.0070004998706281185
v40_h19,v40_h39,0.0014000999508425593
v40_h19,v40_h49,0.005600399803370237
v40_h19,v40_h89,0.008400600403547287
v40_h19,v40_h96,0.0014000999508425593
v40_h19,v40_h114,0.0014000999508425593
v40_h19,v40_h120,0.0014000999508425593
v40_h19,v40_h123,0.0028001999016851187
v40_h19,v40_h140,0.0042003002017736435
v40_h19,v40_h142,0.0070004998706281185
v40_h19,v40_h145,0.0014000999508425593
v40_h19,v40_h169,0.04021799936890602
v40_h19,v40_h170,0.0014000999508425593
v40_h19,v40_h174,0.005600399803370237
v40_h19,v40_h180,0.0014000999508425593
v40_h19,v40_h185,0.0028001999016851187
v40_h19,v40_h186,0.0042003002017736435
v40_h19,v40_h199,0.0028001999016851187
v40_h19,v40_h231,0.0042003002017736435
v40_h2,v40_h6,0.0042003002017736435
v40_h2,v40_h7,0.005600399803370237
v40_h2,v40_h9,0.03881800174713135
v40_h2,v40_h11,0.0028001999016851187
v40_h2,v40_h24,0.03881800174713135
v40_h2,v40_h35,0.0014000999508425593
v40_h2,v40_h49,0.0028001999016851187
v40_h2,v40_h89,0.0028001999016851187
v40_h2,v40_h96,0.0014000999508425593
v40_h2,v40_h140,0.0014000999508425593
v40_h2,v40_h142,0.0014000999508425593
v40_h2,v40_h169,0.0014000999508425593
v40_h2,v40_h170,0.0014000999508425593
v40_h2,v40_h173,0.0014000999508425593
v40_h2,v40_h174,0.0014000999508425593
v40_h2,v40_h231,0.0028001999016851187
v40_h21,v40_h6,0.0070004998706281185
v40_h21,v40_h7,0.008400600403547287
v40_h21,v40_h9,0.009800699539482594
v40_h21,v40_h11,0.0042003002017736435
v40_h21,v40_h24,0.05421900004148483
v40_h21,v40_h35,0.05141900107264519
v40_h21,v40_h39,0.005600399803370237
v40_h21,v40_h49,0.01820099912583828
v40_h21,v40_h64,0.0014000999508425593
v40_h21,v40_h80,0.0014000999508425593
v40_h21,v40_h89,0.015401000156998634
v40_h21,v40_h96,0.0042003002017736435
v40_h21,v40_h114,0.0042003002017736435
v40_h21,v40_h123,0.0028001999016851187
v40_h21,v40_h140,0.0028001999016851187
v40_h21,v40_h142,0.0028001999016851187
v40_h21,v40_h152,0.0014000999508425593
v40_h21,v40_h169,0.0070004998706281185
v40_h21,v40_h173,0.0042003002017736435
v40_h21,v40_h174,0.012601000256836414
v40_h21,v40_h185,0.0014000999508425593
v40_h21,v40_h186,0.0014000999508425593
v40_h21,v40_h199,0.0014000999508425593
v40_h21,v40_h231,0.005600399803370237
v40_h22,v40_h6,0.04581800103187561
v40_h22,v40_h7,0.012601000256836414
v40_h22,v40_h9,0.008400600403547287
v40_h22,v40_h11,0.0028001999016851187
v40_h22,v40_h24,0.05701899901032448
v40_h22,v40_h35,0.009800699539482594
v40_h22,v40_h39,0.0042003002017736435
v40_h22,v40_h49,0.016800999641418457
v40_h22,v40_h64,0.0014000999508425593
v40_h22,v40_h89,0.050018999725580215
v40_h22,v40_h96,0.0042003002017736435
v40_h22,v40_h114,0.0028001999016851187
v40_h22,v40_h120,0.0028001999016851187
v40_h22,v40_h123,0.0014000999508425593
v40_h22,v40_h140,0.005600399803370237
v40_h22,v40_h142,0.0042003002017736435
v40_h22,v40_h145,0.0014000999508425593
v40_h22,v40_h169,0.04021799936890602
v40_h22,v40_h170,0.0014000999508425593
v40_h22,v40_h173,0.0042003002017736435
v40_h22,v40_h174,0.009800699539482594
v40_h22,v40_h180,0.0028001999016851187
v40_h22,v40_h185,0.0014000999508425593
v40_h22,v40_h186,0.0042003002017736435
v40_h22,v40_h199,0.0014000999508425593
v40_h22,v40_h231,0.0042003002017736435
v40_h24,v40_h6,0.008400600403547287
v40_h24,v40_h7,0.048618998378515244
v40_h24,v40_h9,0.015401000156998634
v40_h24,v40_h11,0.005600399803370237
v40_h24,v40_h35,0.014000999741256237
v40_h24,v40_h39,0.0042003002017736435
v40_h24,v40_h49,0.01820099912583828
v40_h24,v40_h64,0.0028001999016851187
v40_h24,v40_h80,0.0042003002017736435
v40_h24,v40_h89,0.022401999682188034
v40_h24,v40_h96,0.048618998378515244
v40_h24,v40_h114,0.005600399803370237
v40_h24,v40_h120,0.005600399803370237
v40_h24,v40_h123,0.0028001999016851187
v40_h24,v40_h126,0.008400600403547287
v40_h24,v40_h140,0.009800699539482594
v40_h24,v40_h142,0.0070004998706281185
v40_h24,v40_h161,0.0014000999508425593
v40_h24,v40_h169,0.009800699539482594
v40_h24,v40_h170,0.0028001999016851187
v40_h24,v40_h173,0.04581800103187561
v40_h24,v40_h174,0.050018999725580215
v40_h24,v40_h180,0.005600399803370237
v40_h24,v40_h185,0.009800699539482594
v40_h24,v40_h186,0.005600399803370237
v40_h24,v40_h199,0.0042003002017736435
v40_h24,v40_h231,0.0042003002017736435
v40_h25,v40_h6,0.0028001999016851187
v40_h25,v40_h7,0.0042003002017736435
v40_h25,v40_h9,0.0042003002017736435
v40_h25,v40_h11,0.0014000999508425593
v40_h25,v40_h24,0.050018999725580215
v40_h25,v40_h35,0.0070004998706281185
v40_h25,v40_h39,0.0042003002017736435
v40_h25,v40_h49,0.012601000256836414
v40_h25,v40_h89,0.011200999841094017
v40_h25,v40_h96,0.0042003002017736435
v40_h25,v40_h114,0.0028001999016851187
v40_h25,v40_h120,0.0014000999508425593
v40_h25,v40_h123,0.0028001999016851187
v40_h25,v40_h169,0.0014000999508425593
v40_h25,v40_h173,0.0028001999016851187
v40_h25,v40_h174,0.0070004998706281185
v40_h25,v40_h231,0.0042003002017736435
v40_h26,v40_h6,0.011200999841094017
v40_h26,v40_h7,0.04441799968481064
v40_h26,v40_h9,0.011200999841094017
v40_h26,v40_h11,0.0042003002017736435
v40_h26,v40_h24,0.05701899901032448
v40_h26,v40_h35,0.04721900075674057
v40_h26,v40_h39,0.0028001999016851187
v40_h26,v40_h49,0.05141900107264519
v40_h26,v40_h64,0.0070004998706281185
v40_h26,v40_h80,0.0028001999016851187
v40_h26,v40_h89,0.050018999725580215
v40_h26,v40_h96,0.0070004998706281185
v40_h26,v40_h114,0.043017998337745667
v40_h26,v40_h120,0.0028001999016851187
v40_h26,v40_h140,0.005600399803370237
v40_h26,v40_h142,0.0028001999016851187
v40_h26,v40_h169,0.0042003002017736435
v40_h26,v40_h173,0.005600399803370237
v40_h26,v40_h174,0.009800699539482594
v40_h26,v40_h180,0.0028001999016851187
v40_h26,v40_h185,0.0028001999016851187
v40_h26,v40_h186,0.0014000999508425593
v40_h26,v40_h199,0.0014000999508425593
v40_h26,v40_h231,0.0028001999016851187
v40_h27,v40_h6,0.011200999841094017
v40_h27,v40_h7,0.011200999841094017
v40_h27,v40_h9,0.043017998337745667
v40_h27,v40_h11,0.005600399803370237
v40_h27,v40_h24,0.06122000142931938
v40_h27,v40_h35,0.05141900107264519
v40_h27,v40_h39,0.005600399803370237
v40_h27,v40_h49,0.05701899901032448
v40_h27,v40_h64,0.0042003002017736435
v40_h27,v40_h80,0.0042003002017736435
v40_h27,v40_h89,0.016800999641418457
v40_h27,v40_h96,0.0070004998706281185
v40_h27,v40_h114,0.005600399803370237
v40_h27,v40_h120,0.0028001999016851187
v40_h27,v40_h123,0.0014000999508425593
v40_h27,v40_h140,0.008400600403547287
v40_h27,v40_h142,0.005600399803370237
v40_h27,v40_h161,0.0014000999508425593
v40_h27,v40_h169,0.005600399803370237
v40_h27,v40_h170,0.0014000999508425593
v40_h27,v40_h173,0.04581800103187561
v40_h27,v40_h174,0.05141900107264519
v40_h27,v40_h180,0.0028001999016851187
v40_h27,v40_h185,0.005600399803370237
v40_h27,v40_h186,0.0014000999508425593
v40_h27,v40_h199,0.0028001999016851187
v40_h27,v40_h231,0.011200999841094017
v40_h29,v40_h6,0.005600399803370237
v40_h29,v40_h7,0.0070004998706281185
v40_h29,v40_h9,0.009800699539482594
v40_h29,v40_h11,0.005600399803370237
v40_h29,v40_h24,0.05421900004148483
v40_h29,v40_h35,0.008400600403547287
v40_h29,v40_h39,0.0014000999508425593
v40_h29,v40_h49,0.04721900075674057
v40_h29,v40_h64,0.0028001999016851187
v40_h29,v40_h80,0.0014000999508425593
v40_h29,v40_h89,0.048618998378515244
v40_h29,v40_h96,0.0028001999016851187
v40_h29,v40_h114,0.0028001999016851187
v40_h29,v40_h120,0.0028001999016851187
v40_h29,v40_h123,0.0014000999508425593
v40_h29,v40_h126,0.0014000999508425593
v40_h29,v40_h140,0.0028001999016851187
v40_h29,v40_h152,0.0014000999508425593
v40_h29,v40_h169,0.0042003002017736435
v40_h29,v40_h173,0.0028001999016851187
v40_h29,v40_h174,0.005600399803370237
v40_h29,v40_h180,0.0028001999016851187
v40_h29,v40_h185,0.0028001999016851187
v40_h29,v40_h186,0.0014000999508425593
v40_h29,v40_h231,0.0042003002017736435
v40_h3,v40_h6,0.055619001388549805
v40_h3,v40_h7,0.05701899901032448
v40_h3,v40_h9,0.01820099912583828
v40_h3,v40_h11,0.04441799968481064
v40_h3,v40_h24,0.015401000156998634
v40_h3,v40_h35,0.015401000156998634
v40_h3,v40_h39,0.0028001999016851187
v40_h3,v40_h49,0.011200999841094017
v40_h3,v40_h64,0.0042003002017736435
v40_h3,v40_h80,0.0028001999016851187
v40_h3,v40_h89,0.014000999741256237
v40_h3,v40_h96,0.0014000999508425593
v40_h3,v40_h114,0.0028001999016851187
v40_h3,v40_h120,0.0042003002017736435
v40_h3,v40_h123,0.0070004998706281185
v40_h3,v40_h126,0.0014000999508425593
v40_h3,v40_h140,0.05141900107264519
v40_h3,v40_h142,0.011200999841094017
v40_h3,v40_h145,0.005600399803370237
v40_h3,v40_h152,0.0014000999508425593
v40_h3,v40_h161,0.0028001999016851187
v40_h3,v40_h169,0.016800999641418457
v40_h3,v40_h170,0.005600399803370237
v40_h3,v40_h173,0.011200999841094017
v40_h3,v40_h174,0.016800999641418457
v40_h3,v40_h180,0.0070004998706281185
v40_h3,v40_h185,0.009800699539482594
v40_h3,v40_h186,0.009800699539482594
v40_h3,v40_h199,0.011200999841094017
v40_h3,v40_h231,0.009800699539482594
v40_h31,v40_h6,0.014000999741256237
v40_h31,v40_h7,0.014000999741256237
v40_h31,v40_h9,0.014000999741256237
v40_h31,v40_h11,0.0070004998706281185
v40_h31,v40_h24,0.01960100047290325
v40_h31,v40_h35,0.05141900107264519
v40_h31,v40_h39,0.008400600403547287
v40_h31,v40_h49,0.022401999682188034
v40_h31,v40_h64,0.0028001999016851187
v40_h31,v40_h80,0.0014000999508425593
v40_h31,v40_h89,0.014000999741256237
v40_h31,v40_h96,0.0042003002017736435
v40_h31,v40_h114,0.0028001999016851187
v40_h31,v40_h120,0.0014000999508425593
v40_h31,v40_h123,0.005600399803370237
v40_h31,v40_h126,0.0014000999508425593
v40_h31,v40_h140,0.0028001999016851187
v40_h31,v40_h142,0.005600399803370237
v40_h31,v40_h145,0.0028001999016851187
v40_h31,v40_h152,0.0028001999016851187
v40_h31,v40_h161,0.0014000999508425593
v40_h31,v40_h169,0.0070004998706281185
v40_h31,v40_h170,0.0014000999508425593
v40_h31,v40_h173,0.0028001999016851187
v40_h31,v40_h174,0.011200999841094017
v40_h31,v40_h180,0.0014000999508425593
v40_h31,v40_h185,0.005600399803370237
v40_h31,v40_h186,0.005600399803370237
v40_h31,v40_h199,0.0028001999016851187
v40_h31,v40_h231,0.043017998337745667
v40_h32,v40_h6,0.005600399803370237
v40_h32,v40_h7,0.005600399803370237
v40_h32,v40_h9,0.005600399803370237
v40_h32,v40_h11,0.0014000999508425593
v40_h32,v40_h24,0.0070004998706281185
v40_h32,v40_h35,0.005600399803370237
v40_h32,v40_h39,0.0014000999508425593
v40_h32,v40_h49,0.008400600403547287
v40_h32,v40_h89,0.008400600403547287
v40_h32,v40_h114,0.0014000999508425593
v40_h32,v40_h142,0.0014000999508425593
v40_h32,v40_h169,0.005600399803370237
v40_h32,v40_h173,0.0014000999508425593
v40_h32,v40_h174,0.0042003002017736435
v40_h32,v40_h186,0.0014000999508425593
v40_h32,v40_h231,0.0028001999016851187
v40_h35,v40_h6,0.0070004998706281185
v40_h35,v40_h7,0.011200999841094017
v40_h35,v40_h9,0.011200999841094017
v40_h35,v40_h11,0.0042003002017736435
v40_h35,v40_h24,0.014000999741256237
v40_h35,v40_h39,0.0042003002017736435
v40_h35,v40_h49,0.012601000256836414
v40_h35,v40_h80,0.0014000999508425593
v40_h35,v40_h89,0.009800699539482594
v40_h35,v40_h96,0.0042003002017736435
v40_h35,v40_h114,0.0070004998706281185
v40_h35,v40_h120,0.0070004998706281185
v40_h35,v40_h123,0.0042003002017736435
v40_h35,v40_h126,0.0028001999016851187
v40_h35,v40_h140,0.005600399803370237
v40_h35,v40_h142,0.0014000999508425593
v40_h35,v40_h145,0.0014000999508425593
v40_h35,v40_h169,0.0070004998706281185
v40_h35,v40_h173,0.0028001999016851187
v40_h35,v40_h174,0.011200999841094017
v40_h35,v40_h180,0.0014000999508425593
v40_h35,v40_h185,0.0042003002017736435
v40_h35,v40_h186,0.0042003002017736435
v40_h35,v40_h199,0.0028001999016851187
v40_h35,v40_h231,0.0070004998706281185
v40_h4,v40_h6,0.005600399803370237
v40_h4,v40_h7,0.008400600403547287
v40_h4,v40_h9,0.005600399803370237
v40_h4,v40_h11,0.0028001999016851187
v40_h4,v40_h24,0.0014000999508425593
v40_h4,v40_h35,0.04161800071597099
v40_h4,v40_h49,0.0042003002017736435
v40_h4,v40_h64,0.0014000999508425593
v40_h4,v40_h80,0.0014000999508425593
v40_h4,v40_h89,0.005600399803370237
v40_h4,v40_h96,0.0014000999508425593
v40_h4,v40_h114,0.0014000999508425593
v40_h4,v40_h120,0.037418000400066376
v40_h4,v40_h123,0.0014000999508425593
v40_h4,v40_h126,0.0014000999508425593
v40_h4,v40_h140,0.0014000999508425593
v40_h4,v40_h169,0.0014000999508425593
v40_h4,v40_h174,0.0028001999016851187
v40_h4,v40_h231,0.0042003002017736435
v40_h40,v40_h6,0.043017998337745667
v40_h40,v40_h7,0.0070004998706281185
v40_h40,v40_h9,0.0042003002017736435
v40_h40,v40_h11,0.0014000999508425593
v40_h40,v40_h24,0.0042003002017736435
v40_h40,v40_h35,0.0042003002017736435
v40_h40,v40_h39,0.04441799968481064
v40_h40,v40_h49,0.005600399803370237
v40_h40,v40_h64,0.0014000999508425593
v40_h40,v40_h89,0.0028001999016851187
v40_h40,v40_h96,0.0014000999508425593
v40_h40,v40_h114,0.0014000999508425593
v40_h40,v40_h123,0.0014000999508425593
v40_h40,v40_h140,0.0028001999016851187
v40_h40,v40_h142,0.0042003002017736435
v40_h40,v40_h169,0.0042003002017736435
v40_h40,v40_h173,0.0014000999508425593
v40_h40,v40_h174,0.0042003002017736435
v40_h40,v40_h185,0.0014000999508425593
v40_h40,v40_h186,0.0014000999508425593
v40_h40,v40_h199,0.0014000999508425593
v40_h40,v40_h231,0.0028001999016851187
v40_h41,v40_h6,0.0042003002017736435
v40_h41,v40_h9,0.0014000999508425593
v40_h41,v40_h24,0.0028001999016851187
v40_h41,v40_h35,0.0042003002017736435
v40_h41,v40_h39,0.04581800103187561
v40_h41,v40_h49,0.005600399803370237
v40_h41,v40_h64,0.0014000999508425593
v40_h41,v40_h80,0.0028001999016851187
v40_h41,v40_h89,0.0014000999508425593
v40_h41,v40_h96,0.0014000999508425593
v40_h41,v40_h114,0.0042003002017736435
v40_h41,v40_h120,0.0028001999016851187
v40_h41,v40_h123,0.0028001999016851187
v40_h41,v40_h126,0.0028001999016851187
v40_h41,v40_h140,0.0028001999016851187
v40_h41,v40_h142,0.0014000999508425593
v40_h41,v40_h145,0.0028001999016851187
v40_h41,v40_h169,0.0042003002017736435
v40_h41,v40_h170,0.0014000999508425593
v40_h41,v40_h173,0.0028001999016851187
v40_h41,v40_h174,0.0042003002017736435
v40_h41,v40_h180,0.0014000999508425593
v40_h41,v40_h185,0.0014000999508425593
v40_h41,v40_h186,0.0028001999016851187
v40_h41,v40_h199,0.0014000999508425593
v40_h41,v40_h231,0.0042003002017736435
v40_h42,v40_h6,0.0042003002017736435
v40_h42,v40_h7,0.0070004998706281185
v40_h42,v40_h9,0.0028001999016851187
v40_h42,v40_h24,0.012601000256836414
v40_h42,v40_h35,0.008400600403547287
v40_h42,v40_h39,0.050018999725580215
v40_h42,v40_h49,0.050018999725580215
v40_h42,v40_h64,0.005600399803370237
v40_h42,v40_h89,0.009800699539482594
v40_h42,v40_h96,0.0042003002017736435
v40_h42,v40_h114,0.0014000999508425593
v40_h42,v40_h120,0.0028001999016851187
v40_h42,v40_h140,0.0042003002017736435
v40_h42,v40_h142,0.0042003002017736435
v40_h42,v40_h152,0.0014000999508425593
v40_h42,v40_h161,0.0028001999016851187
v40_h42,v40_h169,0.0028001999016851187
v40_h42,v40_h173,0.0014000999508425593
v40_h42,v40_h174,0.0070004998706281185
v40_h42,v40_h185,0.0014000999508425593
v40_h42,v40_h186,0.0014000999508425593
v40_h42,v40_h199,0.0014000999508425593
v40_h42,v40_h231,0.048618998378515244
v40_h43,v40_h6,0.005600399803370237
v40_h43,v40_h7,0.0042003002017736435
v40_h43,v40_h9,0.0042003002017736435
v40_h43,v40_h11,0.0042003002017736435
v40_h43,v40_h24,0.014000999741256237
v40_h43,v40_h35,0.009800699539482594
v40_h43,v40_h39,0.0070004998706281185
v40_h43,v40_h49,0.014000999741256237
v40_h43,v40_h64,0.0014000999508425593
v40_h43,v40_h89,0.0070004998706281185
v40_h43,v40_h96,0.0042003002017736435
v40_h43,v40_h114,0.0042003002017736435
v40_h43,v40_h120,0.0014000999508425593
v40_h43,v40_h123,0.0028001999016851187
v40_h43,v40_h140,0.0014000999508425593
v40_h43,v40_h142,0.0014000999508425593
v40_h43,v40_h152,0.0014000999508425593
v40_h43,v40_h169,0.0028001999016851187
v40_h43,v40_h173,0.0028001999016851187
v40_h43,v40_h174,0.005600399803370237
v40_h43,v40_h185,0.0014000999508425593
v40_h43,v40_h199,0.0014000999508425593
v40_h43,v40_h231,0.0042003002017736435
v40_h44,v40_h6,0.0042003002017736435
v40_h44,v40_h7,0.005600399803370237
v40_h44,v40_h9,0.008400600403547287
v40_h44,v40_h11,0.0014000999508425593
v40_h44,v40_h24,0.014000999741256237
v40_h44,v40_h35,0.011200999841094017
v40_h44,v40_h39,0.04721900075674057
v40_h44,v40_h49,0.055619001388549805
v40_h44,v40_h64,0.005600399803370237
v40_h44,v40_h80,0.0014000999508425593
v40_h44,v40_h89,0.005600399803370237
v40_h44,v40_h96,0.008400600403547287
v40_h44,v40_h114,0.0014000999508425593
v40_h44,v40_h120,0.0028001999016851187
v40_h44,v40_h123,0.0014000999508425593
v40_h44,v40_h140,0.005600399803370237
v40_h44,v40_h142,0.0028001999016851187
v40_h44,v40_h152,0.0014000999508425593
v40_h44,v40_h169,0.0042003002017736435
v40_h44,v40_h170,0.0014000999508425593
v40_h44,v40_h173,0.0070004998706281185
v40_h44,v40_h174,0.04441799968481064
v40_h44,v40_h185,0.0042003002017736435
v40_h44,v40_h199,0.0042003002017736435
v40_h44,v40_h231,0.0042003002017736435
v40_h45,v40_h6,0.005600399803370237
v40_h45,v40_h7,0.0028001999016851187
v40_h45,v40_h9,0.0042003002017736435
v40_h45,v40_h11,0.0014000999508425593
v40_h45,v40_h24,0.008400600403547287
v40_h45,v40_h35,0.008400600403547287
v40_h45,v40_h39,0.050018999725580215
v40_h45,v40_h49,0.014000999741256237
v40_h45,v40_h64,0.0014000999508425593
v40_h45,v40_h80,0.0014000999508425593
v40_h45,v40_h89,0.0028001999016851187
v40_h45,v40_h96,0.0070004998706281185
v40_h45,v40_h114,0.0028001999016851187
v40_h45,v40_h120,0.0028001999016851187
v40_h45,v40_h123,0.0042003002017736435
v40_h45,v40_h126,0.0014000999508425593
v40_h45,v40_h140,0.0070004998706281185
v40_h45,v40_h142,0.005600399803370237
v40_h45,v40_h145,0.0014000999508425593
v40_h45,v40_h169,0.0042003002017736435
v40_h45,v40_h170,0.0014000999508425593
v40_h45,v40_h173,0.0042003002017736435
v40_h45,v40_h174,0.005600399803370237
v40_h45,v40_h180,0.0014000999508425593
v40_h45,v40_h185,0.005600399803370237
v40_h45,v40_h186,0.0014000999508425593
v40_h45,v40_h199,0.0014000999508425593
v40_h45,v40_h231,0.0028001999016851187
v40_h46,v40_h6,0.012601000256836414
v40_h46,v40_h7,0.015401000156998634
v40_h46,v40_h9,0.012601000256836414
v40_h46,v40_h11,0.0070004998706281185
v40_h46,v40_h24,0.055619001388549805
v40_h46,v40_h35,0.012601000256836414
v40_h46,v40_h39,0.009800699539482594
v40_h46,v40_h49,0.05981900170445442
v40_h46,v40_h64,0.0070004998706281185
v40_h46,v40_h80,0.005600399803370237
v40_h46,v40_h89,0.012601000256836414
v40_h46,v40_h96,0.014000999741256237
v40_h46,v40_h114,0.0070004998706281185
v40_h46,v40_h120,0.005600399803370237
v40_h46,v40_h123,0.0070004998706281185
v40_h46,v40_h126,0.005600399803370237
v40_h46,v40_h140,0.011200999841094017
v40_h46,v40_h142,0.0070004998706281185
v40_h46,v40_h152,0.0014000999508425593
v40_h46,v40_h161,0.0014000999508425593
v40_h46,v40_h169,0.0070004998706281185
v40_h46,v40_h173,0.043017998337745667
v40_h46,v40_h174,0.015401000156998634
v40_h46,v40_h180,0.0028001999016851187
v40_h46,v40_h185,0.009800699539482594
v40_h46,v40_h186,0.0014000999508425593
v40_h46,v40_h199,0.0028001999016851187
v40_h46,v40_h231,0.0042003002017736435
v40_h48,v40_h6,0.011200999841094017
v40_h48,v40_h7,0.015401000156998634
v40_h48,v40_h9,0.04441799968481064
v40_h48,v40_h11,0.0070004998706281185
v40_h48,v40_h24,0.06122000142931938
v40_h48,v40_h35,0.05421900004148483
v40_h48,v40_h39,0.04721900075674057
v40_h48,v40_h49,0.05981900170445442
v40_h48,v40_h64,0.0070004998706281185
v40_h48,v40_h80,0.0070004998706281185
v40_h48,v40_h89,0.01820099912583828
v40_h48,v40_h96,0.050018999725580215
v40_h48,v40_h114,0.0042003002017736435
v40_h48,v40_h120,0.008400600403547287
v40_h48,v40_h123,0.04021799936890602
v40_h48,v40_h126,0.0070004998706281185
v40_h48,v40_h140,0.012601000256836414
v40_h48,v40_h142,0.012601000256836414
v40_h48,v40_h145,0.0028001999016851187
v40_h48,v40_h152,0.0028001999016851187
v40_h48,v40_h161,0.0014000999508425593
v40_h48,v40_h169,0.0070004998706281185
v40_h48,v40_h173,0.0070004998706281185
v40_h48,v40_h174,0.014000999741256237
v40_h48,v40_h185,0.008400600403547287
v40_h48,v40_h186,0.0070004998706281185
v40_h48,v40_h199,0.0042003002017736435
v40_h48,v40_h231,0.014000999741256237
v40_h49,v40_h6,0.008400600403547287
v40_h49,v40_h7,0.012601000256836414
v40_h49,v40_h9,0.014000999741256237
v40_h49,v40_h11,0.005600399803370237
v40_h49,v40_h24,0.01820099912583828
v40_h49,v40_h35,0.012601000256836414
v40_h49,v40_h39,0.009800699539482594
v40_h49,v40_h64,0.04441799968481064
v40_h49,v40_h80,0.0042003002017736435
v40_h49,v40_h89,0.022401999682188034
v40_h49,v40_h96,0.048618998378515244
v40_h49,v40_h114,0.011200999841094017
v40_h49,v40_h120,0.0070004998706281185
v40_h49,v40_h123,0.005600399803370237
v40_h49,v40_h126,0.0028001999016851187
v40_h49,v40_h140,0.0070004998706281185
v40_h49,v40_h142,0.0070004998706281185
v40_h49,v40_h152,0.0028001999016851187
v40_h49,v40_h161,0.0014000999508425593
v40_h49,v40_h169,0.0042003002017736435
v40_h49,v40_h173,0.0042003002017736435
v40_h49,v40_h174,0.009800699539482594
v40_h49,v40_h180,0.0014000999508425593
v40_h49,v40_h185,0.0070004998706281185
v40_h49,v40_h186,0.0042003002017736435
v40_h49,v40_h199,0.0014000999508425593
v40_h49,v40_h231,0.008400600403547287
v40_h5,v40_h6,0.014000999741256237
v40_h5,v40_h7,0.04581800103187561
v40_h5,v40_h9,0.050018999725580215
v40_h5,v40_h11,0.005600399803370237
v40_h5,v40_h24,0.009800699539482594
v40_h5,v40_h35,0.008400600403547287
v40_h5,v40_h49,0.050018999725580215
v40_h5,v40_h64,0.005600399803370237
v40_h5,v40_h80,0.0028001999016851187
v40_h5,v40_h89,0.05141900107264519
v40_h5,v40_h96,0.0042003002017736435
v40_h5,v40_h114,0.0042003002017736435
v40_h5,v40_h120,0.0070004998706281185
v40_h5,v40_h123,0.0014000999508425593
v40_h5,v40_h126,0.0014000999508425593
v40_h5,v40_h140,0.008400600403547287
v40_h5,v40_h142,0.008400600403547287
v40_h5,v40_h145,0.0028001999016851187
v40_h5,v40_h169,0.008400600403547287
v40_h5,v40_h173,0.0042003002017736435
v40_h5,v40_h174,0.008400600403547287
v40_h5,v40_h180,0.0028001999016851187
v40_h5,v40_h185,0.0070004998706281185
v40_h5,v40_h186,0.0070004998706281185
v40_h5,v40_h199,0.0028001999016851187
v40_h5,v40_h231,0.005600399803370237
v40_h50,v40_h6,0.009800699539482594
v40_h50,v40_h7,0.009800699539482594
v40_h50,v40_h9,0.011200999841094017
v40_h50,v40_h11,0.0042003002017736435
v40_h50,v40_h24,0.015401000156998634
v40_h50,v40_h35,0.012601000256836414
v40_h50,v40_h39,0.043017998337745667
v40_h50,v40_h49,0.05421900004148483
v40_h50,v40_h64,0.0042003002017736435
v40_h50,v40_h80,0.0042003002017736435
v40_h50,v40_h89,0.009800699539482594
v40_h50,v40_h96,0.011200999841094017
v40_h50,v40_h114,0.005600399803370237
v40_h50,v40_h120,0.008400600403547287
v40_h50,v40_h123,0.04161800071597099
v40_h50,v40_h126,0.0014000999508425593
v40_h50,v40_h140,0.008400600403547287
v40_h50,v40_h142,0.005600399803370237
v40_h50,v40_h145,0.0014000999508425593
v40_h50,v40_h152,0.0014000999508425593
v40_h50,v40_h169,0.005600399803370237
v40_h50,v40_h170,0.0028001999016851187
v40_h50,v40_h173,0.005600399803370237
v40_h50,v40_h174,0.0070004998706281185
v40_h50,v40_h180,0.0028001999016851187
v40_h50,v40_h185,0.04441799968481064
v40_h50,v40_h186,0.0070004998706281185
v40_h50,v40_h199,0.005600399803370237
v40_h50,v40_h231,0.008400600403547287
v40_h54,v40_h6,0.0028001999016851187
v40_h54,v40_h7,0.0070004998706281185
v40_h54,v40_h9,0.0028001999016851187
v40_h54,v40_h11,0.0028001999016851187
v40_h54,v40_h24,0.04161800071597099
v40_h54,v40_h35,0.0028001999016851187
v40_h54,v40_h39,0.0014000999508425593
v40_h54,v40_h49,0.0042003002017736435
v40_h54,v40_h64,0.0070004998706281185
v40_h54,v40_h80,0.04441799968481064
v40_h54,v40_h89,0.0070004998706281185
v40_h54,v40_h96,0.0014000999508425593
v40_h54,v40_h114,0.0042003002017736435
v40_h54,v40_h120,0.0070004998706281185
v40_h54,v40_h123,0.0014000999508425593
v40_h54,v40_h126,0.0070004998706281185
v40_h54,v40_h140,0.0014000999508425593
v40_h54,v40_h152,0.0014000999508425593
v40_h54,v40_h170,0.0014000999508425593
v40_h54,v40_h173,0.0014000999508425593
v40_h54,v40_h174,0.0028001999016851187
v40_h54,v40_h185,0.0014000999508425593
v40_h54,v40_h186,0.0028001999016851187
v40_h54,v40_h231,0.005600399803370237
v40_h55,v40_h6,0.0070004998706281185
v40_h55,v40_h7,0.04721900075674057
v40_h55,v40_h9,0.009800699539482594
v40_h55,v40_h11,0.0028001999016851187
v40_h55,v40_h24,0.014000999741256237
v40_h55,v40_h35,0.009800699539482594
v40_h55,v40_h39,0.0042003002017736435
v40_h55,v40_h49,0.05421900004148483
v40_h55,v40_h64,0.014000999741256237
v40_h55,v40_h80,0.016800999641418457
v40_h55,v40_h89,0.012601000256836414
v40_h55,v40_h96,0.008400600403547287
v40_h55,v40_h114,0.021000999957323074
v40_h55,v40_h120,0.01820099912583828
v40_h55,v40_h123,0.011200999841094017
v40_h55,v40_h126,0.01820099912583828
v40_h55,v40_h140,0.0070004998706281185
v40_h55,v40_h142,0.0042003002017736435
v40_h55,v40_h145,0.0028001999016851187
v40_h55,v40_h152,0.03881800174713135
v40_h55,v40_h161,0.0028001999016851187
v40_h55,v40_h169,0.005600399803370237
v40_h55,v40_h170,0.0014000999508425593
v40_h55,v40_h173,0.0028001999016851187
v40_h55,v40_h174,0.0042003002017736435
v40_h55,v40_h185,0.0070004998706281185
v40_h55,v40_h186,0.0014000999508425593
v40_h55,v40_h199,0.0042003002017736435
v40_h55,v40_h231,0.009800699539482594
v40_h56,v40_h6,0.0042003002017736435
v40_h56,v40_h7,0.0042003002017736435
v40_h56,v40_h9,0.0028001999016851187
v40_h56,v40_h11,0.0014000999508425593
v40_h56,v40_h24,0.0042003002017736435
v40_h56,v40_h35,0.005600399803370237
v40_h56,v40_h49,0.0042003002017736435
v40_h56,v40_h64,0.0042003002017736435
v40_h56,v40_h80,0.04581800103187561
v40_h56,v40_h89,0.04581800103187561
v40_h56,v40_h114,0.008400600403547287
v40_h56,v40_h120,0.009800699539482594
v40_h56,v40_h123,0.005600399803370237
v40_h56,v40_h126,0.009800699539482594
v40_h56,v40_h140,0.04021799936890602
v40_h56,v40_h142,0.0042003002017736435
v40_h56,v40_h145,0.0014000999508425593
v40_h56,v40_h152,0.0014000999508425593
v40_h56,v40_h161,0.0014000999508425593
v40_h56,v40_h169,0.0042003002017736435
v40_h56,v40_h170,0.0028001999016851187
v40_h56,v40_h173,0.0014000999508425593
v40_h56,v40_h174,0.0070004998706281185
v40_h56,v40_h180,0.0028001999016851187
v40_h56,v40_h185,0.0014000999508425593
v40_h56,v40_h186,0.0042003002017736435
v40_h56,v40_h199,0.0028001999016851187
v40_h56,v40_h231,0.005600399803370237
v40_h57,v40_h6,0.0042003002017736435
v40_h57,v40_h7,0.008400600403547287
v40_h57,v40_h9,0.0070004998706281185
v40_h57,v40_h11,0.0028001999016851187
v40_h57,v40_h24,0.009800699539482594
v40_h57,v40_h35,0.009800699539482594
v40_h57,v40_h39,0.0042003002017736435
v40_h57,v40_h49,0.014000999741256237
v40_h57,v40_h64,0.008400600403547287
v40_h57,v40_h80,0.016800999641418457
v40_h57,v40_h89,0.014000999741256237
v40_h57,v40_h96,0.005600399803370237
v40_h57,v40_h114,0.016800999641418457
v40_h57,v40_h120,0.01820099912583828
v40_h57,v40_h123,0.005600399803370237
v40_h57,v40_h126,0.012601000256836414
v40_h57,v40_h140,0.008400600403547287
v40_h57,v40_h142,0.0028001999016851187
v40_h57,v40_h152,0.0070004998706281185
v40_h57,v40_h169,0.0014000999508425593
v40_h57,v40_h170,0.0014000999508425593
v40_h57,v40_h173,0.0042003002017736435
v40_h57,v40_h174,0.009800699539482594
v40_h57,v40_h185,0.005600399803370237
v40_h57,v40_h186,0.0014000999508425593
v40_h57,v40_h199,0.0014000999508425593
v40_h57,v40_h231,0.0070004998706281185
v40_h58,v40_h7,0.0042003002017736435
v40_h58,v40_h9,0.0042003002017736435
v40_h58,v40_h24,0.0028001999016851187
v40_h58,v40_h35,0.0014000999508425593
v40_h58,v40_h39,0.0014000999508425593
v40_h58,v40_h49,0.005600399803370237
v40_h58,v40_h64,0.0028001999016851187
v40_h58,v40_h80,0.0042003002017736435
v40_h58,v40_h89,0.005600399803370237
v40_h58,v40_h96,0.0014000999508425593
v40_h58,v40_h114,0.005600399803370237
v40_h58,v40_h120,0.0042003002017736435
v40_h58,v40_h123,0.0014000999508425593
v40_h58,v40_h126,0.0028001999016851187
v40_h58,v40_h140,0.0014000999508425593
v40_h58,v40_h142,0.0014000999508425593
v40_h58,v40_h145,0.0014000999508425593
v40_h58,v40_h152,0.0028001999016851187
v40_h58,v40_h161,0.0042003002017736435
v40_h58,v40_h169,0.0014000999508425593
v40_h58,v40_h170,0.037418000400066376
v40_h58,v40_h174,0.0014000999508425593
v40_h58,v40_h185,0.0042003002017736435
v40_h58,v40_h186,0.0014000999508425593
v40_h58,v40_h231,0.03881800174713135
v40_h59,v40_h7,0.005600399803370237
v40_h59,v40_h9,0.0042003002017736435
v40_h59,v40_h24,0.0042003002017736435
v40_h59,v40_h35,0.0014000999508425593
v40_h59,v40_h49,0.0042003002017736435
v40_h59,v40_h64,0.012601000256836414
v40_h59,v40_h80,0.05281899869441986
v40_h59,v40_h89,0.009800699539482594
v40_h59,v40_h96,0.0014000999508425593
v40_h59,v40_h114,0.048618998378515244
v40_h59,v40_h120,0.016800999641418457
v40_h59,v40_h123,0.005600399803370237
v40_h59,v40_h126,0.015401000156998634
v40_h59,v40_h140,0.0042003002017736435
v40_h59,v40_h142,0.0014000999508425593
v40_h59,v40_h145,0.0028001999016851187
v40_h59,v40_h152,0.0028001999016851187
v40_h59,v40_h161,0.005600399803370237
v40_h59,v40_h169,0.0028001999016851187
v40_h59,v40_h170,0.0014000999508425593
v40_h59,v40_h174,0.0042003002017736435
v40_h59,v40_h185,0.0028001999016851187
v40_h59,v40_h231,0.0028001999016851187
v40_h6,v40_h7,0.055619001388549805
v40_h6,v40_h9,0.05421900004148483
v40_h6,v40_h11,0.009800699539482594
v40_h6,v40_h24,0.008400600403547287
v40_h6,v40_h35,0.0070004998706281185
v40_h6,v40_h39,0.0042003002017736435
v40_h6,v40_h49,0.008400600403547287
v40_h6,v40_h64,0.0028001999016851187
v40_h6,v40_h80,0.0014000999508425593
v40_h6,v40_h89,0.009800699539482594
v40_h6,v40_h96,0.0028001999016851187
v40_h6,v40_h114,0.0014000999508425593
v40_h6,v40_h120,0.0014000999508425593
v40_h6,v40_h123,0.043017998337745667
v40_h6,v40_h126,0.0014000999508425593
v40_h6,v40_h140,0.008400600403547287
v40_h6,v40_h142,0.048618998378515244
v40_h6,v40_h145,0.0028001999016851187
v40_h6,v40_h169,0.012601000256836414
v40_h6,v40_h170,0.005600399803370237
v40_h6,v40_h173,0.0042003002017736435
v40_h6,v40_h174,0.009800699539482594
v40_h6,v40_h180,0.0028001999016851187
v40_h6,v40_h185,0.0042003002017736435
v40_h6,v40_h186,0.0070004998706281185
v40_h6,v40_h199,0.0028001999016851187
v40_h6,v40_h231,0.0042003002017736435
v40_h60,v40_h7,0.0014000999508425593
v40_h60,v40_h9,0.0014000999508425593
v40_h60,v40_h64,0.0028001999016851187
v40_h60,v40_h80,0.048618998378515244
v40_h60,v40_h89,0.0014000999508425593
v40_h60,v40_h114,0.0042003002017736435
v40_h60,v40_h120,0.008400600403547287
v40_h60,v40_h123,0.0028001999016851187
v40_h60,v40_h126,0.0042003002017736435
v40_h60,v40_h145,0.0014000999508425593
v40_h60,v40_h185,0.0014000999508425593
v40_h61,v40_h7,0.005600399803370237
v40_h61,v40_h9,0.0042003002017736435
v40_h61,v40_h24,0.0070004998706281185
v40_h61,v40_h35,0.0042003002017736435
v40_h61,v40_h49,0.009800699539482594
v40_h61,v40_h64,0.043017998337745667
v40_h61,v40_h80,0.048618998378515244
v40_h61,v40_h89,0.0042003002017736435
v40_h61,v40_h96,0.0014000999508425593
v40_h61,v40_h114,0.04441799968481064
v40_h61,v40_h120,0.0042003002017736435
v40_h61,v40_h126,0.0028001999016851187
v40_h61,v40_h140,0.0014000999508425593
v40_h61,v40_h142,0.0014000999508425593
v40_h61,v40_h152,0.0014000999508425593
v40_h61,v40_h161,0.0014000999508425593
v40_h61,v40_h169,0.0028001999016851187
v40_h61,v40_h170,0.0014000999508425593
v40_h61,v40_h173,0.0014000999508425593
v40_h61,v40_h174,0.0042003002017736435
v40_h61,v40_h180,0.0014000999508425593
v40_h61,v40_h185,0.0028001999016851187
v40_h61,v40_h186,0.0014000999508425593
v40_h61,v40_h199,0.0014000999508425593
v40_h61,v40_h231,0.0028001999016851187
v40_h62,v40_h6,0.0028001999016851187
v40_h62,v40_h7,0.043017998337745667
v40_h62,v40_h9,0.04021799936890602
v40_h62,v40_h11,0.0014000999508425593
v40_h62,v40_h24,0.0070004998706281185
v40_h62,v40_h35,0.0028001999016851187
v40_h62,v40_h49,0.0070004998706281185
v40_h62,v40_h64,0.011200999841094017
v40_h62,v40_h80,0.016800999641418457
v40_h62,v40_h89,0.04721900075674057
v40_h62,v40_h96,0.0028001999016851187
v40_h62,v40_h114,0.011200999841094017
v40_h62,v40_h120,0.016800999641418457
v40_h62,v40_h123,0.005600399803370237
v40_h62,v40_h126,0.011200999841094017
v40_h62,v40_h140,0.0042003002017736435
v40_h62,v40_h142,0.005600399803370237
v40_h62,v40_h145,0.0042003002017736435
v40_h62,v40_h152,0.0014000999508425593
v40_h62,v40_h161,0.0028001999016851187
v40_h62,v40_h169,0.0070004998706281185
v40_h62,v40_h170,0.005600399803370237
v40_h62,v40_h173,0.005600399803370237
v40_h62,v40_h174,0.005600399803370237
v40_h62,v40_h180,0.0028001999016851187
v40_h62,v40_h185,0.04161800071597099
v40_h62,v40_h186,0.0028001999016851187
v40_h62,v40_h199,0.0028001999016851187
v40_h62,v40_h231,0.0042003002017736435
v40_h63,v40_h6,0.0014000999508425593
v40_h63,v40_h7,0.0042003002017736435
v40_h63,v40_h9,0.0042003002017736435
v40_h63,v40_h24,0.0014000999508425593
v40_h63,v40_h35,0.0014000999508425593
v40_h63,v40_h49,0.0070004998706281185
v40_h63,v40_h64,0.014000999741256237
v40_h63,v40_h80,0.05421900004148483
v40_h63,v40_h89,0.009800699539482594
v40_h63,v40_h96,0.0014000999508425593
v40_h63,v40_h114,0.012601000256836414
v40_h63,v40_h120,0.01820099912583828
v40_h63,v40_h123,0.0042003002017736435
v40_h63,v40_h126,0.016800999641418457
v40_h63,v40_h140,0.0042003002017736435
v40_h63,v40_h142,0.0028001999016851187
v40_h63,v40_h145,0.0014000999508425593
v40_h63,v40_h161,0.005600399803370237
v40_h63,v40_h169,0.0028001999016851187
v40_h63,v40_h174,0.0028001999016851187
v40_h63,v40_h185,0.005600399803370237
v40_h63,v40_h186,0.0028001999016851187
v40_h63,v40_h199,0.0014000999508425593
v40_h63,v40_h231,0.0042003002017736435
v40_h65,v40_h6,0.0014000999508425593
v40_h65,v40_h7,0.0014000999508425593
v40_h65,v40_h9,0.03881800174713135
v40_h65,v40_h11,0.0014000999508425593
v40_h65,v40_h24,0.0028001999016851187
v40_h65,v40_h35,0.0014000999508425593
v40_h65,v40_h49,0.0042003002017736435
v40_h65,v40_h64,0.0070004998706281185
v40_h65,v40_h80,0.0070004998706281185
v40_h65,v40_h89,0.0070004998706281185
v40_h65,v40_h96,0.0028001999016851187
v40_h65,v40_h114,0.009800699539482594
v40_h65,v40_h120,0.009800699539482594
v40_h65,v40_h123,0.0028001999016851187
v40_h65,v40_h126,0.0070004998706281185
v40_h65,v40_h142,0.0014000999508425593
v40_h65,v40_h152,0.0028001999016851187
v40_h65,v40_h169,0.0014000999508425593
v40_h65,v40_h185,0.0014000999508425593
v40_h66,v40_h6,0.0028001999016851187
v40_h66,v40_h7,0.0042003002017736435
v40_h66,v40_h9,0.005600399803370237
v40_h66,v40_h11,0.0042003002017736435
v40_h66,v40_h24,0.0070004998706281185
v40_h66,v40_h35,0.0028001999016851187
v40_h66,v40_h39,0.0028001999016851187
v40_h66,v40_h49,0.011200999841094017
v40_h66,v40_h64,0.005600399803370237
v40_h66,v40_h80,0.005600399803370237
v40_h66,v40_h89,0.04581800103187561
v40_h66,v40_h96,0.0042003002017736435
v40_h66,v40_h114,0.011200999841094017
v40_h66,v40_h120,0.0070004998706281185
v40_h66,v40_h123,0.0014000999508425593
v40_h66,v40_h126,0.0028001999016851187
v40_h66,v40_h140,0.005600399803370237
v40_h66,v40_h142,0.0014000999508425593
v40_h66,v40_h152,0.0028001999016851187
v40_h66,v40_h169,0.0042003002017736435
v40_h66,v40_h170,0.0014000999508425593
v40_h66,v40_h173,0.0014000999508425593
v40_h66,v40_h174,0.0042003002017736435
v40_h66,v40_h180,0.0028001999016851187
v40_h66,v40_h185,0.005600399803370237
v40_h66,v40_h199,0.0014000999508425593
v40_h66,v40_h231,0.0028001999016851187
v40_h67,v40_h7,0.0042003002017736435
v40_h67,v40_h9,0.005600399803370237
v40_h67,v40_h11,0.0014000999508425593
v40_h67,v40_h24,0.0070004998706281185
v40_h67,v40_h35,0.0042003002017736435
v40_h67,v40_h39,0.0014000999508425593
v40_h67,v40_h49,0.005600399803370237
v40_h67,v40_h64,0.008400600403547287
v40_h67,v40_h80,0.04581800103187561
v40_h67,v40_h89,0.0070004998706281185
v40_h67,v40_h96,0.0014000999508425593
v40_h67,v40_h114,0.04441799968481064
v40_h67,v40_h120,0.04581800103187561
v40_h67,v40_h123,0.005600399803370237
v40_h67,v40_h126,0.008400600403547287
v40_h67,v40_h152,0.0042003002017736435
v40_h67,v40_h169,0.0028001999016851187
v40_h67,v40_h170,0.0014000999508425593
v40_h67,v40_h185,0.0014000999508425593
v40_h67,v40_h186,0.0014000999508425593
v40_h67,v40_h231,0.0014000999508425593
v40_h69,v40_h6,0.0042003002017736435
v40_h69,v40_h7,0.005600399803370237
v40_h69,v40_h9,0.005600399803370237
v40_h69,v40_h11,0.0014000999508425593
v40_h69,v40_h24,0.0028001999016851187
v40_h69,v40_h35,0.005600399803370237
v40_h69,v40_h49,0.0070004998706281185
v40_h69,v40_h64,0.048618998378515244
v40_h69,v40_h80,0.048618998378515244
v40_h69,v40_h89,0.012601000256836414
v40_h69,v40_h96,0.0028001999016851187
v40_h69,v40_h114,0.05141900107264519
v40_h69,v40_h120,0.055619001388549805
v40_h69,v40_h123,0.009800699539482594
v40_h69,v40_h126,0.048618998378515244
v40_h69,v40_h140,0.005600399803370237
v40_h69,v40_h142,0.0042003002017736435
v40_h69,v40_h145,0.0042003002017736435
v40_h69,v40_h152,0.0042003002017736435
v40_h69,v40_h161,0.0028001999016851187
v40_h69,v40_h169,0.008400600403547287
v40_h69,v40_h170,0.0042003002017736435
v40_h69,v40_h173,0.0014000999508425593
v40_h69,v40_h174,0.0028001999016851187
v40_h69,v40_h185,0.005600399803370237
v40_h69,v40_h186,0.0028001999016851187
v40_h69,v40_h199,0.0014000999508425593
v40_h69,v40_h231,0.0028001999016851187
v40_h70,v40_h6,0.0028001999016851187
v40_h70,v40_h7,0.0070004998706281185
v40_h70,v40_h9,0.008400600403547287
v40_h70,v40_h11,0.0014000999508425593
v40_h70,v40_h24,0.04021799936890602
v40_h70,v40_h35,0.005600399803370237
v40_h70,v40_h49,0.016800999641418457
v40_h70,v40_h64,0.04581800103187561
v40_h70,v40_h80,0.011200999841094017
v40_h70,v40_h89,0.016800999641418457
v40_h70,v40_h96,0.0070004998706281185
v40_h70,v40_h114,0.050018999725580215
v40_h70,v40_h120,0.01960100047290325
v40_h70,v40_h123,0.0042003002017736435
v40_h70,v40_h126,0.008400600403547287
v40_h70,v40_h140,0.005600399803370237
v40_h70,v40_h142,0.0028001999016851187
v40_h70,v40_h145,0.0014000999508425593
v40_h70,v40_h152,0.0042003002017736435
v40_h70,v40_h161,0.0042003002017736435
v40_h70,v40_h169,0.0028001999016851187
v40_h70,v40_h173,0.0014000999508425593
v40_h70,v40_h174,0.0028001999016851187
v40_h70,v40_h180,0.0014000999508425593
v40_h70,v40_h185,0.0070004998706281185
v40_h70,v40_h186,0.0014000999508425593
v40_h71,v40_h6,0.0028001999016851187
v40_h71,v40_h7,0.0042003002017736435
v40_h71,v40_h9,0.0070004998706281185
v40_h71,v40_h11,0.0028001999016851187
v40_h71,v40_h24,0.005600399803370237
v40_h71,v40_h35,0.005600399803370237
v40_h71,v40_h39,0.0042003002017736435
v40_h71,v40_h49,0.050018999725580215
v40_h71,v40_h64,0.050018999725580215
v40_h71,v40_h80,0.016800999641418457
v40_h71,v40_h89,0.012601000256836414
v40_h71,v40_h96,0.0070004998706281185
v40_h71,v40_h114,0.055619001388549805
v40_h71,v40_h120,0.015401000156998634
v40_h71,v40_h123,0.0042003002017736435
v40_h71,v40_h126,0.043017998337745667
v40_h71,v40_h140,0.0070004998706281185
v40_h71,v40_h142,0.0042003002017736435
v40_h71,v40_h145,0.0028001999016851187
v40_h71,v40_h152,0.0028001999016851187
v40_h71,v40_h161,0.0028001999016851187
v40_h71,v40_h169,0.03881800174713135
v40_h71,v40_h170,0.0014000999508425593
v40_h71,v40_h173,0.0014000999508425593
v40_h71,v40_h174,0.0042003002017736435
v40_h71,v40_h180,0.0028001999016851187
v40_h71,v40_h185,0.009800699539482594
v40_h71,v40_h186,0.0042003002017736435
v40_h71,v40_h199,0.0028001999016851187
v40_h71,v40_h231,0.0028001999016851187
v40_h72,v40_h6,0.012601000256836414
v40_h72,v40_h7,0.015401000156998634
v40_h72,v40_h9,0.050018999725580215
v40_h72,v40_h11,0.008400600403547287
v40_h72,v40_h24,0.016800999641418457
v40_h72,v40_h35,0.008400600403547287
v40_h72,v40_h39,0.0014000999508425593
v40_h72,v40_h49,0.05981900170445442
v40_h72,v40_h64,0.050018999725580215
v40_h72,v40_h80,0.01960100047290325
v40_h72,v40_h89,0.016800999641418457
v40_h72,v40_h96,0.04721900075674057
v40_h72,v40_h114,0.05841900035738945
v40_h72,v40_h120,0.016800999641418457
v40_h72,v40_h123,0.0042003002017736435
v40_h72,v40_h126,0.008400600403547287
v40_h72,v40_h140,0.0070004998706281185
v40_h72,v40_h142,0.0070004998706281185
v40_h72,v40_h145,0.0028001999016851187
v40_h72,v40_h152,0.0028001999016851187
v40_h72,v40_h169,0.005600399803370237
v40_h72,v40_h170,0.0014000999508425593
v40_h72,v40_h173,0.0028001999016851187
v40_h72,v40_h174,0.0042003002017736435
v40_h72,v40_h180,0.0014000999508425593
v40_h72,v40_h185,0.008400600403547287
v40_h72,v40_h186,0.0028001999016851187
v40_h72,v40_h199,0.0014000999508425593
v40_h72,v40_h231,0.0042003002017736435
v40_h73,v40_h6,0.0014000999508425593
v40_h73,v40_h7,0.009800699539482594
v40_h73,v40_h9,0.005600399803370237
v40_h73,v40_h24,0.0070004998706281185
v40_h73,v40_h35,0.0014000999508425593
v40_h73,v40_h49,0.008400600403547287
v40_h73,v40_h64,0.050018999725580215
v40_h73,v40_h80,0.011200999841094017
v40_h73,v40_h89,0.050018999725580215
v40_h73,v40_h96,0.0014000999508425593
v40_h73,v40_h114,0.05141900107264519
v40_h73,v40_h120,0.01960100047290325
v40_h73,v40_h123,0.008400600403547287
v40_h73,v40_h126,0.01960100047290325
v40_h73,v40_h140,0.0042003002017736435
v40_h73,v40_h142,0.0042003002017736435
v40_h73,v40_h145,0.0042003002017736435
v40_h73,v40_h152,0.0014000999508425593
v40_h73,v40_h161,0.005600399803370237
v40_h73,v40_h169,0.005600399803370237
v40_h73,v40_h170,0.0028001999016851187
v40_h73,v40_h173,0.0028001999016851187
v40_h73,v40_h174,0.005600399803370237
v40_h73,v40_h180,0.0014000999508425593
v40_h73,v40_h185,0.04161800071597099
v40_h73,v40_h186,0.0042003002017736435
v40_h73,v40_h199,0.0028001999016851187
v40_h73,v40_h231,0.0042003002017736435
v40_h74,v40_h7,0.0014000999508425593
v40_h74,v40_h9,0.0028001999016851187
v40_h74,v40_h24,0.0014000999508425593
v40_h74,v40_h35,0.0028001999016851187
v40_h74,v40_h49,0.0042003002017736435
v40_h74,v40_h64,0.0070004998706281185
v40_h74,v40_h80,0.011200999841094017
v40_h74,v40_h89,0.0070004998706281185
v40_h74,v40_h96,0.0014000999508425593
v40_h74,v40_h114,0.012601000256836414
v40_h74,v40_h120,0.011200999841094017
v40_h74,v40_h123,0.005600399803370237
v40_h74,v40_h126,0.009800699539482594
v40_h74,v40_h140,0.0014000999508425593
v40_h74,v40_h142,0.0014000999508425593
v40_h74,v40_h145,0.037418000400066376
v40_h74,v40_h152,0.0014000999508425593
v40_h74,v40_h169,0.0042003002017736435
v40_h74,v40_h170,0.0014000999508425593
v40_h74,v40_h174,0.0014000999508425593
v40_h74,v40_h185,0.005600399803370237
v40_h74,v40_h186,0.0028001999016851187
v40_h74,v40_h231,0.0014000999508425593
v40_h76,v40_h35,0.037418000400066376
v40_h76,v40_h80,0.0028001999016851187
v40_h77,v40_h6,0.0028001999016851187
v40_h77,v40_h7,0.0042003002017736435
v40_h77,v40_h9,0.0070004998706281185
v40_h77,v40_h11,0.0042003002017736435
v40_h77,v40_h24,0.005600399803370237
v40_h77,v40_h35,0.0070004998706281185
v40_h77,v40_h39,0.0014000999508425593
v40_h77,v40_h49,0.009800699539482594
v40_h77,v40_h64,0.0070004998706281185
v40_h77,v40_h80,0.05281899869441986
v40_h77,v40_h89,0.005600399803370237
v40_h77,v40_h96,0.0042003002017736435
v40_h77,v40_h114,0.011200999841094017
v40_h77,v40_h120,0.008400600403547287
v40_h77,v40_h123,0.0028001999016851187
v40_h77,v40_h126,0.005600399803370237
v40_h77,v40_h140,0.005600399803370237
v40_h77,v40_h142,0.0028001999016851187
v40_h77,v40_h145,0.0028001999016851187
v40_h77,v40_h169,0.0028001999016851187
v40_h77,v40_h173,0.0014000999508425593
v40_h77,v40_h174,0.0028001999016851187
v40_h77,v40_h180,0.0014000999508425593
v40_h77,v40_h185,0.0070004998706281185
v40_h77,v40_h186,0.0014000999508425593
v40_h77,v40_h199,0.0014000999508425593
v40_h77,v40_h231,0.0028001999016851187
v40_h78,v40_h7,0.0028001999016851187
v40_h78,v40_h9,0.0070004998706281185
v40_h78,v40_h24,0.0028001999016851187
v40_h78,v40_h35,0.0042003002017736435
v40_h78,v40_h39,0.0014000999508425593
v40_h78,v40_h49,0.008400600403547287
v40_h78,v40_h64,0.0070004998706281185
v40_h78,v40_h80,0.04721900075674057
v40_h78,v40_h89,0.0028001999016851187
v40_h78,v40_h96,0.0028001999016851187
v40_h78,v40_h114,0.0070004998706281185
v40_h78,v40_h120,0.0028001999016851187
v40_h78,v40_h123,0.0042003002017736435
v40_h78,v40_h126,0.005600399803370237
v40_h78,v40_h140,0.0014000999508425593
v40_h78,v40_h142,0.0028001999016851187
v40_h78,v40_h145,0.0014000999508425593
v40_h78,v40_h161,0.0014000999508425593
v40_h78,v40_h169,0.0028001999016851187
v40_h78,v40_h170,0.0014000999508425593
v40_h78,v40_h173,0.0014000999508425593
v40_h78,v40_h174,0.0014000999508425593
v40_h78,v40_h185,0.0028001999016851187
v40_h78,v40_h231,0.0014000999508425593
v40_h79,v40_h6,0.0042003002017736435
v40_h79,v40_h7,0.005600399803370237
v40_h79,v40_h9,0.008400600403547287
v40_h79,v40_h11,0.0028001999016851187
v40_h79,v40_h24,0.009800699539482594
v40_h79,v40_h35,0.0070004998706281185
v40_h79,v40_h39,0.0042003002017736435
v40_h79,v40_h49,0.008400600403547287
v40_h79,v40_h64,0.04581800103187561
v40_h79,v40_h80,0.05141900107264519
v40_h79,v40_h89,0.008400600403547287
v40_h79,v40_h96,0.005600399803370237
v40_h79,v40_h114,0.016800999641418457
v40_h79,v40_h120,0.014000999741256237
v40_h79,v40_h123,0.0070004998706281185
v40_h79,v40_h126,0.015401000156998634
v40_h79,v40_h140,0.005600399803370237
v40_h79,v40_h145,0.0014000999508425593
v40_h79,v40_h152,0.0014000999508425593
v40_h79,v40_h161,0.0042003002017736435
v40_h79,v40_h169,0.0028001999016851187
v40_h79,v40_h173,0.0014000999508425593
v40_h79,v40_h174,0.0042003002017736435
v40_h79,v40_h185,0.005600399803370237
v40_h79,v40_h186,0.0014000999508425593
v40_h79,v40_h199,0.0014000999508425593
v40_h79,v40_h231,0.04021799936890602
v40_h80,v40_h6,0.0014000999508425593
v40_h80,v40_h9,0.0014000999508425593
v40_h80,v40_h11,0.0014000999508425593
v40_h80,v40_h24,0.0042003002017736435
v40_h80,v40_h35,0.0014000999508425593
v40_h80,v40_h49,0.0042003002017736435
v40_h80,v40_h64,0.0070004998706281185
v40_h80,v40_h89,0.005600399803370237
v40_h80,v40_h96,0.0014000999508425593
v40_h80,v40_h114,0.009800699539482594
v40_h80,v40_h120,0.05281899869441986
v40_h80,v40_h123,0.0042003002017736435
v40_h80,v40_h126,0.009800699539482594
v40_h80,v40_h140,0.005600399803370237
v40_h80,v40_h142,0.0028001999016851187
v40_h80,v40_h145,0.0014000999508425593
v40_h80,v40_h152,0.0014000999508425593
v40_h80,v40_h169,0.0042003002017736435
v40_h80,v40_h180,0.0014000999508425593
v40_h80,v40_h185,0.0042003002017736435
v40_h80,v40_h186,0.0014000999508425593
v40_h80,v40_h231,0.0014000999508425593
v40_h81,v40_h6,0.0028001999016851187
v40_h81,v40_h7,0.0014000999508425593
v40_h81,v40_h9,0.0028001999016851187
v40_h81,v40_h11,0.0014000999508425593
v40_h81,v40_h24,0.0070004998706281185
v40_h81,v40_h35,0.0028001999016851187
v40_h81,v40_h39,0.0014000999508425593
v40_h81,v40_h49,0.008400600403547287
v40_h81,v40_h64,0.009800699539482594
v40_h81,v40_h80,0.05841900035738945
v40_h81,v40_h89,0.009800699539482594
v40_h81,v40_h96,0.0028001999016851187
v40_h81,v40_h114,0.011200999841094017
v40_h81,v40_h120,0.05981900170445442
v40_h81,v40_h123,0.008400600403547287
v40_h81,v40_h126,0.05421900004148483
v40_h81,v40_h140,0.005600399803370237
v40_h81,v40_h142,0.0014000999508425593
v40_h81,v40_h145,0.0028001999016851187
v40_h81,v40_h152,0.0014000999508425593
v40_h81,v40_h161,0.0042003002017736435
v40_h81,v40_h169,0.0028001999016851187
v40_h81,v40_h173,0.0028001999016851187
v40_h81,v40_h174,0.0028001999016851187
v40_h81,v40_h180,0.0014000999508425593
v40_h81,v40_h185,0.005600399803370237
v40_h81,v40_h186,0.0014000999508425593
v40_h81,v40_h199,0.0028001999016851187
v40_h81,v40_h231,0.0042003002017736435
v40_h83,v40_h6,0.0028001999016851187
v40_h83,v40_h7,0.0070004998706281185
v40_h83,v40_h9,0.0042003002017736435
v40_h83,v40_h11,0.0014000999508425593
v40_h83,v40_h24,0.012601000256836414
v40_h83,v40_h35,0.0070004998706281185
v40_h83,v40_h39,0.0028001999016851187
v40_h83,v40_h49,0.009800699539482594
v40_h83,v40_h64,0.0028001999016851187
v40_h83,v40_h80,0.008400600403547287
v40_h83,v40_h89,0.048618998378515244
v40_h83,v40_h96,0.0042003002017736435
v40_h83,v40_h114,0.011200999841094017
v40_h83,v40_h120,0.012601000256836414
v40_h83,v40_h123,0.011200999841094017
v40_h83,v40_h126,0.016800999641418457
v40_h83,v40_h140,0.008400600403547287
v40_h83,v40_h142,0.0028001999016851187
v40_h83,v40_h145,0.0014000999508425593
v40_h83,v40_h152,0.005600399803370237
v40_h83,v40_h161,0.0028001999016851187
v40_h83,v40_h169,0.0014000999508425593
v40_h83,v40_h170,0.0014000999508425593
v40_h83,v40_h173,0.0014000999508425593
v40_h83,v40_h174,0.0070004998706281185
v40_h83,v40_h180,0.0014000999508425593
v40_h83,v40_h185,0.005600399803370237
v40_h83,v40_h186,0.0028001999016851187
v40_h83,v40_h199,0.0042003002017736435
v40_h83,v40_h231,0.0014000999508425593
v40_h84,v40_h6,0.0014000999508425593
v40_h84,v40_h7,0.0028001999016851187
v40_h84,v40_h9,0.0014000999508425593
v40_h84,v40_h11,0.0014000999508425593
v40_h84,v40_h24,0.005600399803370237
v40_h84,v40_h35,0.0042003002017736435
v40_h84,v40_h49,0.0028001999016851187
v40_h84,v40_h64,0.0014000999508425593
v40_h84,v40_h80,0.005600399803370237
v40_h84,v40_h89,0.04441799968481064
v40_h84,v40_h96,0.0014000999508425593
v40_h84,v40_h114,0.0070004998706281185
v40_h84,v40_h120,0.005600399803370237
v40_h84,v40_h123,0.0014000999508425593
v40_h84,v40_h126,0.005600399803370237
v40_h84,v40_h140,0.0028001999016851187
v40_h84,v40_h142,0.0014000999508425593
v40_h84,v40_h145,0.0014000999508425593
v40_h84,v40_h174,0.0014000999508425593
v40_h84,v40_h180,0.0014000999508425593
v40_h84,v40_h185,0.0028001999016851187
v40_h84,v40_h186,0.0014000999508425593
v40_h84,v40_h231,0.0014000999508425593
v40_h85,v40_h6,0.0014000999508425593
v40_h85,v40_h7,0.0042003002017736435
v40_h85,v40_h9,0.0028001999016851187
v40_h85,v40_h11,0.0014000999508425593
v40_h85,v40_h24,0.0070004998706281185
v40_h85,v40_h35,0.005600399803370237
v40_h85,v40_h49,0.0070004998706281185
v40_h85,v40_h64,0.005600399803370237
v40_h85,v40_h80,0.005600399803370237
v40_h85,v40_h89,0.009800699539482594
v40_h85,v40_h114,0.04581800103187561
v40_h85,v40_h120,0.0070004998706281185
v40_h85,v40_h123,0.0028001999016851187
v40_h85,v40_h126,0.011200999841094017
v40_h85,v40_h142,0.0014000999508425593
v40_h85,v40_h145,0.0014000999508425593
v40_h85,v40_h152,0.0028001999016851187
v40_h85,v40_h161,0.0028001999016851187
v40_h85,v40_h169,0.0014000999508425593
v40_h85,v40_h174,0.0028001999016851187
v40_h85,v40_h185,0.0014000999508425593
v40_h85,v40_h231,0.0014000999508425593
v40_h87,v40_h6,0.0014000999508425593
v40_h87,v40_h7,0.0070004998706281185
v40_h87,v40_h9,0.0070004998706281185
v40_h87,v40_h11,0.0014000999508425593
v40_h87,v40_h24,0.048618998378515244
v40_h87,v40_h35,0.009800699539482594
v40_h87,v40_h39,0.0070004998706281185
v40_h87,v40_h49,0.021000999957323074
v40_h87,v40_h64,0.0042003002017736435
v40_h87,v40_h80,0.0070004998706281185
v40_h87,v40_h89,0.05421900004148483
v40_h87,v40_h96,0.009800699539482594
v40_h87,v40_h114,0.008400600403547287
v40_h87,v40_h120,0.008400600403547287
v40_h87,v40_h123,0.0028001999016851187
v40_h87,v40_h126,0.0042003002017736435
v40_h87,v40_h140,0.008400600403547287
v40_h87,v40_h142,0.0042003002017736435
v40_h87,v40_h145,0.0014000999508425593
v40_h87,v40_h169,0.0042003002017736435
v40_h87,v40_h170,0.0014000999508425593
v40_h87,v40_h173,0.005600399803370237
v40_h87,v40_h174,0.005600399803370237
v40_h87,v40_h180,0.0028001999016851187
v40_h87,v40_h185,0.011200999841094017
v40_h87,v40_h186,0.04021799936890602
v40_h87,v40_h199,0.0028001999016851187
v40_h87,v40_h231,0.0042003002017736435
v40_h88,v40_h6,0.0070004998706281185
v40_h88,v40_h7,0.048618998378515244
v40_h88,v40_h9,0.048618998378515244
v40_h88,v40_h11,0.005600399803370237
v40_h88,v40_h24,0.048618998378515244
v40_h88,v40_h35,0.04721900075674057
v40_h88,v40_h39,0.0070004998706281185
v40_h88,v40_h49,0.01820099912583828
v40_h88,v40_h64,0.0014000999508425593
v40_h88,v40_h80,0.0014000999508425593
v40_h88,v40_h89,0.05141900107264519
v40_h88,v40_h96,0.008400600403547287
v40_h88,v40_h114,0.0042003002017736435
v40_h88,v40_h120,0.0070004998706281185
v40_h88,v40_h123,0.005600399803370237
v40_h88,v40_h140,0.0042003002017736435
v40_h88,v40_h142,0.005600399803370237
v40_h88,v40_h161,0.0014000999508425593
v40_h88,v40_h169,0.0014000999508425593
v40_h88,v40_h173,0.0042003002017736435
v40_h88,v40_h174,0.008400600403547287
v40_h88,v40_h180,0.0014000999508425593
v40_h88,v40_h185,0.0028001999016851187
v40_h88,v40_h186,0.0028001999016851187
v40_h88,v40_h199,0.0014000999508425593
v40_h88,v40_h231,0.043017998337745667
v40_h89,v40_h6,0.009800699539482594
v40_h89,v40_h7,0.05141900107264519
v40_h89,v40_h9,0.014000999741256237
v40_h89,v40_h11,0.005600399803370237
v40_h89,v40_h24,0.022401999682188034
v40_h89,v40_h35,0.009800699539482594
v40_h89,v40_h39,0.0028001999016851187
v40_h89,v40_h49,0.022401999682188034
v40_h89,v40_h64,0.0042003002017736435
v40_h89,v40_h80,0.005600399803370237
v40_h89,v40_h96,0.0070004998706281185
v40_h89,v40_h114,0.005600399803370237
v40_h89,v40_h120,0.04581800103187561
v40_h89,v40_h123,0.0028001999016851187
v40_h89,v40_h126,0.0070004998706281185
v40_h89,v40_h140,0.05701899901032448
v40_h89,v40_h142,0.011200999841094017
v40_h89,v40_h145,0.0028001999016851187
v40_h89,v40_h152,0.0014000999508425593
v40_h89,v40_h161,0.0028001999016851187
v40_h89,v40_h169,0.014000999741256237
v40_h89,v40_h170,0.0042003002017736435
v40_h89,v40_h173,0.0028001999016851187
v40_h89,v40_h174,0.012601000256836414
v40_h89,v40_h180,0.043017998337745667
v40_h89,v40_h185,0.014000999741256237
v40_h89,v40_h186,0.008400600403547287
v40_h89,v40_h199,0.0070004998706281185
v40_h89,v40_h231,0.005600399803370237
v40_h9,v40_h6,0.05421900004148483
v40_h9,v40_h7,0.05841900035738945
v40_h9,v40_h11,0.04721900075674057
v40_h9,v40_h24,0.015401000156998634
v40_h9,v40_h35,0.011200999841094017
v40_h9,v40_h39,0.0014000999508425593
v40_h9,v40_h49,0.014000999741256237
v40_h9,v40_h64,0.0042003002017736435
v40_h9,v40_h80,0.0014000999508425593
v40_h9,v40_h89,0.014000999741256237
v40_h9,v40_h96,0.0042003002017736435
v40_h9,v40_h114,0.0028001999016851187
v40_h9,v40_h120,0.0028001999016851187
v40_h9,v40_h123,0.005600399803370237
v40_h9,v40_h126,0.0014000999508425593
v40_h9,v40_h140,0.0042003002017736435
v40_h9,v40_h142,0.043017998337745667
v40_h9,v40_h145,0.0014000999508425593
v40_h9,v40_h152,0.0014000999508425593
v40_h9,v40_h169,0.0070004998706281185
v40_h9,v40_h170,0.0014000999508425593
v40_h9,v40_h173,0.0028001999016851187
v40_h9,v40_h174,0.005600399803370237
v40_h9,v40_h180,0.0014000999508425593
v40_h9,v40_h185,0.005600399803370237
v40_h9,v40_h186,0.0028001999016851187
v40_h9,v40_h199,0.0014000999508425593
v40_h9,v40_h231,0.0028001999016851187
v40_h90,v40_h6,0.0070004998706281185
v40_h90,v40_h7,0.008400600403547287
v40_h90,v40_h9,0.012601000256836414
v40_h90,v40_h11,0.0028001999016851187
v40_h90,v40_h24,0.05141900107264519
v40_h90,v40_h35,0.016800999641418457
v40_h90,v40_h39,0.008400600403547287
v40_h90,v40_h49,0.06261999905109406
v40_h90,v40_h64,0.008400600403547287
v40_h90,v40_h80,0.0042003002017736435
v40_h90,v40_h89,0.05421900004148483
v40_h90,v40_h96,0.05141900107264519
v40_h90,v40_h114,0.0070004998706281185
v40_h90,v40_h120,0.04581800103187561
v40_h90,v40_h123,0.009800699539482594
v40_h90,v40_h126,0.005600399803370237
v40_h90,v40_h140,0.009800699539482594
v40_h90,v40_h142,0.0070004998706281185
v40_h90,v40_h152,0.0014000999508425593
v40_h90,v40_h169,0.0042003002017736435
v40_h90,v40_h170,0.0014000999508425593
v40_h90,v40_h173,0.0042003002017736435
v40_h90,v40_h174,0.011200999841094017
v40_h90,v40_h180,0.0014000999508425593
v40_h90,v40_h185,0.008400600403547287
v40_h90,v40_h186,0.0042003002017736435
v40_h90,v40_h199,0.0014000999508425593
v40_h90,v40_h231,0.008400600403547287
v40_h91,v40_h6,0.008400600403547287
v40_h91,v40_h7,0.009800699539482594
v40_h91,v40_h9,0.04441799968481064
v40_h91,v40_h11,0.0028001999016851187
v40_h91,v40_h24,0.008400600403547287
v40_h91,v40_h35,0.012601000256836414
v40_h91,v40_h39,0.0042003002017736435
v40_h91,v40_h49,0.05421900004148483
v40_h91,v40_h64,0.04021799936890602
v40_h91,v40_h80,0.0028001999016851187
v40_h91,v40_h89,0.012601000256836414
v40_h91,v40_h96,0.0028001999016851187
v40_h91,v40_h114,0.0070004998706281185
v40_h91,v40_h120,0.0070004998706281185
v40_h91,v40_h123,0.005600399803370237
v40_h91,v40_h140,0.005600399803370237
v40_h91,v40_h142,0.04161800071597099
v40_h91,v40_h145,0.0028001999016851187
v40_h91,v40_h169,0.0028001999016851187
v40_h91,v40_h170,0.0028001999016851187
v40_h91,v40_h173,0.0014000999508425593
v40_h91,v40_h174,0.0070004998706281185
v40_h91,v40_h185,0.005600399803370237
v40_h91,v40_h186,0.0042003002017736435
v40_h91,v40_h199,0.0028001999016851187
v40_h91,v40_h231,0.008400600403547287
v40_h92,v40_h6,0.005600399803370237
v40_h92,v40_h7,0.0070004998706281185
v40_h92,v40_h9,0.043017998337745667
v40_h92,v40_h11,0.0042003002017736435
v40_h92,v40_h24,0.0070004998706281185
v40_h92,v40_h35,0.04161800071597099
v40_h92,v40_h39,0.0042003002017736435
v40_h92,v40_h49,0.048618998378515244
v40_h92,v40_h64,0.0070004998706281185
v40_h92,v40_h80,0.0042003002017736435
v40_h92,v40_h89,0.0070004998706281185
v40_h92,v40_h96,0.0042003002017736435
v40_h92,v40_h114,0.0028001999016851187
v40_h92,v40_h120,0.04161800071597099
v40_h92,v40_h123,0.0042003002017736435
v40_h92,v40_h126,0.0028001999016851187
v40_h92,v40_h140,0.0014000999508425593
v40_h92,v40_h142,0.0028001999016851187
v40_h92,v40_h152,0.0014000999508425593
v40_h92,v40_h169,0.0042003002017736435
v40_h92,v40_h173,0.0014000999508425593
v40_h92,v40_h174,0.0070004998706281185
v40_h92,v40_h185,0.0014000999508425593
v40_h92,v40_h231,0.0014000999508425593
v40_h93,v40_h6,0.0028001999016851187
v40_h93,v40_h7,0.008400600403547287
v40_h93,v40_h9,0.009800699539482594
v40_h93,v40_h11,0.0042003002017736435
v40_h93,v40_h24,0.015401000156998634
v40_h93,v40_h35,0.012601000256836414
v40_h93,v40_h39,0.0070004998706281185
v40_h93,v40_h49,0.05141900107264519
v40_h93,v40_h64,0.0014000999508425593
v40_h93,v40_h80,0.0042003002017736435
v40_h93,v40_h89,0.050018999725580215
v40_h93,v40_h96,0.005600399803370237
v40_h93,v40_h114,0.0042003002017736435
v40_h93,v40_h120,0.008400600403547287
v40_h93,v40_h123,0.0042003002017736435
v40_h93,v40_h126,0.0014000999508425593
v40_h93,v40_h140,0.048618998378515244
v40_h93,v40_h142,0.005600399803370237
v40_h93,v40_h145,0.0014000999508425593
v40_h93,v40_h169,0.0070004998706281185
v40_h93,v40_h170,0.0028001999016851187
v40_h93,v40_h173,0.005600399803370237
v40_h93,v40_h174,0.04721900075674057
v40_h93,v40_h180,0.005600399803370237
v40_h93,v40_h185,0.008400600403547287
v40_h93,v40_h186,0.0042003002017736435
v40_h93,v40_h199,0.005600399803370237
v40_h93,v40_h231,0.0042003002017736435
v40_h94,v40_h6,0.0028001999016851187
v40_h94,v40_h7,0.0028001999016851187
v40_h94,v40_h9,0.0042003002017736435
v40_h94,v40_h11,0.0042003002017736435
v40_h94,v40_h24,0.012601000256836414
v40_h94,v40_h35,0.005600399803370237
v40_h94,v40_h39,0.0042003002017736435
v40_h94,v40_h49,0.050018999725580215
v40_h94,v40_h64,0.0042003002017736435
v40_h94,v40_h80,0.0028001999016851187
v40_h94,v40_h89,0.04721900075674057
v40_h94,v40_h96,0.043017998337745667
v40_h94,v40_h114,0.0042003002017736435
v40_h94,v40_h120,0.0070004998706281185
v40_h94,v40_h123,0.0014000999508425593
v40_h94,v40_h126,0.005600399803370237
v40_h94,v40_h140,0.008400600403547287
v40_h94,v40_h142,0.0014000999508425593
v40_h94,v40_h161,0.0028001999016851187
v40_h94,v40_h169,0.0042003002017736435
v40_h94,v40_h173,0.0028001999016851187
v40_h94,v40_h174,0.0042003002017736435
v40_h94,v40_h180,0.0042003002017736435
v40_h94,v40_h185,0.008400600403547287
v40_h94,v40_h186,0.0070004998706281185
v40_h94,v40_h199,0.0028001999016851187
v40_h94,v40_h231,0.0028001999016851187
v40_h95,v40_h6,0.0070004998706281185
v40_h95,v40_h7,0.008400600403547287
v40_h95,v40_h9,0.008400600403547287
v40_h95,v40_h11,0.0014000999508425593
v40_h95,v40_h24,0.021000999957323074
v40_h95,v40_h35,0.012601000256836414
v40_h95,v40_h39,0.005600399803370237
v40_h95,v40_h49,0.05841900035738945
v40_h95,v40_h64,0.009800699539482594
v40_h95,v40_h80,0.04161800071597099
v40_h95,v40_h89,0.01960100047290325
v40_h95,v40_h96,0.05281899869441986
v40_h95,v40_h114,0.04721900075674057
v40_h95,v40_h120,0.008400600403547287
v40_h95,v40_h123,0.008400600403547287
v40_h95,v40_h126,0.011200999841094017
v40_h95,v40_h140,0.050018999725580215
v40_h95,v40_h142,0.043017998337745667
v40_h95,v40_h145,0.0014000999508425593
v40_h95,v40_h152,0.0014000999508425593
v40_h95,v40_h161,0.0014000999508425593
v40_h95,v40_h169,0.008400600403547287
v40_h95,v40_h170,0.0042003002017736435
v40_h95,v40_h173,0.0070004998706281185
v40_h95,v40_h174,0.011200999841094017
v40_h95,v40_h180,0.0042003002017736435
v40_h95,v40_h185,0.048618998378515244
v40_h95,v40_h186,0.009800699539482594
v40_h95,v40_h199,0.0070004998706281185
v40_h95,v40_h231,0.0014000999508425593
v40_h96,v40_h6,0.0028001999016851187
v40_h96,v40_h7,0.0028001999016851187
v40_h96,v40_h9,0.0042003002017736435
v40_h96,v40_h24,0.048618998378515244
v40_h96,v40_h35,0.0042003002017736435
v40_h96,v40_h39,0.0028001999016851187
v40_h96,v40_h49,0.048618998378515244
v40_h96,v40_h64,0.0028001999016851187
v40_h96,v40_h80,0.0014000999508425593
v40_h96,v40_h89,0.0070004998706281185
v40_h96,v40_h114,0.0042003002017736435
v40_h96,v40_h120,0.0014000999508425593
v40_h96,v40_h123,0.0014000999508425593
v40_h96,v40_h126,0.0028001999016851187
v40_h96,v40_h140,0.005600399803370237
v40_h96,v40_h142,0.0028001999016851187
v40_h96,v40_h169,0.0014000999508425593
v40_h96,v40_h173,0.0042003002017736435
v40_h96,v40_h174,0.005600399803370237
v40_h96,v40_h180,0.0014000999508425593
v40_h96,v40_h185,0.0042003002017736435
v40_h96,v40_h186,0.0014000999508425593
v40_h96,v40_h199,0.0028001999016851187
v40_h97,v40_h6,0.04441799968481064
v40_h97,v40_h7,0.008400600403547287
v40_h97,v40_h9,0.0070004998706281185
v40_h97,v40_h11,0.0014000999508425593
v40_h97,v40_h24,0.04721900075674057
v40_h97,v40_h35,0.005600399803370237
v40_h97,v40_h39,0.005600399803370237
v40_h97,v40_h49,0.012601000256836414
v40_h97,v40_h64,0.005600399803370237
v40_h97,v40_h80,0.0042003002017736435
v40_h97,v40_h89,0.005600399803370237
v40_h97,v40_h96,0.048618998378515244
v40_h97,v40_h114,0.0070004998706281185
v40_h97,v40_h120,0.005600399803370237
v40_h97,v40_h123,0.005600399803370237
v40_h97,v40_h126,0.04021799936890602
v40_h97,v40_h140,0.008400600403547287
v40_h97,v40_h142,0.0070004998706281185
v40_h97,v40_h145,0.0014000999508425593
v40_h97,v40_h152,0.0028001999016851187
v40_h97,v40_h161,0.0014000999508425593
v40_h97,v40_h169,0.0042003002017736435
v40_h97,v40_h170,0.0014000999508425593
v40_h97,v40_h173,0.0042003002017736435
v40_h97,v40_h174,0.005600399803370237
v40_h97,v40_h180,0.0028001999016851187
v40_h97,v40_h185,0.008400600403547287
v40_h97,v40_h186,0.0028001999016851187
v40_h97,v40_h199,0.0042003002017736435
v40_h98,v40_h6,0.0070004998706281185
v40_h98,v40_h7,0.008400600403547287
v40_h98,v40_h9,0.005600399803370237
v40_h98,v40_h11,0.0014000999508425593
v40_h98,v40_h24,0.055619001388549805
v40_h98,v40_h35,0.009800699539482594
v40_h98,v40_h39,0.0070004998706281185
v40_h98,v40_h49,0.015401000156998634
v40_h98,v40_h64,0.0014000999508425593
v40_h98,v40_h80,0.005600399803370237
v40_h98,v40_h89,0.04581800103187561
v40_h98,v40_h96,0.050018999725580215
v40_h98,v40_h114,0.008400600403547287
v40_h98,v40_h120,0.012601000256836414
v40_h98,v40_h123,0.008400600403547287
v40_h98,v40_h126,0.011200999841094017
v40_h98,v40_h140,0.05281899869441986
v40_h98,v40_h142,0.04581800103187561
v40_h98,v40_h145,0.0028001999016851187
v40_h98,v40_h152,0.0014000999508425593
v40_h98,v40_h161,0.0028001999016851187
v40_h98,v40_h169,0.009800699539482594
v40_h98,v40_h170,0.005600399803370237
v40_h98,v40_h173,0.009800699539482594
v40_h98,v40_h174,0.012601000256836414
v40_h98,v40_h180,0.005600399803370237
v40_h98,v40_h185,0.009800699539482594
v40_h98,v40_h186,0.0070004998706281185
v40_h98,v40_h199,0.005600399803370237
v41_h1,v41_h4,0.047683000564575195
v41_h1,v41_h6,0.014921999536454678
v41_h1,v41_h8,0.04496999830007553
v41_h1,v41_h10,0.06124800071120262
v41_h1,v41_h24,0.014921999536454678
v41_h1,v41_h26,0.008139099925756454
v41_h1,v41_h51,0.004069500137120485
v41_h1,v41_h69,0.0027129999361932278
v41_h1,v41_h90,0.013565000146627426
v41_h1,v41_h115,0.0027129999361932278
v41_h1,v41_h120,0.004069500137120485
v41_h10,v41_h4,0.014921999536454678
v41_h10,v41_h6,0.020347999408841133
v41_h10,v41_h8,0.05717800185084343
v41_h10,v41_h24,0.05717800185084343
v41_h10,v41_h26,0.05853499844670296
v41_h10,v41_h51,0.0054259998723864555
v41_h10,v41_h69,0.009495600126683712
v41_h10,v41_h90,0.054464999586343765
v41_h10,v41_h115,0.0013564999680966139
v41_h10,v41_h120,0.008139099925756454
v41_h100,v41_h4,0.05989199876785278
v41_h100,v41_h6,0.023060999810695648
v41_h100,v41_h8,0.01627800054848194
v41_h100,v41_h10,0.03933899849653244
v41_h100,v41_h24,0.054464999586343765
v41_h100,v41_h26,0.017635000869631767
v41_h100,v41_h51,0.0054259998723864555
v41_h100,v41_h69,0.010851999744772911
v41_h100,v41_h90,0.05582199990749359
v41_h100,v41_h115,0.0054259998723864555
v41_h100,v41_h120,0.010851999744772911
v41_h101,v41_h4,0.006782600190490484
v41_h101,v41_h6,0.043613001704216
v41_h101,v41_h8,0.009495600126683712
v41_h101,v41_h10,0.054464999586343765
v41_h101,v41_h24,0.010851999744772911
v41_h101,v41_h26,0.04632600024342537
v41_h101,v41_h51,0.0013564999680966139
v41_h101,v41_h69,0.0027129999361932278
v41_h101,v41_h90,0.010851999744772911
v41_h102,v41_h4,0.008139099925756454
v41_h102,v41_h6,0.006782600190490484
v41_h102,v41_h8,0.008139099925756454
v41_h102,v41_h10,0.01627800054848194
v41_h102,v41_h24,0.047683000564575195
v41_h102,v41_h26,0.010851999744772911
v41_h102,v41_h51,0.03818700090050697
v41_h102,v41_h90,0.043613001704216
v41_h102,v41_h120,0.0027129999361932278
v41_h104,v41_h4,0.004069500137120485
v41_h104,v41_h6,0.008139099925756454
v41_h104,v41_h8,0.013565000146627426
v41_h104,v41_h10,0.053109001368284225
v41_h104,v41_h24,0.010851999744772911
v41_h104,v41_h26,0.010851999744772911
v41_h104,v41_h51,0.0013564999680966139
v41_h104,v41_h69,0.004069500137120485
v41_h104,v41_h90,0.008139099925756454
v41_h104,v41_h115,0.0013564999680966139
v41_h104,v41_h120,0.0013564999680966139
v41_h105,v41_h4,0.008139099925756454
v41_h105,v41_h6,0.010851999744772911
v41_h105,v41_h8,0.0054259998723864555
v41_h105,v41_h10,0.010851999744772911
v41_h105,v41_h24,0.0054259998723864555
v41_h105,v41_h26,0.006782600190490484
v41_h105,v41_h69,0.006782600190490484
v41_h105,v41_h90,0.0027129999361932278
v41_h105,v41_h115,0.004069500137120485
v41_h105,v41_h120,0.004069500137120485
v41_h106,v41_h4,0.042256999760866165
v41_h106,v41_h6,0.0027129999361932278
v41_h106,v41_h8,0.004069500137120485
v41_h106,v41_h10,0.009495600126683712
v41_h106,v41_h24,0.0054259998723864555
v41_h106,v41_h26,0.0054259998723864555
v41_h106,v41_h51,0.0027129999361932278
v41_h106,v41_h69,0.008139099925756454
v41_h106,v41_h90,0.0054259998723864555
v41_h106,v41_h115,0.0027129999361932278
v41_h106,v41_h120,0.04632600024342537
v41_h107,v41_h4,0.042256999760866165
v41_h107,v41_h6,0.0027129999361932278
v41_h107,v41_h8,0.0054259998723864555
v41_h107,v41_h10,0.008139099925756454
v41_h107,v41_h24,0.0054259998723864555
v41_h107,v41_h26,0.0027129999361932278
v41_h107,v41_h51,0.0013564999680966139
v41_h107,v41_h69,0.006782600190490484
v41_h107,v41_h90,0.004069500137120485
v41_h107,v41_h115,0.004069500137120485
v41_h107,v41_h120,0.006782600190490484
v41_h108,v41_h4,0.004069500137120485
v41_h108,v41_h6,0.006782600190490484
v41_h108,v41_h8,0.04089999943971634
v41_h108,v41_h10,0.012209000065922737
v41_h108,v41_h24,0.04089999943971634
v41_h108,v41_h26,0.009495600126683712
v41_h108,v41_h51,0.036830998957157135
v41_h108,v41_h69,0.008139099925756454
v41_h108,v41_h90,0.008139099925756454
v41_h108,v41_h120,0.0054259998723864555
v41_h11,v41_h4,0.018990999087691307
v41_h11,v41_h6,0.05717800185084343
v41_h11,v41_h8,0.05853499844670296
v41_h11,v41_h10,0.0815960019826889
v41_h11,v41_h24,0.027130000293254852
v41_h11,v41_h26,0.02848700061440468
v41_h11,v41_h51,0.009495600126683712
v41_h11,v41_h69,0.013565000146627426
v41_h11,v41_h90,0.05853499844670296
v41_h11,v41_h115,0.0054259998723864555
v41_h11,v41_h120,0.009495600126683712
v41_h110,v41_h4,0.004069500137120485
v41_h110,v41_h6,0.006782600190490484
v41_h110,v41_h8,0.008139099925756454
v41_h110,v41_h10,0.008139099925756454
v41_h110,v41_h24,0.006782600190490484
v41_h110,v41_h26,0.0054259998723864555
v41_h110,v41_h51,0.0013564999680966139
v41_h110,v41_h69,0.006782600190490484
v41_h110,v41_h90,0.0054259998723864555
v41_h110,v41_h115,0.0027129999361932278
v41_h110,v41_h120,0.004069500137120485
v41_h111,v41_h4,0.008139099925756454
v41_h111,v41_h6,0.009495600126683712
v41_h111,v41_h8,0.008139099925756454
v41_h111,v41_h10,0.013565000146627426
v41_h111,v41_h24,0.008139099925756454
v41_h111,v41_h26,0.010851999744772911
v41_h111,v41_h51,0.0013564999680966139
v41_h111,v41_h69,0.004069500137120485
v41_h111,v41_h90,0.006782600190490484
v41_h111,v41_h115,0.004069500137120485
v41_h111,v41_h120,0.008139099925756454
v41_h112,v41_h4,0.009495600126683712
v41_h112,v41_h6,0.008139099925756454
v41_h112,v41_h8,0.010851999744772911
v41_h112,v41_h10,0.024416999891400337
v41_h112,v41_h24,0.010851999744772911
v41_h112,v41_h26,0.049038998782634735
v41_h112,v41_h51,0.008139099925756454
v41_h112,v41_h69,0.047683000564575195
v41_h112,v41_h90,0.006782600190490484
v41_h112,v41_h115,0.004069500137120485
v41_h112,v41_h120,0.013565000146627426
v41_h113,v41_h4,0.0027129999361932278
v41_h113,v41_h8,0.006782600190490484
v41_h113,v41_h10,0.042256999760866165
v41_h113,v41_h24,0.004069500137120485
v41_h113,v41_h26,0.006782600190490484
v41_h113,v41_h51,0.006782600190490484
v41_h113,v41_h69,0.006782600190490484
v41_h113,v41_h90,0.0027129999361932278
v41_h113,v41_h115,0.0027129999361932278
v41_h113,v41_h120,0.008139099925756454
v41_h114,v41_h4,0.008139099925756454
v41_h114,v41_h6,0.004069500137120485
v41_h114,v41_h8,0.0054259998723864555
v41_h114,v41_h10,0.05039599910378456
v41_h114,v41_h24,0.008139099925756454
v41_h114,v41_h26,0.010851999744772911
v41_h114,v41_h51,0.006782600190490484
v41_h114,v41_h69,0.006782600190490484
v41_h114,v41_h90,0.008139099925756454
v41_h114,v41_h115,0.004069500137120485
v41_h114,v41_h120,0.012209000065922737
v41_h12,v41_h4,0.047683000564575195
v41_h12,v41_h6,0.01627800054848194
v41_h12,v41_h8,0.017635000869631767
v41_h12,v41_h10,0.06938699632883072
v41_h12,v41_h24,0.05989199876785278
v41_h12,v41_h26,0.017635000869631767
v41_h12,v41_h51,0.0054259998723864555
v41_h12,v41_h69,0.0027129999361932278
v41_h12,v41_h90,0.05039599910378456
v41_h12,v41_h120,0.0013564999680966139
v41_h13,v41_h4,0.009495600126683712
v41_h13,v41_h6,0.043613001704216
v41_h13,v41_h8,0.047683000564575195
v41_h13,v41_h10,0.0517520010471344
v41_h13,v41_h24,0.0517520010471344
v41_h13,v41_h26,0.049038998782634735
v41_h13,v41_h51,0.0027129999361932278
v41_h13,v41_h90,0.012209000065922737
v41_h13,v41_h120,0.0027129999361932278
v41_h14,v41_h4,0.04632600024342537
v41_h14,v41_h6,0.012209000065922737
v41_h14,v41_h8,0.0517520010471344
v41_h14,v41_h10,0.06124800071120262
v41_h14,v41_h24,0.0517520010471344
v41_h14,v41_h26,0.014921999536454678
v41_h14,v41_h51,0.004069500137120485
v41_h14,v41_h69,0.004069500137120485
v41_h14,v41_h90,0.053109001368284225
v41_h14,v41_h115,0.0027129999361932278
v41_h14,v41_h120,0.0013564999680966139
v41_h15,v41_h4,0.012209000065922737
v41_h15,v41_h6,0.01627800054848194
v41_h15,v41_h8,0.05582199990749359
v41_h15,v41_h10,0.06531800329685211
v41_h15,v41_h24,0.021703999489545822
v41_h15,v41_h26,0.017635000869631767
v41_h15,v41_h51,0.004069500137120485
v41_h15,v41_h69,0.009495600126683712
v41_h15,v41_h90,0.054464999586343765
v41_h15,v41_h115,0.0013564999680966139
v41_h15,v41_h120,0.0054259998723864555
v41_h16,v41_h4,0.05853499844670296
v41_h16,v41_h6,0.01627800054848194
v41_h16,v41_h8,0.012209000065922737
v41_h16,v41_h10,0.06260500103235245
v41_h16,v41_h24,0.025774000212550163
v41_h16,v41_h26,0.05853499844670296
v41_h16,v41_h51,0.042256999760866165
v41_h16,v41_h69,0.012209000065922737
v41_h16,v41_h90,0.05582199990749359
v41_h16,v41_h115,0.0027129999361932278
v41_h16,v41_h120,0.006782600190490484
v41_h17,v41_h4,0.053109001368284225
v41_h17,v41_h6,0.012209000065922737
v41_h17,v41_h8,0.009495600126683712
v41_h17,v41_h10,0.018990999087691307
v41_h17,v41_h24,0.05039599910378456
v41_h17,v41_h26,0.012209000065922737
v41_h17,v41_h51,0.042256999760866165
v41_h17,v41_h69,0.0013564999680966139
v41_h17,v41_h90,0.009495600126683712
v41_h17,v41_h115,0.0013564999680966139
v41_h17,v41_h120,0.043613001704216
v41_h18,v41_h4,0.0027129999361932278
v41_h18,v41_h6,0.0013564999680966139
v41_h18,v41_h8,0.0013564999680966139
v41_h18,v41_h10,0.0013564999680966139
v41_h18,v41_h24,0.0013564999680966139
v41_h18,v41_h26,0.0013564999680966139
v41_h18,v41_h90,0.0013564999680966139
v41_h19,v41_h4,0.054464999586343765
v41_h19,v41_h6,0.049038998782634735
v41_h19,v41_h8,0.05039599910378456
v41_h19,v41_h10,0.06124800071120262
v41_h19,v41_h24,0.014921999536454678
v41_h19,v41_h26,0.01627800054848194
v41_h19,v41_h51,0.004069500137120485
v41_h19,v41_h69,0.0027129999361932278
v41_h19,v41_h90,0.014921999536454678
v41_h19,v41_h120,0.004069500137120485
v41_h2,v41_h4,0.05717800185084343
v41_h2,v41_h6,0.04632600024342537
v41_h2,v41_h8,0.009495600126683712
v41_h2,v41_h10,0.0517520010471344
v41_h2,v41_h24,0.013565000146627426
v41_h2,v41_h26,0.006782600190490484
v41_h2,v41_h51,0.008139099925756454
v41_h2,v41_h69,0.004069500137120485
v41_h2,v41_h90,0.009495600126683712
v41_h2,v41_h115,0.0027129999361932278
v41_h2,v41_h120,0.008139099925756454
v41_h21,v41_h4,0.010851999744772911
v41_h21,v41_h6,0.04632600024342537
v41_h21,v41_h8,0.04632600024342537
v41_h21,v41_h10,0.021703999489545822
v41_h21,v41_h24,0.05717800185084343
v41_h21,v41_h26,0.05853499844670296
v41_h21,v41_h51,0.006782600190490484
v41_h21,v41_h69,0.0027129999361932278
v41_h21,v41_h90,0.017635000869631767
v41_h21,v41_h120,0.0054259998723864555
v41_h22,v41_h4,0.013565000146627426
v41_h22,v41_h6,0.008139099925756454
v41_h22,v41_h8,0.014921999536454678
v41_h22,v41_h10,0.05582199990749359
v41_h22,v41_h24,0.021703999489545822
v41_h22,v41_h26,0.013565000146627426
v41_h22,v41_h51,0.04089999943971634
v41_h22,v41_h69,0.0054259998723864555
v41_h22,v41_h90,0.01627800054848194
v41_h22,v41_h120,0.0013564999680966139
v41_h24,v41_h4,0.014921999536454678
v41_h24,v41_h6,0.009495600126683712
v41_h24,v41_h8,0.013565000146627426
v41_h24,v41_h10,0.05717800185084343
v41_h24,v41_h26,0.054464999586343765
v41_h24,v41_h51,0.0054259998723864555
v41_h24,v41_h69,0.004069500137120485
v41_h24,v41_h90,0.024416999891400337
v41_h24,v41_h120,0.0054259998723864555
v41_h25,v41_h4,0.0054259998723864555
v41_h25,v41_h6,0.009495600126683712
v41_h25,v41_h8,0.009495600126683712
v41_h25,v41_h10,0.020347999408841133
v41_h25,v41_h24,0.054464999586343765
v41_h25,v41_h26,0.06124800071120262
v41_h25,v41_h51,0.0027129999361932278
v41_h25,v41_h69,0.004069500137120485
v41_h25,v41_h90,0.05039599910378456
v41_h25,v41_h120,0.0027129999361932278
v41_h26,v41_h4,0.006782600190490484
v41_h26,v41_h6,0.010851999744772911
v41_h26,v41_h8,0.010851999744772911
v41_h26,v41_h10,0.05853499844670296
v41_h26,v41_h24,0.054464999586343765
v41_h26,v41_h51,0.0027129999361932278
v41_h26,v41_h69,0.0027129999361932278
v41_h26,v41_h90,0.053109001368284225
v41_h26,v41_h120,0.006782600190490484
v41_h27,v41_h4,0.0054259998723864555
v41_h27,v41_h6,0.010851999744772911
v41_h27,v41_h8,0.010851999744772911
v41_h27,v41_h10,0.023060999810695648
v41_h27,v41_h24,0.053109001368284225
v41_h27,v41_h26,0.05989199876785278
v41_h27,v41_h51,0.004069500137120485
v41_h27,v41_h69,0.0013564999680966139
v41_h27,v41_h90,0.05717800185084343
v41_h27,v41_h115,0.0013564999680966139
v41_h27,v41_h120,0.0027129999361932278
v41_h29,v41_h4,0.04632600024342537
v41_h29,v41_h6,0.009495600126683712
v41_h29,v41_h8,0.043613001704216
v41_h29,v41_h10,0.014921999536454678
v41_h29,v41_h24,0.008139099925756454
v41_h29,v41_h26,0.008139099925756454
v41_h29,v41_h51,0.0027129999361932278
v41_h29,v41_h90,0.010851999744772911
v41_h29,v41_h120,0.0013564999680966139
v41_h3,v41_h4,0.05039599910378456
v41_h3,v41_h6,0.047683000564575195
v41_h3,v41_h8,0.013565000146627426
v41_h3,v41_h10,0.05989199876785278
v41_h3,v41_h24,0.0517520010471344
v41_h3,v41_h26,0.017635000869631767
v41_h3,v41_h51,0.04089999943971634
v41_h3,v41_h69,0.042256999760866165
v41_h3,v41_h90,0.014921999536454678
v41_h3,v41_h115,0.0054259998723864555
v41_h3,v41_h120,0.006782600190490484
v41_h31,v41_h4,0.009495600126683712
v41_h31,v41_h6,0.049038998782634735
v41_h31,v41_h8,0.013565000146627426
v41_h31,v41_h10,0.024416999891400337
v41_h31,v41_h24,0.018990999087691307
v41_h31,v41_h26,0.05853499844670296
v41_h31,v41_h51,0.004069500137120485
v41_h31,v41_h69,0.004069500137120485
v41_h31,v41_h90,0.021703999489545822
v41_h31,v41_h115,0.0027129999361932278
v41_h31,v41_h120,0.0027129999361932278
v41_h32,v41_h4,0.006782600190490484
v41_h32,v41_h6,0.012209000065922737
v41_h32,v41_h8,0.04632600024342537
v41_h32,v41_h10,0.05582199990749359
v41_h32,v41_h24,0.014921999536454678
v41_h32,v41_h26,0.014921999536454678
v41_h32,v41_h51,0.004069500137120485
v41_h32,v41_h69,0.0027129999361932278
v41_h32,v41_h90,0.049038998782634735
v41_h32,v41_h120,0.0027129999361932278
v41_h35,v41_h4,0.004069500137120485
v41_h35,v41_h6,0.0054259998723864555
v41_h35,v41_h8,0.006782600190490484
v41_h35,v41_h10,0.017635000869631767
v41_h35,v41_h24,0.009495600126683712
v41_h35,v41_h26,0.047683000564575195
v41_h35,v41_h51,0.0027129999361932278
v41_h35,v41_h69,0.006782600190490484
v41_h35,v41_h90,0.009495600126683712
v41_h35,v41_h115,0.0013564999680966139
v41_h35,v41_h120,0.043613001704216
v41_h4,v41_h6,0.047683000564575195
v41_h4,v41_h8,0.009495600126683712
v41_h4,v41_h10,0.014921999536454678
v41_h4,v41_h24,0.014921999536454678
v41_h4,v41_h26,0.006782600190490484
v41_h4,v41_h51,0.0054259998723864555
v41_h4,v41_h69,0.0054259998723864555
v41_h4,v41_h90,0.009495600126683712
v41_h4,v41_h115,0.0013564999680966139
v41_h4,v41_h120,0.008139099925756454
v41_h40,v41_h4,0.0013564999680966139
v41_h40,v41_h6,0.0027129999361932278
v41_h40,v41_h8,0.0027129999361932278
v41_h40,v41_h10,0.006782600190490484
v41_h40,v41_h24,0.012209000065922737
v41_h40,v41_h26,0.0517520010471344
v41_h40,v41_h51,0.0013564999680966139
v41_h40,v41_h90,0.008139099925756454
v41_h40,v41_h120,0.0013564999680966139
v41_h41,v41_h4,0.0013564999680966139
v41_h41,v41_h6,0.006782600190490484
v41_h41,v41_h8,0.008139099925756454
v41_h41,v41_h10,0.018990999087691307
v41_h41,v41_h24,0.047683000564575195
v41_h41,v41_h26,0.06531800329685211
v41_h41,v41_h51,0.0027129999361932278
v41_h41,v41_h69,0.004069500137120485
v41_h41,v41_h90,0.014921999536454678
v41_h41,v41_h115,0.0013564999680966139
v41_h41,v41_h120,0.0013564999680966139
v41_h42,v41_h4,0.0054259998723864555
v41_h42,v41_h6,0.0054259998723864555
v41_h42,v41_h8,0.006782600190490484
v41_h42,v41_h10,0.014921999536454678
v41_h42,v41_h24,0.05853499844670296
v41_h42,v41_h26,0.05853499844670296
v41_h42,v41_h51,0.0027129999361932278
v41_h42,v41_h69,0.0027129999361932278
v41_h42,v41_h90,0.0517520010471344
v41_h42,v41_h115,0.0027129999361932278
v41_h42,v41_h120,0.0027129999361932278
v41_h43,v41_h6,0.0013564999680966139
v41_h43,v41_h10,0.0054259998723864555
v41_h43,v41_h24,0.0054259998723864555
v41_h43,v41_h26,0.042256999760866165
v41_h43,v41_h69,0.0027129999361932278
v41_h43,v41_h90,0.0054259998723864555
v41_h44,v41_h4,0.0054259998723864555
v41_h44,v41_h6,0.006782600190490484
v41_h44,v41_h8,0.006782600190490484
v41_h44,v41_h10,0.013565000146627426
v41_h44,v41_h24,0.053109001368284225
v41_h44,v41_h26,0.05853499844670296
v41_h44,v41_h51,0.004069500137120485
v41_h44,v41_h69,0.004069500137120485
v41_h44,v41_h90,0.047683000564575195
v41_h44,v41_h120,0.0027129999361932278
v41_h45,v41_h4,0.0054259998723864555
v41_h45,v41_h6,0.008139099925756454
v41_h45,v41_h8,0.009495600126683712
v41_h45,v41_h10,0.05582199990749359
v41_h45,v41_h24,0.05039599910378456
v41_h45,v41_h26,0.05717800185084343
v41_h45,v41_h51,0.004069500137120485
v41_h45,v41_h69,0.0027129999361932278
v41_h45,v41_h90,0.017635000869631767
v41_h46,v41_h4,0.0013564999680966139
v41_h46,v41_h6,0.004069500137120485
v41_h46,v41_h8,0.0054259998723864555
v41_h46,v41_h10,0.014921999536454678
v41_h46,v41_h24,0.010851999744772911
v41_h46,v41_h26,0.05989199876785278
v41_h46,v41_h51,0.004069500137120485
v41_h46,v41_h90,0.012209000065922737
v41_h46,v41_h120,0.0013564999680966139
v41_h48,v41_h4,0.006782600190490484
v41_h48,v41_h6,0.009495600126683712
v41_h48,v41_h8,0.04496999830007553
v41_h48,v41_h10,0.018990999087691307
v41_h48,v41_h24,0.013565000146627426
v41_h48,v41_h26,0.018990999087691307
v41_h48,v41_h51,0.004069500137120485
v41_h48,v41_h69,0.0054259998723864555
v41_h48,v41_h90,0.012209000065922737
v41_h48,v41_h115,0.0013564999680966139
v41_h48,v41_h120,0.004069500137120485
v41_h49,v41_h4,0.0013564999680966139
v41_h49,v41_h8,0.0013564999680966139
v41_h49,v41_h10,0.006782600190490484
v41_h49,v41_h24,0.0013564999680966139
v41_h49,v41_h26,0.0054259998723864555
v41_h49,v41_h51,0.0013564999680966139
v41_h49,v41_h90,0.004069500137120485
v41_h5,v41_h4,0.054464999586343765
v41_h5,v41_h6,0.047683000564575195
v41_h5,v41_h8,0.05039599910378456
v41_h5,v41_h10,0.05717800185084343
v41_h5,v41_h24,0.0517520010471344
v41_h5,v41_h26,0.010851999744772911
v41_h5,v41_h51,0.0054259998723864555
v41_h5,v41_h69,0.004069500137120485
v41_h5,v41_h90,0.013565000146627426
v41_h5,v41_h115,0.0013564999680966139
v41_h5,v41_h120,0.006782600190490484
v41_h50,v41_h4,0.0054259998723864555
v41_h50,v41_h8,0.0027129999361932278
v41_h50,v41_h10,0.009495600126683712
v41_h50,v41_h24,0.0054259998723864555
v41_h50,v41_h26,0.0054259998723864555
v41_h50,v41_h51,0.0027129999361932278
v41_h50,v41_h69,0.006782600190490484
v41_h50,v41_h90,0.004069500137120485
v41_h50,v41_h120,0.0054259998723864555
v41_h54,v41_h4,0.004069500137120485
v41_h54,v41_h6,0.0027129999361932278
v41_h54,v41_h10,0.0027129999361932278
v41_h54,v41_h24,0.0027129999361932278
v41_h54,v41_h26,0.004069500137120485
v41_h54,v41_h51,0.009495600126683712
v41_h54,v41_h69,0.04089999943971634
v41_h54,v41_h90,0.0013564999680966139
v41_h54,v41_h120,0.04496999830007553
v41_h55,v41_h4,0.008139099925756454
v41_h55,v41_h6,0.009495600126683712
v41_h55,v41_h8,0.006782600190490484
v41_h55,v41_h10,0.010851999744772911
v41_h55,v41_h24,0.006782600190490484
v41_h55,v41_h26,0.006782600190490484
v41_h55,v41_h51,0.043613001704216
v41_h55,v41_h69,0.013565000146627426
v41_h55,v41_h90,0.0054259998723864555
v41_h55,v41_h115,0.004069500137120485
v41_h55,v41_h120,0.008139099925756454
v41_h56,v41_h4,0.0027129999361932278
v41_h56,v41_h6,0.0027129999361932278
v41_h56,v41_h8,0.0027129999361932278
v41_h56,v41_h10,0.0054259998723864555
v41_h56,v41_h26,0.0013564999680966139
v41_h56,v41_h51,0.04632600024342537
v41_h56,v41_h69,0.004069500137120485
v41_h56,v41_h90,0.0027129999361932278
v41_h56,v41_h115,0.0013564999680966139
v41_h56,v41_h120,0.008139099925756454
v41_h57,v41_h51,0.0027129999361932278
v41_h58,v41_h4,0.004069500137120485
v41_h58,v41_h6,0.0027129999361932278
v41_h58,v41_h8,0.0013564999680966139
v41_h58,v41_h10,0.0054259998723864555
v41_h58,v41_h26,0.0013564999680966139
v41_h58,v41_h51,0.043613001704216
v41_h58,v41_h69,0.0013564999680966139
v41_h58,v41_h90,0.0027129999361932278
v41_h58,v41_h120,0.0027129999361932278
v41_h59,v41_h4,0.0027129999361932278
v41_h59,v41_h6,0.0027129999361932278
v41_h59,v41_h8,0.0013564999680966139
v41_h59,v41_h10,0.006782600190490484
v41_h59,v41_h24,0.0013564999680966139
v41_h59,v41_h26,0.004069500137120485
v41_h59,v41_h51,0.043613001704216
v41_h59,v41_h69,0.04496999830007553
v41_h59,v41_h90,0.004069500137120485
v41_h59,v41_h115,0.0027129999361932278
v41_h59,v41_h120,0.008139099925756454
v41_h6,v41_h4,0.047683000564575195
v41_h6,v41_h8,0.047683000564575195
v41_h6,v41_h10,0.020347999408841133
v41_h6,v41_h24,0.009495600126683712
v41_h6,v41_h26,0.010851999744772911
v41_h6,v41_h51,0.0013564999680966139
v41_h6,v41_h69,0.004069500137120485
v41_h6,v41_h90,0.0054259998723864555
v41_h6,v41_h120,0.004069500137120485
v41_h60,v41_h4,0.042256999760866165
v41_h60,v41_h6,0.0054259998723864555
v41_h60,v41_h8,0.0027129999361932278
v41_h60,v41_h10,0.014921999536454678
v41_h60,v41_h24,0.0054259998723864555
v41_h60,v41_h26,0.009495600126683712
v41_h60,v41_h51,0.043613001704216
v41_h60,v41_h69,0.008139099925756454
v41_h60,v41_h90,0.006782600190490484
v41_h60,v41_h115,0.0027129999361932278
v41_h60,v41_h120,0.010851999744772911
v41_h61,v41_h4,0.012209000065922737
v41_h61,v41_h6,0.004069500137120485
v41_h61,v41_h8,0.0054259998723864555
v41_h61,v41_h10,0.013565000146627426
v41_h61,v41_h24,0.009495600126683712
v41_h61,v41_h26,0.010851999744772911
v41_h61,v41_h51,0.0054259998723864555
v41_h61,v41_h69,0.010851999744772911
v41_h61,v41_h90,0.0054259998723864555
v41_h61,v41_h115,0.0054259998723864555
v41_h61,v41_h120,0.0517520010471344
v41_h62,v41_h4,0.047683000564575195
v41_h62,v41_h6,0.004069500137120485
v41_h62,v41_h8,0.0054259998723864555
v41_h62,v41_h10,0.014921999536454678
v41_h62,v41_h24,0.04632600024342537
v41_h62,v41_h26,0.008139099925756454
v41_h62,v41_h51,0.006782600190490484
v41_h62,v41_h69,0.05039599910378456
v41_h62,v41_h90,0.04496999830007553
v41_h62,v41_h115,0.0027129999361932278
v41_h62,v41_h120,0.006782600190490484
v41_h63,v41_h4,0.009495600126683712
v41_h63,v41_h6,0.006782600190490484
v41_h63,v41_h8,0.008139099925756454
v41_h63,v41_h10,0.05717800185084343
v41_h63,v41_h24,0.014921999536454678
v41_h63,v41_h26,0.013565000146627426
v41_h63,v41_h51,0.006782600190490484
v41_h63,v41_h69,0.0517520010471344
v41_h63,v41_h90,0.006782600190490484
v41_h63,v41_h115,0.0013564999680966139
v41_h63,v41_h120,0.014921999536454678
v41_h65,v41_h4,0.008139099925756454
v41_h65,v41_h6,0.0054259998723864555
v41_h65,v41_h8,0.004069500137120485
v41_h65,v41_h10,0.047683000564575195
v41_h65,v41_h24,0.008139099925756454
v41_h65,v41_h26,0.010851999744772911
v41_h65,v41_h51,0.004069500137120485
v41_h65,v41_h69,0.049038998782634735
v41_h65,v41_h90,0.009495600126683712
v41_h65,v41_h115,0.0027129999361932278
v41_h65,v41_h120,0.006782600190490484
v41_h66,v41_h4,0.004069500137120485
v41_h66,v41_h6,0.004069500137120485
v41_h66,v41_h8,0.0027129999361932278
v41_h66,v41_h10,0.043613001704216
v41_h66,v41_h24,0.004069500137120485
v41_h66,v41_h26,0.006782600190490484
v41_h66,v41_h51,0.0013564999680966139
v41_h66,v41_h69,0.042256999760866165
v41_h66,v41_h90,0.006782600190490484
v41_h66,v41_h115,0.0013564999680966139
v41_h66,v41_h120,0.006782600190490484
v41_h67,v41_h4,0.0054259998723864555
v41_h67,v41_h6,0.004069500137120485
v41_h67,v41_h8,0.0054259998723864555
v41_h67,v41_h10,0.010851999744772911
v41_h67,v41_h24,0.0054259998723864555
v41_h67,v41_h26,0.0027129999361932278
v41_h67,v41_h51,0.0027129999361932278
v41_h67,v41_h69,0.05039599910378456
v41_h67,v41_h90,0.006782600190490484
v41_h67,v41_h115,0.0013564999680966139
v41_h67,v41_h120,0.0027129999361932278
v41_h69,v41_h4,0.0054259998723864555
v41_h69,v41_h6,0.004069500137120485
v41_h69,v41_h8,0.004069500137120485
v41_h69,v41_h10,0.009495600126683712
v41_h69,v41_h24,0.004069500137120485
v41_h69,v41_h26,0.0027129999361932278
v41_h69,v41_h51,0.0027129999361932278
v41_h69,v41_h90,0.0013564999680966139
v41_h69,v41_h115,0.004069500137120485
v41_h69,v41_h120,0.004069500137120485
v41_h70,v41_h4,0.0395440012216568
v41_h70,v41_h6,0.0054259998723864555
v41_h70,v41_h8,0.0013564999680966139
v41_h70,v41_h10,0.0054259998723864555
v41_h70,v41_h26,0.0054259998723864555
v41_h70,v41_h51,0.0013564999680966139
v41_h70,v41_h69,0.04632600024342537
v41_h70,v41_h120,0.0013564999680966139
v41_h71,v41_h4,0.0054259998723864555
v41_h71,v41_h6,0.0013564999680966139
v41_h71,v41_h8,0.0013564999680966139
v41_h71,v41_h10,0.008139099925756454
v41_h71,v41_h24,0.004069500137120485
v41_h71,v41_h26,0.004069500137120485
v41_h71,v41_h51,0.04496999830007553
v41_h71,v41_h69,0.009495600126683712
v41_h71,v41_h90,0.004069500137120485
v41_h71,v41_h115,0.0013564999680966139
v41_h71,v41_h120,0.009495600126683712
v41_h72,v41_h4,0.0013564999680966139
v41_h72,v41_h10,0.004069500137120485
v41_h72,v41_h24,0.0013564999680966139
v41_h72,v41_h51,0.0027129999361932278
v41_h72,v41_h69,0.009495600126683712
v41_h72,v41_h115,0.0013564999680966139
v41_h72,v41_h120,0.0013564999680966139
v41_h73,v41_h4,0.0027129999361932278
v41_h73,v41_h10,0.0027129999361932278
v41_h73,v41_h24,0.0027129999361932278
v41_h73,v41_h51,0.0027129999361932278
v41_h73,v41_h69,0.04496999830007553
v41_h73,v41_h90,0.0013564999680966139
v41_h73,v41_h115,0.036830998957157135
v41_h73,v41_h120,0.0027129999361932278
v41_h74,v41_h4,0.049038998782634735
v41_h74,v41_h6,0.013565000146627426
v41_h74,v41_h8,0.006782600190490484
v41_h74,v41_h10,0.018990999087691307
v41_h74,v41_h24,0.043613001704216
v41_h74,v41_h26,0.012209000065922737
v41_h74,v41_h51,0.008139099925756454
v41_h74,v41_h69,0.049038998782634735
v41_h74,v41_h90,0.009495600126683712
v41_h74,v41_h115,0.004069500137120485
v41_h74,v41_h120,0.047683000564575195
v41_h75,v41_h4,0.004069500137120485
v41_h75,v41_h6,0.0013564999680966139
v41_h75,v41_h8,0.0027129999361932278
v41_h75,v41_h10,0.010851999744772911
v41_h75,v41_h24,0.0027129999361932278
v41_h75,v41_h26,0.043613001704216
v41_h75,v41_h51,0.0027129999361932278
v41_h75,v41_h69,0.008139099925756454
v41_h75,v41_h90,0.0027129999361932278
v41_h75,v41_h115,0.0013564999680966139
v41_h75,v41_h120,0.010851999744772911
v41_h76,v41_h4,0.004069500137120485
v41_h76,v41_h6,0.0054259998723864555
v41_h76,v41_h8,0.0054259998723864555
v41_h76,v41_h10,0.04632600024342537
v41_h76,v41_h24,0.004069500137120485
v41_h76,v41_h26,0.04496999830007553
v41_h76,v41_h51,0.0027129999361932278
v41_h76,v41_h69,0.0013564999680966139
v41_h76,v41_h90,0.004069500137120485
v41_h76,v41_h120,0.0013564999680966139
v41_h77,v41_h4,0.0027129999361932278
v41_h77,v41_h6,0.0027129999361932278
v41_h77,v41_h8,0.0027129999361932278
v41_h77,v41_h10,0.009495600126683712
v41_h77,v41_h24,0.004069500137120485
v41_h77,v41_h26,0.006782600190490484
v41_h77,v41_h51,0.0013564999680966139
v41_h77,v41_h69,0.0013564999680966139
v41_h77,v41_h90,0.006782600190490484
v41_h77,v41_h120,0.0027129999361932278
v41_h78,v41_h4,0.004069500137120485
v41_h78,v41_h6,0.0027129999361932278
v41_h78,v41_h8,0.0027129999361932278
v41_h78,v41_h10,0.012209000065922737
v41_h78,v41_h24,0.006782600190490484
v41_h78,v41_h26,0.010851999744772911
v41_h78,v41_h51,0.004069500137120485
v41_h78,v41_h69,0.0013564999680966139
v41_h78,v41_h90,0.043613001704216
v41_h78,v41_h120,0.0027129999361932278
v41_h79,v41_h4,0.008139099925756454
v41_h79,v41_h6,0.006782600190490484
v41_h79,v41_h8,0.008139099925756454
v41_h79,v41_h10,0.01627800054848194
v41_h79,v41_h24,0.009495600126683712
v41_h79,v41_h26,0.014921999536454678
v41_h79,v41_h51,0.0054259998723864555
v41_h79,v41_h69,0.0054259998723864555
v41_h79,v41_h90,0.009495600126683712
v41_h79,v41_h115,0.0027129999361932278
v41_h79,v41_h120,0.008139099925756454
v41_h80,v41_h4,0.004069500137120485
v41_h80,v41_h6,0.0395440012216568
v41_h80,v41_h8,0.0054259998723864555
v41_h80,v41_h10,0.006782600190490484
v41_h80,v41_h24,0.008139099925756454
v41_h80,v41_h26,0.0054259998723864555
v41_h80,v41_h51,0.0013564999680966139
v41_h80,v41_h69,0.0013564999680966139
v41_h80,v41_h90,0.0054259998723864555
v41_h81,v41_h4,0.0027129999361932278
v41_h81,v41_h6,0.004069500137120485
v41_h81,v41_h8,0.0013564999680966139
v41_h81,v41_h10,0.004069500137120485
v41_h81,v41_h24,0.004069500137120485
v41_h81,v41_h26,0.004069500137120485
v41_h81,v41_h51,0.0013564999680966139
v41_h81,v41_h90,0.004069500137120485
v41_h81,v41_h120,0.0013564999680966139
v41_h83,v41_h4,0.0027129999361932278
v41_h83,v41_h6,0.0054259998723864555
v41_h83,v41_h8,0.008139099925756454
v41_h83,v41_h10,0.04632600024342537
v41_h83,v41_h24,0.010851999744772911
v41_h83,v41_h26,0.012209000065922737
v41_h83,v41_h51,0.0027129999361932278
v41_h83,v41_h69,0.004069500137120485
v41_h83,v41_h90,0.010851999744772911
v41_h83,v41_h120,0.0013564999680966139
v41_h84,v41_h4,0.004069500137120485
v41_h84,v41_h6,0.008139099925756454
v41_h84,v41_h8,0.009495600126683712
v41_h84,v41_h10,0.054464999586343765
v41_h84,v41_h24,0.009495600126683712
v41_h84,v41_h26,0.01627800054848194
v41_h84,v41_h51,0.0013564999680966139
v41_h84,v41_h69,0.0027129999361932278
v41_h84,v41_h90,0.010851999744772911
v41_h84,v41_h120,0.006782600190490484
v41_h85,v41_h4,0.004069500137120485
v41_h85,v41_h6,0.004069500137120485
v41_h85,v41_h8,0.004069500137120485
v41_h85,v41_h10,0.009495600126683712
v41_h85,v41_h24,0.009495600126683712
v41_h85,v41_h26,0.049038998782634735
v41_h85,v41_h51,0.0013564999680966139
v41_h85,v41_h69,0.0054259998723864555
v41_h85,v41_h90,0.008139099925756454
v41_h85,v41_h120,0.0013564999680966139
v41_h87,v41_h6,0.0027129999361932278
v41_h87,v41_h8,0.0054259998723864555
v41_h87,v41_h10,0.008139099925756454
v41_h87,v41_h24,0.006782600190490484
v41_h87,v41_h26,0.043613001704216
v41_h87,v41_h51,0.0027129999361932278
v41_h87,v41_h69,0.0013564999680966139
v41_h87,v41_h90,0.0054259998723864555
v41_h87,v41_h120,0.0013564999680966139
v41_h88,v41_h4,0.0013564999680966139
v41_h88,v41_h6,0.004069500137120485
v41_h88,v41_h8,0.0054259998723864555
v41_h88,v41_h10,0.009495600126683712
v41_h88,v41_h24,0.009495600126683712
v41_h88,v41_h26,0.0517520010471344
v41_h88,v41_h51,0.036830998957157135
v41_h88,v41_h90,0.047683000564575195
v41_h89,v41_h4,0.0013564999680966139
v41_h89,v41_h6,0.0027129999361932278
v41_h89,v41_h8,0.0054259998723864555
v41_h89,v41_h10,0.04496999830007553
v41_h89,v41_h24,0.012209000065922737
v41_h89,v41_h26,0.0517520010471344
v41_h89,v41_h51,0.0013564999680966139
v41_h89,v41_h69,0.0013564999680966139
v41_h89,v41_h90,0.05039599910378456
v41_h9,v41_h4,0.008139099925756454
v41_h9,v41_h6,0.012209000065922737
v41_h9,v41_h8,0.0517520010471344
v41_h9,v41_h10,0.06396099925041199
v41_h9,v41_h24,0.04632600024342537
v41_h9,v41_h26,0.013565000146627426
v41_h9,v41_h51,0.0013564999680966139
v41_h9,v41_h69,0.0054259998723864555
v41_h9,v41_h90,0.010851999744772911
v41_h9,v41_h115,0.0027129999361932278
v41_h9,v41_h120,0.0054259998723864555
v41_h90,v41_h4,0.009495600126683712
v41_h90,v41_h6,0.0054259998723864555
v41_h90,v41_h8,0.009495600126683712
v41_h90,v41_h10,0.054464999586343765
v41_h90,v41_h24,0.024416999891400337
v41_h90,v41_h26,0.053109001368284225
v41_h90,v41_h51,0.004069500137120485
v41_h90,v41_h69,0.0013564999680966139
v41_h90,v41_h115,0.0013564999680966139
v41_h90,v41_h120,0.0027129999361932278
v41_h91,v41_h4,0.0054259998723864555
v41_h91,v41_h6,0.006782600190490484
v41_h91,v41_h8,0.04632600024342537
v41_h91,v41_h10,0.05582199990749359
v41_h91,v41_h24,0.054464999586343765
v41_h91,v41_h26,0.05989199876785278
v41_h91,v41_h51,0.0054259998723864555
v41_h91,v41_h69,0.0013564999680966139
v41_h91,v41_h90,0.05582199990749359
v41_h91,v41_h120,0.006782600190490484
v41_h92,v41_h4,0.004069500137120485
v41_h92,v41_h6,0.004069500137120485
v41_h92,v41_h8,0.008139099925756454
v41_h92,v41_h10,0.05039599910378456
v41_h92,v41_h24,0.04496999830007553
v41_h92,v41_h26,0.006782600190490484
v41_h92,v41_h51,0.0013564999680966139
v41_h92,v41_h90,0.047683000564575195
v41_h93,v41_h4,0.004069500137120485
v41_h93,v41_h6,0.0013564999680966139
v41_h93,v41_h8,0.0013564999680966139
v41_h93,v41_h10,0.006782600190490484
v41_h93,v41_h24,0.0013564999680966139
v41_h93,v41_h26,0.0027129999361932278
v41_h93,v41_h51,0.0013564999680966139
v41_h93,v41_h69,0.0013564999680966139
v41_h93,v41_h90,0.0027129999361932278
v41_h94,v41_h4,0.0027129999361932278
v41_h94,v41_h6,0.004069500137120485
v41_h94,v41_h8,0.006782600190490484
v41_h94,v41_h10,0.04496999830007553
v41_h94,v41_h24,0.008139099925756454
v41_h94,v41_h26,0.009495600126683712
v41_h94,v41_h90,0.008139099925756454
v41_h94,v41_h115,0.0013564999680966139
v41_h94,v41_h120,0.0013564999680966139
v41_h95,v41_h4,0.0027129999361932278
v41_h95,v41_h6,0.004069500137120485
v41_h95,v41_h8,0.004069500137120485
v41_h95,v41_h10,0.006782600190490484
v41_h95,v41_h24,0.004069500137120485
v41_h95,v41_h26,0.004069500137120485
v41_h95,v41_h51,0.0013564999680966139
v41_h95,v41_h90,0.004069500137120485
v41_h96,v41_h4,0.0027129999361932278
v41_h96,v41_h6,0.0395440012216568
v41_h96,v41_h8,0.0027129999361932278
v41_h96,v41_h10,0.008139099925756454
v41_h96,v41_h24,0.0027129999361932278
v41_h96,v41_h26,0.0013564999680966139
v41_h96,v41_h51,0.0013564999680966139
v41_h96,v41_h69,0.0013564999680966139
v41_h96,v41_h90,0.0027129999361932278
v41_h97,v41_h4,0.0054259998723864555
v41_h97,v41_h6,0.004069500137120485
v41_h97,v41_h8,0.004069500137120485
v41_h97,v41_h10,0.0395440012216568
v41_h97,v41_h24,0.008139099925756454
v41_h97,v41_h26,0.008139099925756454
v41_h97,v41_h51,0.0027129999361932278
v41_h97,v41_h69,0.0013564999680966139
v41_h97,v41_h90,0.008139099925756454
v41_h97,v41_h115,0.0013564999680966139
v41_h97,v41_h120,0.0027129999361932278
v41_h98,v41_h4,0.0013564999680966139
v41_h98,v41_h10,0.0013564999680966139
v41_h98,v41_h24,0.0013564999680966139
v41_h98,v41_h90,0.0013564999680966139
v42_h1,v42_h19,0.022381000220775604
v42_h1,v42_h55,0.004476100206375122
v42_h1,v42_h117,0.004476100206375122
v42_h10,v42_h19,0.09823600202798843
v42_h10,v42_h55,0.017904000356793404
v42_h10,v42_h117,0.004476100206375122
v42_h101,v42_h90,0.004476100206375122
v42_h101,v42_h110,0.008952200412750244
v42_h102,v42_h90,0.017904000356793404
v42_h102,v42_h110,0.09823600202798843
v42_h102,v42_h117,0.004476100206375122
v42_h104,v42_h90,0.013427999801933765
v42_h104,v42_h110,0.026856999844312668
v42_h104,v42_h117,0.013427999801933765
v42_h105,v42_h90,0.017904000356793404
v42_h105,v42_h110,0.026856999844312668
v42_h105,v42_h117,0.017904000356793404
v42_h108,v42_h90,0.04476099833846092
v42_h108,v42_h110,0.11614000052213669
v42_h108,v42_h117,0.11166000366210938
v42_h11,v42_h19,0.004476100206375122
v42_h11,v42_h55,0.004476100206375122
v42_h110,v42_h19,0.004476100206375122
v42_h110,v42_h90,0.09823600202798843
v42_h110,v42_h117,0.017904000356793404
v42_h111,v42_h90,0.08480799943208694
v42_h111,v42_h110,0.10718999803066254
v42_h111,v42_h117,0.026856999844312668
v42_h112,v42_h110,0.017904000356793404
v42_h112,v42_h117,0.017904000356793404
v42_h113,v42_h90,0.022381000220775604
v42_h113,v42_h110,0.017904000356793404
v42_h113,v42_h117,0.120619997382164
v42_h114,v42_h90,0.017904000356793404
v42_h114,v42_h110,0.03133299946784973
v42_h114,v42_h117,0.1385200023651123
v42_h12,v42_h19,0.026856999844312668
v42_h12,v42_h55,0.013427999801933765
v42_h12,v42_h90,0.004476100206375122
v42_h12,v42_h110,0.004476100206375122
v42_h12,v42_h117,0.008952200412750244
v42_h13,v42_h19,0.0892840027809143
v42_h13,v42_h55,0.008952200412750244
v42_h13,v42_h90,0.008952200412750244
v42_h13,v42_h110,0.06690400093793869
v42_h13,v42_h117,0.004476100206375122
v42_h14,v42_h19,0.004476100206375122
v42_h14,v42_h110,0.004476100206375122
v42_h15,v42_h19,0.11166000366210938
v42_h15,v42_h55,0.08480799943208694
v42_h15,v42_h110,0.004476100206375122
v42_h15,v42_h117,0.004476100206375122
v42_h16,v42_h19,0.026856999844312668
v42_h16,v42_h55,0.017904000356793404
v42_h16,v42_h110,0.004476100206375122
v42_h16,v42_h117,0.004476100206375122
v42_h17,v42_h19,0.026856999844312668
v42_h17,v42_h55,0.004476100206375122
v42_h17,v42_h90,0.004476100206375122
v42_h17,v42_h117,0.004476100206375122
v42_h18,v42_h19,0.08480799943208694
v42_h18,v42_h55,0.008952200412750244
v42_h18,v42_h110,0.004476100206375122
v42_h19,v42_h55,0.08033200353384018
v42_h19,v42_h110,0.004476100206375122
v42_h19,v42_h117,0.004476100206375122
v42_h2,v42_h19,0.022381000220775604
v42_h2,v42_h55,0.008952200412750244
v42_h21,v42_h19,0.04028499871492386
v42_h21,v42_h117,0.004476100206375122
v42_h22,v42_h19,0.04028499871492386
v42_h22,v42_h55,0.004476100206375122
v42_h22,v42_h90,0.004476100206375122
v42_h24,v42_h19,0.008952200412750244
v42_h24,v42_h55,0.004476100206375122
v42_h25,v42_h19,0.008952200412750244
v42_h25,v42_h110,0.008952200412750244
v42_h25,v42_h117,0.004476100206375122
v42_h26,v42_h19,0.10718999803066254
v42_h26,v42_h55,0.008952200412750244
v42_h26,v42_h110,0.004476100206375122
v42_h27,v42_h19,0.04476099833846092
v42_h27,v42_h55,0.008952200412750244
v42_h27,v42_h110,0.004476100206375122
v42_h29,v42_h19,0.026856999844312668
v42_h29,v42_h55,0.004476100206375122
v42_h31,v42_h19,0.035808999091386795
v42_h31,v42_h55,0.008952200412750244
v42_h31,v42_h117,0.004476100206375122
v42_h32,v42_h19,0.008952200412750244
v42_h32,v42_h110,0.004476100206375122
v42_h35,v42_h19,0.09375999867916107
v42_h35,v42_h55,0.008952200412750244
v42_h4,v42_h19,0.004476100206375122
v42_h41,v42_h19,0.10271000117063522
v42_h41,v42_h55,0.008952200412750244
v42_h41,v42_h117,0.004476100206375122
v42_h42,v42_h19,0.10718999803066254
v42_h42,v42_h55,0.004476100206375122
v42_h43,v42_h19,0.0892840027809143
v42_h43,v42_h55,0.004476100206375122
v42_h44,v42_h19,0.09823600202798843
v42_h44,v42_h55,0.022381000220775604
v42_h48,v42_h19,0.04476099833846092
v42_h48,v42_h55,0.013427999801933765
v42_h48,v42_h110,0.004476100206375122
v42_h48,v42_h117,0.004476100206375122
v42_h49,v42_h19,0.049237001687288284
v42_h49,v42_h55,0.013427999801933765
v42_h49,v42_h110,0.004476100206375122
v42_h49,v42_h117,0.004476100206375122
v42_h5,v42_h19,0.004476100206375122
v42_h5,v42_h117,0.004476100206375122
v42_h54,v42_h19,0.013427999801933765
v42_h54,v42_h55,0.008952200412750244
v42_h54,v42_h110,0.004476100206375122
v42_h54,v42_h117,0.004476100206375122
v42_h55,v42_h19,0.08033200353384018
v42_h56,v42_h19,0.026856999844312668
v42_h56,v42_h55,0.08033200353384018
v42_h57,v42_h19,0.022381000220775604
v42_h57,v42_h55,0.008952200412750244
v42_h57,v42_h110,0.004476100206375122
v42_h57,v42_h117,0.004476100206375122
v42_h58,v42_h90,0.008952200412750244
v42_h58,v42_h110,0.026856999844312668
v42_h58,v42_h117,0.008952200412750244
v42_h59,v42_h90,0.022381000220775604
v42_h59,v42_h110,0.11166000366210938
v42_h59,v42_h117,0.013427999801933765
v42_h60,v42_h90,0.022381000220775604
v42_h60,v42_h110,0.017904000356793404
v42_h60,v42_h117,0.008952200412750244
v42_h61,v42_h90,0.022381000220775604
v42_h61,v42_h110,0.035808999091386795
v42_h61,v42_h117,0.04028499871492386
v42_h62,v42_h90,0.017904000356793404
v42_h62,v42_h110,0.017904000356793404
v42_h62,v42_h117,0.008952200412750244
v42_h63,v42_h19,0.013427999801933765
v42_h63,v42_h55,0.008952200412750244
v42_h63,v42_h110,0.004476100206375122
v42_h63,v42_h117,0.004476100206375122
v42_h65,v42_h90,0.022381000220775604
v42_h65,v42_h110,0.10271000117063522
v42_h65,v42_h117,0.026856999844312668
v42_h66,v42_h90,0.026856999844312668
v42_h66,v42_h110,0.017904000356793404
v42_h66,v42_h117,0.008952200412750244
v42_h67,v42_h90,0.004476100206375122
v42_h67,v42_h110,0.004476100206375122
v42_h69,v42_h90,0.004476100206375122
v42_h69,v42_h110,0.008952200412750244
v42_h69,v42_h117,0.013427999801933765
v42_h70,v42_h90,0.017904000356793404
v42_h70,v42_h110,0.004476100206375122
v42_h70,v42_h117,0.004476100206375122
v42_h72,v42_h90,0.026856999844312668
v42_h72,v42_h110,0.017904000356793404
v42_h73,v42_h90,0.09823600202798843
v42_h73,v42_h110,0.026856999844312668
v42_h73,v42_h117,0.008952200412750244
v42_h74,v42_h90,0.10271000117063522
v42_h74,v42_h110,0.026856999844312668
v42_h74,v42_h117,0.004476100206375122
v42_h75,v42_h90,0.11166000366210938
v42_h75,v42_h110,0.09823600202798843
v42_h75,v42_h117,0.017904000356793404
v42_h76,v42_h90,0.09375999867916107
v42_h76,v42_h110,0.008952200412750244
v42_h77,v42_h19,0.013427999801933765
v42_h77,v42_h90,0.04476099833846092
v42_h77,v42_h110,0.017904000356793404
v42_h77,v42_h117,0.008952200412750244
v42_h78,v42_h90,0.049237001687288284
v42_h78,v42_h110,0.013427999801933765
v42_h78,v42_h117,0.008952200412750244
v42_h79,v42_h90,0.120619997382164
v42_h79,v42_h110,0.03133299946784973
v42_h79,v42_h117,0.017904000356793404
v42_h80,v42_h90,0.09375999867916107
v42_h80,v42_h110,0.026856999844312668
v42_h80,v42_h117,0.08480799943208694
v42_h81,v42_h90,0.026856999844312668
v42_h81,v42_h110,0.008952200412750244
v42_h81,v42_h117,0.004476100206375122
v42_h83,v42_h19,0.004476100206375122
v42_h83,v42_h90,0.09823600202798843
v42_h83,v42_h110,0.026856999844312668
v42_h83,v42_h117,0.026856999844312668
v42_h84,v42_h90,0.09375999867916107
v42_h84,v42_h110,0.017904000356793404
v42_h84,v42_h117,0.008952200412750244
v42_h85,v42_h90,0.04028499871492386
v42_h85,v42_h110,0.08480799943208694
v42_h85,v42_h117,0.013427999801933765
v42_h87,v42_h90,0.10271000117063522
v42_h87,v42_h110,0.08480799943208694
v42_h87,v42_h117,0.017904000356793404
v42_h88,v42_h90,0.10271000117063522
v42_h88,v42_h110,0.022381000220775604
v42_h88,v42_h117,0.004476100206375122
v42_h89,v42_h90,0.09823600202798843
v42_h89,v42_h110,0.017904000356793404
v42_h9,v42_h19,0.09823600202798843
v42_h9,v42_h55,0.017904000356793404
v42_h90,v42_h110,0.09823600202798843
v42_h90,v42_h117,0.022381000220775604
v42_h91,v42_h90,0.07585600018501282
v42_h91,v42_h110,0.004476100206375122
v42_h92,v42_h90,0.07137999683618546
v42_h92,v42_h110,0.013427999801933765
v42_h92,v42_h117,0.06690400093793869
v42_h94,v42_h90,0.022381000220775604
v42_h94,v42_h110,0.013427999801933765
v42_h94,v42_h117,0.004476100206375122
v42_h95,v42_h90,0.026856999844312668
v42_h95,v42_h110,0.08480799943208694
v42_h95,v42_h117,0.004476100206375122
v42_h96,v42_h90,0.10718999803066254
v42_h96,v42_h110,0.03133299946784973
v42_h96,v42_h117,0.022381000220775604
v42_h98,v42_h110,0.004476100206375122
v43_h1,v43_h19,0.06633300334215164
v43_h1,v43_h50,0.00729489978402853
v43_h1,v43_h96,0.00729489978402853
v43_h1,v43_h141,0.009726500138640404
v43_h1,v43_h147,0.00729489978402853
v43_h1,v43_h173,0.004863299895077944
v43_h1,v43_h209,0.019453000277280807
v43_h10,v43_h19,0.004863299895077944
v43_h10,v43_h50,0.0024315998889505863
v43_h10,v43_h141,0.0024315998889505863
v43_h10,v43_h147,0.0024315998889505863
v43_h10,v43_h209,0.004863299895077944
v43_h100,v43_h19,0.02188500016927719
v43_h100,v43_h50,0.0024315998889505863
v43_h100,v43_h93,0.0024315998889505863
v43_h100,v43_h96,0.009726500138640404
v43_h100,v43_h141,0.009726500138640404
v43_h100,v43_h147,0.014589999802410603
v43_h100,v43_h173,0.004863299895077944
v43_h100,v43_h209,0.00729489978402853
v43_h100,v43_h211,0.0024315998889505863
v43_h100,v43_h220,0.0024315998889505863
v43_h100,v43_h272,0.0024315998889505863
v43_h101,v43_h19,0.004863299895077944
v43_h101,v43_h93,0.004863299895077944
v43_h101,v43_h96,0.024315999820828438
v43_h101,v43_h141,0.0024315998889505863
v43_h101,v43_h147,0.004863299895077944
v43_h101,v43_h173,0.0024315998889505863
v43_h102,v43_h96,0.04931199923157692
v43_h102,v43_h147,0.0024315998889505863
v43_h104,v43_h19,0.019453000277280807
v43_h104,v43_h50,0.0024315998889505863
v43_h104,v43_h93,0.004863299895077944
v43_h104,v43_h96,0.08092299848794937
v43_h104,v43_h141,0.06633300334215164
v43_h104,v43_h147,0.017021000385284424
v43_h104,v43_h173,0.019453000277280807
v43_h104,v43_h209,0.012157999910414219
v43_h104,v43_h211,0.00729489978402853
v43_h104,v43_h212,0.0024315998889505863
v43_h104,v43_h220,0.0024315998889505863
v43_h105,v43_h19,0.00729489978402853
v43_h105,v43_h96,0.056605998426675797
v43_h105,v43_h141,0.012157999910414219
v43_h105,v43_h147,0.00729489978402853
v43_h106,v43_h19,0.02188500016927719
v43_h106,v43_h96,0.06633300334215164
v43_h106,v43_h141,0.014589999802410603
v43_h106,v43_h147,0.014589999802410603
v43_h106,v43_h173,0.012157999910414219
v43_h106,v43_h209,0.004863299895077944
v43_h106,v43_h211,0.0024315998889505863
v43_h107,v43_h19,0.0024315998889505863
v43_h107,v43_h96,0.061469998210668564
v43_h107,v43_h141,0.012157999910414219
v43_h107,v43_h147,0.009726500138640404
v43_h107,v43_h173,0.004863299895077944
v43_h107,v43_h209,0.0024315998889505863
v43_h108,v43_h19,0.014589999802410603
v43_h108,v43_h50,0.0024315998889505863
v43_h108,v43_h93,0.004863299895077944
v43_h108,v43_h96,0.07849100232124329
v43_h108,v43_h141,0.014589999802410603
v43_h108,v43_h147,0.061469998210668564
v43_h108,v43_h173,0.009726500138640404
v43_h108,v43_h209,0.00729489978402853
v43_h108,v43_h211,0.0024315998889505863
v43_h11,v43_h19,0.0024315998889505863
v43_h11,v43_h96,0.0024315998889505863
v43_h11,v43_h141,0.0024315998889505863
v43_h110,v43_h19,0.00729489978402853
v43_h110,v43_h50,0.0024315998889505863
v43_h110,v43_h93,0.0024315998889505863
v43_h110,v43_h96,0.0736280009150505
v43_h110,v43_h141,0.051743000745773315
v43_h110,v43_h147,0.009726500138640404
v43_h110,v43_h173,0.00729489978402853
v43_h110,v43_h209,0.00729489978402853
v43_h110,v43_h211,0.0024315998889505863
v43_h110,v43_h212,0.0024315998889505863
v43_h111,v43_h96,0.0024315998889505863
v43_h111,v43_h147,0.004863299895077944
v43_h112,v43_h19,0.012157999910414219
v43_h112,v43_h50,0.0024315998889505863
v43_h112,v43_h93,0.004863299895077944
v43_h112,v43_h96,0.03161099925637245
v43_h112,v43_h141,0.00729489978402853
v43_h112,v43_h147,0.014589999802410603
v43_h112,v43_h173,0.004863299895077944
v43_h112,v43_h209,0.004863299895077944
v43_h112,v43_h211,0.0024315998889505863
v43_h112,v43_h220,0.0024315998889505863
v43_h112,v43_h272,0.0024315998889505863
v43_h113,v43_h19,0.019453000277280807
v43_h113,v43_h50,0.0024315998889505863
v43_h113,v43_h96,0.019453000277280807
v43_h113,v43_h141,0.02188500016927719
v43_h113,v43_h147,0.07119599729776382
v43_h113,v43_h173,0.012157999910414219
v43_h113,v43_h209,0.00729489978402853
v43_h113,v43_h211,0.0024315998889505863
v43_h114,v43_h19,0.061469998210668564
v43_h114,v43_h50,0.0024315998889505863
v43_h114,v43_h93,0.0024315998889505863
v43_h114,v43_h96,0.014589999802410603
v43_h114,v43_h141,0.03161099925637245
v43_h114,v43_h147,0.07849100232124329
v43_h114,v43_h173,0.012157999910414219
v43_h114,v43_h209,0.00729489978402853
v43_h114,v43_h211,0.009726500138640404
v43_h114,v43_h212,0.0024315998889505863
v43_h114,v43_h220,0.004863299895077944
v43_h114,v43_h272,0.0024315998889505863
v43_h12,v43_h19,0.012157999910414219
v43_h12,v43_h50,0.0024315998889505863
v43_h12,v43_h96,0.0024315998889505863
v43_h12,v43_h141,0.004863299895077944
v43_h12,v43_h147,0.004863299895077944
v43_h12,v43_h173,0.0024315998889505863
v43_h12,v43_h209,0.009726500138640404
v43_h13,v43_h19,0.00729489978402853
v43_h13,v43_h50,0.0024315998889505863
v43_h13,v43_h141,0.004863299895077944
v43_h13,v43_h147,0.0024315998889505863
v43_h13,v43_h173,0.012157999910414219
v43_h13,v43_h211,0.004863299895077944
v43_h14,v43_h19,0.009726500138640404
v43_h14,v43_h96,0.0024315998889505863
v43_h14,v43_h141,0.009726500138640404
v43_h14,v43_h147,0.012157999910414219
v43_h14,v43_h173,0.004863299895077944
v43_h14,v43_h209,0.0024315998889505863
v43_h14,v43_h272,0.0024315998889505863
v43_h15,v43_h19,0.056605998426675797
v43_h15,v43_h50,0.004863299895077944
v43_h15,v43_h96,0.0024315998889505863
v43_h15,v43_h141,0.0024315998889505863
v43_h15,v43_h147,0.0024315998889505863
v43_h15,v43_h173,0.0024315998889505863
v43_h15,v43_h209,0.004863299895077944
v43_h16,v43_h19,0.00729489978402853
v43_h16,v43_h50,0.004863299895077944
v43_h16,v43_h96,0.009726500138640404
v43_h16,v43_h141,0.012157999910414219
v43_h16,v43_h147,0.004863299895077944
v43_h16,v43_h173,0.017021000385284424
v43_h16,v43_h209,0.004863299895077944
v43_h16,v43_h211,0.0024315998889505863
v43_h17,v43_h19,0.0024315998889505863
v43_h17,v43_h96,0.0024315998889505863
v43_h17,v43_h141,0.0024315998889505863
v43_h17,v43_h147,0.0024315998889505863
v43_h17,v43_h173,0.0024315998889505863
v43_h17,v43_h209,0.0024315998889505863
v43_h18,v43_h19,0.014589999802410603
v43_h18,v43_h50,0.056605998426675797
v43_h18,v43_h93,0.0024315998889505863
v43_h18,v43_h96,0.004863299895077944
v43_h18,v43_h141,0.056605998426675797
v43_h18,v43_h147,0.012157999910414219
v43_h18,v43_h173,0.0024315998889505863
v43_h18,v43_h209,0.009726500138640404
v43_h18,v43_h220,0.0024315998889505863
v43_h19,v43_h50,0.0024315998889505863
v43_h19,v43_h96,0.00729489978402853
v43_h19,v43_h141,0.00729489978402853
v43_h19,v43_h147,0.00729489978402853
v43_h19,v43_h173,0.004863299895077944
v43_h19,v43_h209,0.017021000385284424
v43_h19,v43_h211,0.0024315998889505863
v43_h2,v43_h19,0.07119599729776382
v43_h2,v43_h50,0.0541750006377697
v43_h2,v43_h96,0.012157999910414219
v43_h2,v43_h141,0.012157999910414219
v43_h2,v43_h147,0.004863299895077944
v43_h2,v43_h173,0.004863299895077944
v43_h2,v43_h209,0.06876499950885773
v43_h2,v43_h211,0.004863299895077944
v43_h2,v43_h220,0.0024315998889505863
v43_h2,v43_h272,0.0024315998889505863
v43_h21,v43_h19,0.06390099972486496
v43_h21,v43_h50,0.00729489978402853
v43_h21,v43_h96,0.0024315998889505863
v43_h21,v43_h141,0.0024315998889505863
v43_h21,v43_h147,0.00729489978402853
v43_h21,v43_h173,0.004863299895077944
v43_h21,v43_h209,0.0760589987039566
v43_h21,v43_h211,0.004863299895077944
v43_h21,v43_h212,0.0024315998889505863
v43_h22,v43_h19,0.014589999802410603
v43_h22,v43_h50,0.004863299895077944
v43_h22,v43_h96,0.0024315998889505863
v43_h22,v43_h141,0.00729489978402853
v43_h22,v43_h173,0.0024315998889505863
v43_h22,v43_h209,0.06633300334215164
v43_h22,v43_h211,0.0024315998889505863
v43_h24,v43_h19,0.0024315998889505863
v43_h24,v43_h96,0.004863299895077944
v43_h24,v43_h141,0.0024315998889505863
v43_h24,v43_h147,0.0024315998889505863
v43_h24,v43_h209,0.004863299895077944
v43_h25,v43_h19,0.024315999820828438
v43_h25,v43_h50,0.00729489978402853
v43_h25,v43_h96,0.004863299895077944
v43_h25,v43_h141,0.017021000385284424
v43_h25,v43_h147,0.009726500138640404
v43_h25,v43_h173,0.014589999802410603
v43_h25,v43_h209,0.019453000277280807
v43_h25,v43_h211,0.00729489978402853
v43_h25,v43_h272,0.04931199923157692
v43_h26,v43_h19,0.07119599729776382
v43_h26,v43_h50,0.009726500138640404
v43_h26,v43_h93,0.0024315998889505863
v43_h26,v43_h96,0.019453000277280807
v43_h26,v43_h141,0.07849100232124329
v43_h26,v43_h147,0.02188500016927719
v43_h26,v43_h173,0.0736280009150505
v43_h26,v43_h209,0.06633300334215164
v43_h26,v43_h211,0.004863299895077944
v43_h26,v43_h220,0.0024315998889505863
v43_h26,v43_h272,0.0024315998889505863
v43_h27,v43_h19,0.004863299895077944
v43_h27,v43_h50,0.0024315998889505863
v43_h27,v43_h96,0.004863299895077944
v43_h27,v43_h141,0.009726500138640404
v43_h27,v43_h147,0.0024315998889505863
v43_h27,v43_h173,0.00729489978402853
v43_h27,v43_h209,0.004863299895077944
v43_h27,v43_h212,0.0024315998889505863
v43_h27,v43_h272,0.0024315998889505863
v43_h29,v43_h19,0.05903799831867218
v43_h29,v43_h50,0.004863299895077944
v43_h29,v43_h141,0.056605998426675797
v43_h29,v43_h147,0.004863299895077944
v43_h29,v43_h173,0.009726500138640404
v43_h29,v43_h209,0.0024315998889505863
v43_h29,v43_h272,0.0024315998889505863
v43_h31,v43_h50,0.004863299895077944
v43_h31,v43_h141,0.004863299895077944
v43_h31,v43_h147,0.004863299895077944
v43_h31,v43_h173,0.0024315998889505863
v43_h31,v43_h211,0.0024315998889505863
v43_h32,v43_h19,0.0024315998889505863
v43_h32,v43_h141,0.0024315998889505863
v43_h32,v43_h147,0.0024315998889505863
v43_h35,v43_h19,0.009726500138640404
v43_h35,v43_h50,0.0541750006377697
v43_h35,v43_h96,0.0024315998889505863
v43_h35,v43_h141,0.019453000277280807
v43_h35,v43_h147,0.0024315998889505863
v43_h35,v43_h173,0.004863299895077944
v43_h35,v43_h209,0.00729489978402853
v43_h4,v43_h19,0.019453000277280807
v43_h4,v43_h50,0.004863299895077944
v43_h4,v43_h96,0.004863299895077944
v43_h4,v43_h141,0.009726500138640404
v43_h4,v43_h147,0.00729489978402853
v43_h4,v43_h173,0.014589999802410603
v43_h4,v43_h209,0.012157999910414219
v43_h4,v43_h211,0.004863299895077944
v43_h4,v43_h220,0.0024315998889505863
v43_h4,v43_h272,0.0024315998889505863
v43_h41,v43_h19,0.012157999910414219
v43_h41,v43_h50,0.004863299895077944
v43_h41,v43_h96,0.004863299895077944
v43_h41,v43_h141,0.0024315998889505863
v43_h41,v43_h209,0.00729489978402853
v43_h41,v43_h211,0.0024315998889505863
v43_h42,v43_h19,0.004863299895077944
v43_h42,v43_h96,0.004863299895077944
v43_h42,v43_h141,0.00729489978402853
v43_h42,v43_h147,0.0024315998889505863
v43_h42,v43_h209,0.00729489978402853
v43_h43,v43_h96,0.0024315998889505863
v43_h43,v43_h173,0.0024315998889505863
v43_h44,v43_h19,0.009726500138640404
v43_h44,v43_h50,0.0024315998889505863
v43_h44,v43_h96,0.004863299895077944
v43_h44,v43_h141,0.009726500138640404
v43_h44,v43_h147,0.00729489978402853
v43_h44,v43_h173,0.0024315998889505863
v43_h44,v43_h209,0.00729489978402853
v43_h45,v43_h19,0.0024315998889505863
v43_h45,v43_h96,0.0024315998889505863
v43_h45,v43_h141,0.00729489978402853
v43_h45,v43_h147,0.0024315998889505863
v43_h45,v43_h212,0.0024315998889505863
v43_h45,v43_h220,0.0024315998889505863
v43_h46,v43_h19,0.004863299895077944
v43_h46,v43_h50,0.009726500138640404
v43_h46,v43_h96,0.004863299895077944
v43_h46,v43_h141,0.0541750006377697
v43_h46,v43_h147,0.004863299895077944
v43_h46,v43_h173,0.0024315998889505863
v43_h46,v43_h209,0.0024315998889505863
v43_h48,v43_h19,0.0024315998889505863
v43_h48,v43_h50,0.004863299895077944
v43_h48,v43_h96,0.004863299895077944
v43_h48,v43_h141,0.00729489978402853
v43_h48,v43_h173,0.004863299895077944
v43_h48,v43_h209,0.004863299895077944
v43_h48,v43_h220,0.004863299895077944
v43_h49,v43_h50,0.004863299895077944
v43_h49,v43_h96,0.0024315998889505863
v43_h49,v43_h141,0.004863299895077944
v43_h5,v43_h19,0.0024315998889505863
v43_h50,v43_h19,0.0024315998889505863
v43_h50,v43_h141,0.00729489978402853
v43_h50,v43_h173,0.004863299895077944
v43_h50,v43_h209,0.00729489978402853
v43_h54,v43_h19,0.00729489978402853
v43_h54,v43_h50,0.056605998426675797
v43_h54,v43_h141,0.009726500138640404
v43_h54,v43_h147,0.004863299895077944
v43_h54,v43_h173,0.0024315998889505863
v43_h54,v43_h209,0.004863299895077944
v43_h54,v43_h211,0.0024315998889505863
v43_h54,v43_h272,0.0024315998889505863
v43_h55,v43_h19,0.009726500138640404
v43_h55,v43_h50,0.061469998210668564
v43_h55,v43_h96,0.0024315998889505863
v43_h55,v43_h141,0.061469998210668564
v43_h55,v43_h147,0.009726500138640404
v43_h55,v43_h173,0.00729489978402853
v43_h55,v43_h209,0.00729489978402853
v43_h55,v43_h211,0.0024315998889505863
v43_h56,v43_h19,0.0024315998889505863
v43_h56,v43_h50,0.004863299895077944
v43_h56,v43_h141,0.004863299895077944
v43_h57,v43_h19,0.004863299895077944
v43_h57,v43_h50,0.0024315998889505863
v43_h57,v43_h96,0.0024315998889505863
v43_h57,v43_h141,0.004863299895077944
v43_h57,v43_h173,0.0024315998889505863
v43_h57,v43_h209,0.0024315998889505863
v43_h58,v43_h19,0.017021000385284424
v43_h58,v43_h50,0.012157999910414219
v43_h58,v43_h96,0.004863299895077944
v43_h58,v43_h141,0.06633300334215164
v43_h58,v43_h147,0.009726500138640404
v43_h58,v43_h173,0.014589999802410603
v43_h58,v43_h209,0.00729489978402853
v43_h58,v43_h211,0.00729489978402853
v43_h58,v43_h212,0.004863299895077944
v43_h59,v43_h19,0.014589999802410603
v43_h59,v43_h96,0.0024315998889505863
v43_h59,v43_h141,0.00729489978402853
v43_h59,v43_h147,0.0024315998889505863
v43_h59,v43_h173,0.0024315998889505863
v43_h59,v43_h209,0.0024315998889505863
v43_h6,v43_h19,0.004863299895077944
v43_h6,v43_h141,0.0024315998889505863
v43_h6,v43_h173,0.004863299895077944
v43_h6,v43_h209,0.0024315998889505863
v43_h60,v43_h19,0.009726500138640404
v43_h60,v43_h50,0.0024315998889505863
v43_h60,v43_h141,0.00729489978402853
v43_h60,v43_h147,0.0024315998889505863
v43_h60,v43_h173,0.00729489978402853
v43_h60,v43_h209,0.0024315998889505863
v43_h60,v43_h211,0.0024315998889505863
v43_h60,v43_h220,0.0024315998889505863
v43_h61,v43_h19,0.014589999802410603
v43_h61,v43_h50,0.00729489978402853
v43_h61,v43_h96,0.00729489978402853
v43_h61,v43_h141,0.012157999910414219
v43_h61,v43_h147,0.00729489978402853
v43_h61,v43_h173,0.012157999910414219
v43_h61,v43_h209,0.00729489978402853
v43_h61,v43_h211,0.0024315998889505863
v43_h62,v43_h19,0.004863299895077944
v43_h62,v43_h141,0.004863299895077944
v43_h62,v43_h173,0.0024315998889505863
v43_h62,v43_h209,0.0024315998889505863
v43_h63,v43_h19,0.017021000385284424
v43_h63,v43_h50,0.0024315998889505863
v43_h63,v43_h96,0.004863299895077944
v43_h63,v43_h141,0.009726500138640404
v43_h63,v43_h147,0.009726500138640404
v43_h63,v43_h173,0.009726500138640404
v43_h63,v43_h209,0.05903799831867218
v43_h63,v43_h211,0.0024315998889505863
v43_h63,v43_h272,0.0024315998889505863
v43_h65,v43_h19,0.009726500138640404
v43_h65,v43_h50,0.004863299895077944
v43_h65,v43_h96,0.051743000745773315
v43_h65,v43_h141,0.0024315998889505863
v43_h65,v43_h173,0.0024315998889505863
v43_h66,v43_h19,0.004863299895077944
v43_h66,v43_h50,0.004863299895077944
v43_h66,v43_h96,0.004863299895077944
v43_h66,v43_h141,0.0024315998889505863
v43_h66,v43_h147,0.0024315998889505863
v43_h67,v43_h19,0.06390099972486496
v43_h67,v43_h50,0.004863299895077944
v43_h67,v43_h93,0.0024315998889505863
v43_h67,v43_h96,0.017021000385284424
v43_h67,v43_h141,0.012157999910414219
v43_h67,v43_h147,0.02188500016927719
v43_h67,v43_h173,0.009726500138640404
v43_h67,v43_h209,0.012157999910414219
v43_h67,v43_h211,0.009726500138640404
v43_h67,v43_h220,0.0024315998889505863
v43_h67,v43_h272,0.0024315998889505863
v43_h69,v43_h19,0.012157999910414219
v43_h69,v43_h50,0.051743000745773315
v43_h69,v43_h96,0.0024315998889505863
v43_h69,v43_h141,0.0024315998889505863
v43_h69,v43_h147,0.0024315998889505863
v43_h69,v43_h173,0.0024315998889505863
v43_h70,v43_h19,0.009726500138640404
v43_h70,v43_h50,0.00729489978402853
v43_h70,v43_h96,0.004863299895077944
v43_h70,v43_h141,0.004863299895077944
v43_h70,v43_h147,0.004863299895077944
v43_h70,v43_h173,0.0024315998889505863
v43_h70,v43_h209,0.0024315998889505863
v43_h71,v43_h19,0.004863299895077944
v43_h71,v43_h50,0.051743000745773315
v43_h71,v43_h96,0.0024315998889505863
v43_h71,v43_h147,0.0024315998889505863
v43_h71,v43_h209,0.0024315998889505863
v43_h72,v43_h19,0.056605998426675797
v43_h72,v43_h50,0.012157999910414219
v43_h72,v43_h96,0.004863299895077944
v43_h72,v43_h141,0.009726500138640404
v43_h72,v43_h147,0.056605998426675797
v43_h72,v43_h173,0.00729489978402853
v43_h72,v43_h209,0.0024315998889505863
v43_h72,v43_h211,0.0024315998889505863
v43_h72,v43_h220,0.00729489978402853
v43_h73,v43_h19,0.014589999802410603
v43_h73,v43_h50,0.00729489978402853
v43_h73,v43_h96,0.0024315998889505863
v43_h73,v43_h141,0.004863299895077944
v43_h73,v43_h147,0.0024315998889505863
v43_h73,v43_h209,0.004863299895077944
v43_h73,v43_h211,0.0024315998889505863
v43_h74,v43_h19,0.017021000385284424
v43_h74,v43_h50,0.004863299895077944
v43_h74,v43_h96,0.004863299895077944
v43_h74,v43_h141,0.012157999910414219
v43_h74,v43_h147,0.012157999910414219
v43_h74,v43_h173,0.00729489978402853
v43_h74,v43_h209,0.0024315998889505863
v43_h74,v43_h211,0.004863299895077944
v43_h75,v43_h19,0.00729489978402853
v43_h75,v43_h50,0.0024315998889505863
v43_h75,v43_h96,0.004863299895077944
v43_h75,v43_h141,0.004863299895077944
v43_h75,v43_h147,0.0024315998889505863
v43_h76,v43_h19,0.00729489978402853
v43_h76,v43_h96,0.0024315998889505863
v43_h76,v43_h147,0.012157999910414219
v43_h76,v43_h173,0.009726500138640404
v43_h76,v43_h209,0.004863299895077944
v43_h76,v43_h211,0.004863299895077944
v43_h77,v43_h19,0.009726500138640404
v43_h77,v43_h50,0.0024315998889505863
v43_h77,v43_h96,0.0024315998889505863
v43_h77,v43_h141,0.009726500138640404
v43_h77,v43_h147,0.056605998426675797
v43_h77,v43_h173,0.004863299895077944
v43_h77,v43_h209,0.0024315998889505863
v43_h78,v43_h19,0.004863299895077944
v43_h78,v43_h93,0.0024315998889505863
v43_h78,v43_h96,0.004863299895077944
v43_h78,v43_h141,0.0024315998889505863
v43_h78,v43_h147,0.009726500138640404
v43_h78,v43_h173,0.004863299895077944
v43_h78,v43_h209,0.0024315998889505863
v43_h78,v43_h211,0.00729489978402853
v43_h78,v43_h220,0.0024315998889505863
v43_h79,v43_h19,0.06390099972486496
v43_h79,v43_h50,0.0024315998889505863
v43_h79,v43_h93,0.004863299895077944
v43_h79,v43_h96,0.0760589987039566
v43_h79,v43_h141,0.017021000385284424
v43_h79,v43_h147,0.014589999802410603
v43_h79,v43_h173,0.00729489978402853
v43_h79,v43_h209,0.009726500138640404
v43_h79,v43_h211,0.00729489978402853
v43_h79,v43_h272,0.0024315998889505863
v43_h80,v43_h19,0.009726500138640404
v43_h80,v43_h93,0.004863299895077944
v43_h80,v43_h96,0.06876499950885773
v43_h80,v43_h141,0.00729489978402853
v43_h80,v43_h147,0.004863299895077944
v43_h80,v43_h209,0.051743000745773315
v43_h80,v43_h211,0.0024315998889505863
v43_h81,v43_h141,0.0024315998889505863
v43_h81,v43_h147,0.0024315998889505863
v43_h83,v43_h19,0.009726500138640404
v43_h83,v43_h96,0.009726500138640404
v43_h83,v43_h141,0.0024315998889505863
v43_h83,v43_h147,0.012157999910414219
v43_h83,v43_h173,0.012157999910414219
v43_h83,v43_h209,0.004863299895077944
v43_h83,v43_h211,0.0024315998889505863
v43_h84,v43_h19,0.0024315998889505863
v43_h84,v43_h96,0.051743000745773315
v43_h84,v43_h141,0.0024315998889505863
v43_h84,v43_h147,0.004863299895077944
v43_h84,v43_h173,0.0024315998889505863
v43_h84,v43_h209,0.0024315998889505863
v43_h85,v43_h19,0.017021000385284424
v43_h85,v43_h96,0.012157999910414219
v43_h85,v43_h141,0.02188500016927719
v43_h85,v43_h147,0.019453000277280807
v43_h85,v43_h173,0.05903799831867218
v43_h85,v43_h209,0.05903799831867218
v43_h85,v43_h211,0.004863299895077944
v43_h87,v43_h19,0.06876499950885773
v43_h87,v43_h50,0.0024315998889505863
v43_h87,v43_h93,0.004863299895077944
v43_h87,v43_h96,0.03161099925637245
v43_h87,v43_h141,0.014589999802410603
v43_h87,v43_h147,0.009726500138640404
v43_h87,v43_h173,0.004863299895077944
v43_h87,v43_h209,0.014589999802410603
v43_h87,v43_h211,0.0024315998889505863
v43_h87,v43_h220,0.009726500138640404
v43_h88,v43_h19,0.004863299895077944
v43_h88,v43_h93,0.051743000745773315
v43_h88,v43_h96,0.07119599729776382
v43_h88,v43_h141,0.00729489978402853
v43_h88,v43_h147,0.009726500138640404
v43_h88,v43_h173,0.0024315998889505863
v43_h88,v43_h209,0.0024315998889505863
v43_h89,v43_h19,0.004863299895077944
v43_h89,v43_h93,0.004863299895077944
v43_h89,v43_h96,0.0736280009150505
v43_h89,v43_h141,0.00729489978402853
v43_h89,v43_h147,0.004863299895077944
v43_h89,v43_h173,0.0024315998889505863
v43_h89,v43_h209,0.0024315998889505863
v43_h9,v43_h19,0.0024315998889505863
v43_h9,v43_h96,0.004863299895077944
v43_h9,v43_h141,0.0024315998889505863
v43_h9,v43_h209,0.0024315998889505863
v43_h9,v43_h211,0.0024315998889505863
v43_h90,v43_h19,0.00729489978402853
v43_h90,v43_h93,0.004863299895077944
v43_h90,v43_h96,0.07119599729776382
v43_h90,v43_h141,0.009726500138640404
v43_h90,v43_h147,0.012157999910414219
v43_h90,v43_h173,0.0024315998889505863
v43_h91,v43_h93,0.0024315998889505863
v43_h91,v43_h96,0.00729489978402853
v43_h91,v43_h141,0.0024315998889505863
v43_h91,v43_h147,0.004863299895077944
v43_h92,v43_h19,0.0024315998889505863
v43_h92,v43_h93,0.004863299895077944
v43_h92,v43_h96,0.06390099972486496
v43_h92,v43_h141,0.00729489978402853
v43_h92,v43_h147,0.0541750006377697
v43_h92,v43_h173,0.0024315998889505863
v43_h93,v43_h96,0.004863299895077944
v43_h94,v43_h19,0.014589999802410603
v43_h94,v43_h50,0.0024315998889505863
v43_h94,v43_h93,0.051743000745773315
v43_h94,v43_h96,0.07119599729776382
v43_h94,v43_h141,0.012157999910414219
v43_h94,v43_h147,0.012157999910414219
v43_h94,v43_h173,0.004863299895077944
v43_h94,v43_h209,0.004863299895077944
v43_h96,v43_h19,0.00729489978402853
v43_h96,v43_h93,0.004863299895077944
v43_h96,v43_h141,0.009726500138640404
v43_h96,v43_h147,0.009726500138640404
v43_h96,v43_h173,0.004863299895077944
v43_h96,v43_h209,0.00729489978402853
v43_h96,v43_h211,0.0024315998889505863
v43_h97,v43_h19,0.009726500138640404
v43_h97,v43_h93,0.004863299895077944
v43_h97,v43_h96,0.024315999820828438
v43_h97,v43_h141,0.009726500138640404
v43_h97,v43_h147,0.012157999910414219
v43_h97,v43_h173,0.009726500138640404
v43_h97,v43_h209,0.009726500138640404
v43_h97,v43_h211,0.0024315998889505863
v43_h98,v43_h19,0.056605998426675797
v43_h98,v43_h96,0.009726500138640404
v43_h98,v43_h141,0.0024315998889505863
v43_h98,v43_h147,0.017021000385284424
v43_h98,v43_h173,0.004863299895077944
v43_h98,v43_h211,0.0024315998889505863
v43_h98,v43_h272,0.004863299895077944
v44_h1,v44_h4,0.00477250013500452
v44_h1,v44_h22,0.002386299893260002
v44_h1,v44_h38,0.002386299893260002
v44_h1,v44_h40,0.002386299893260002
v44_h1,v44_h129,0.00477250013500452
v44_h10,v44_h4,0.060780998319387436
v44_h10,v44_h22,0.002386299893260002
v44_h10,v44_h36,0.002386299893260002
v44_h10,v44_h38,0.002386299893260002
v44_h10,v44_h40,0.00477250013500452
v44_h10,v44_h45,0.002386299893260002
v44_h10,v44_h53,0.002386299893260002
v44_h10,v44_h129,0.016704000532627106
v44_h100,v44_h4,0.00477250013500452
v44_h100,v44_h22,0.002386299893260002
v44_h100,v44_h38,0.002386299893260002
v44_h100,v44_h129,0.002386299893260002
v44_h100,v44_h150,0.002386299893260002
v44_h101,v44_h4,0.009545099921524525
v44_h101,v44_h22,0.00477250013500452
v44_h101,v44_h36,0.00477250013500452
v44_h101,v44_h38,0.00477250013500452
v44_h101,v44_h40,0.00477250013500452
v44_h101,v44_h45,0.002386299893260002
v44_h101,v44_h53,0.00477250013500452
v44_h101,v44_h129,0.0727119967341423
v44_h101,v44_h150,0.002386299893260002
v44_h102,v44_h4,0.002386299893260002
v44_h102,v44_h22,0.002386299893260002
v44_h102,v44_h38,0.002386299893260002
v44_h102,v44_h129,0.0071588000282645226
v44_h102,v44_h150,0.002386299893260002
v44_h104,v44_h4,0.0071588000282645226
v44_h104,v44_h22,0.002386299893260002
v44_h104,v44_h36,0.002386299893260002
v44_h104,v44_h38,0.0071588000282645226
v44_h104,v44_h40,0.0071588000282645226
v44_h104,v44_h45,0.002386299893260002
v44_h104,v44_h53,0.002386299893260002
v44_h104,v44_h129,0.06316699832677841
v44_h104,v44_h150,0.00477250013500452
v44_h105,v44_h4,0.002386299893260002
v44_h105,v44_h22,0.002386299893260002
v44_h105,v44_h36,0.0071588000282645226
v44_h105,v44_h38,0.05362199991941452
v44_h105,v44_h40,0.009545099921524525
v44_h105,v44_h45,0.002386299893260002
v44_h105,v44_h53,0.00477250013500452
v44_h105,v44_h129,0.014317999593913555
v44_h105,v44_h150,0.0071588000282645226
v44_h106,v44_h4,0.002386299893260002
v44_h106,v44_h22,0.002386299893260002
v44_h106,v44_h36,0.00477250013500452
v44_h106,v44_h38,0.009545099921524525
v44_h106,v44_h40,0.009545099921524525
v44_h106,v44_h45,0.00477250013500452
v44_h106,v44_h53,0.00477250013500452
v44_h106,v44_h129,0.011931000277400017
v44_h106,v44_h150,0.009545099921524525
v44_h107,v44_h4,0.05839399993419647
v44_h107,v44_h38,0.0071588000282645226
v44_h107,v44_h40,0.00477250013500452
v44_h107,v44_h129,0.014317999593913555
v44_h107,v44_h150,0.009545099921524525
v44_h108,v44_h4,0.0071588000282645226
v44_h108,v44_h22,0.002386299893260002
v44_h108,v44_h36,0.00477250013500452
v44_h108,v44_h38,0.0071588000282645226
v44_h108,v44_h40,0.00477250013500452
v44_h108,v44_h45,0.002386299893260002
v44_h108,v44_h53,0.00477250013500452
v44_h108,v44_h129,0.0071588000282645226
v44_h108,v44_h150,0.002386299893260002
v44_h11,v44_h4,0.0727119967341423
v44_h11,v44_h22,0.00477250013500452
v44_h11,v44_h36,0.009545099921524525
v44_h11,v44_h38,0.00477250013500452
v44_h11,v44_h40,0.00477250013500452
v44_h11,v44_h45,0.002386299893260002
v44_h11,v44_h53,0.002386299893260002
v44_h11,v44_h129,0.08225700259208679
v44_h11,v44_h150,0.0071588000282645226
v44_h110,v44_h22,0.002386299893260002
v44_h110,v44_h36,0.002386299893260002
v44_h110,v44_h38,0.009545099921524525
v44_h110,v44_h40,0.002386299893260002
v44_h110,v44_h129,0.06793999671936035
v44_h110,v44_h150,0.00477250013500452
v44_h111,v44_h22,0.002386299893260002
v44_h111,v44_h38,0.002386299893260002
v44_h111,v44_h40,0.002386299893260002
v44_h111,v44_h129,0.06316699832677841
v44_h111,v44_h150,0.002386299893260002
v44_h112,v44_h4,0.00477250013500452
v44_h112,v44_h129,0.07509800046682358
v44_h112,v44_h150,0.009545099921524525
v44_h113,v44_h4,0.002386299893260002
v44_h113,v44_h129,0.07748500257730484
v44_h113,v44_h150,0.0071588000282645226
v44_h114,v44_h4,0.0071588000282645226
v44_h114,v44_h22,0.002386299893260002
v44_h114,v44_h38,0.002386299893260002
v44_h114,v44_h129,0.028635000810027122
v44_h114,v44_h150,0.00477250013500452
v44_h12,v44_h4,0.0071588000282645226
v44_h13,v44_h4,0.07032600045204163
v44_h13,v44_h22,0.00477250013500452
v44_h13,v44_h36,0.0071588000282645226
v44_h13,v44_h40,0.0071588000282645226
v44_h13,v44_h45,0.00477250013500452
v44_h13,v44_h53,0.0071588000282645226
v44_h13,v44_h129,0.07748500257730484
v44_h13,v44_h150,0.00477250013500452
v44_h14,v44_h4,0.014317999593913555
v44_h14,v44_h22,0.00477250013500452
v44_h14,v44_h36,0.002386299893260002
v44_h14,v44_h38,0.002386299893260002
v44_h14,v44_h40,0.002386299893260002
v44_h14,v44_h129,0.0727119967341423
v44_h14,v44_h150,0.0071588000282645226
v44_h15,v44_h129,0.002386299893260002
v44_h16,v44_h4,0.051235999912023544
v44_h16,v44_h22,0.002386299893260002
v44_h16,v44_h38,0.00477250013500452
v44_h16,v44_h40,0.00477250013500452
v44_h16,v44_h129,0.009545099921524525
v44_h16,v44_h150,0.00477250013500452
v44_h17,v44_h4,0.002386299893260002
v44_h19,v44_h4,0.002386299893260002
v44_h19,v44_h22,0.06555300205945969
v44_h19,v44_h36,0.00477250013500452
v44_h19,v44_h40,0.00477250013500452
v44_h19,v44_h45,0.002386299893260002
v44_h19,v44_h53,0.002386299893260002
v44_h19,v44_h129,0.00477250013500452
v44_h2,v44_h4,0.06316699832677841
v44_h2,v44_h22,0.002386299893260002
v44_h2,v44_h36,0.00477250013500452
v44_h2,v44_h40,0.00477250013500452
v44_h2,v44_h53,0.002386299893260002
v44_h2,v44_h129,0.021476000547409058
v44_h2,v44_h150,0.00477250013500452
v44_h21,v44_h4,0.002386299893260002
v44_h21,v44_h22,0.07032600045204163
v44_h21,v44_h36,0.002386299893260002
v44_h21,v44_h38,0.00477250013500452
v44_h21,v44_h40,0.00477250013500452
v44_h21,v44_h45,0.002386299893260002
v44_h21,v44_h53,0.002386299893260002
v44_h21,v44_h129,0.009545099921524525
v44_h22,v44_h4,0.002386299893260002
v44_h22,v44_h38,0.002386299893260002
v44_h22,v44_h40,0.002386299893260002
v44_h22,v44_h129,0.002386299893260002
v44_h24,v44_h4,0.002386299893260002
v44_h24,v44_h22,0.06316699832677841
v44_h24,v44_h36,0.002386299893260002
v44_h24,v44_h38,0.00477250013500452
v44_h24,v44_h40,0.00477250013500452
v44_h24,v44_h45,0.002386299893260002
v44_h24,v44_h53,0.002386299893260002
v44_h24,v44_h129,0.00477250013500452
v44_h25,v44_h22,0.060780998319387436
v44_h26,v44_h22,0.011931000277400017
v44_h26,v44_h129,0.002386299893260002
v44_h27,v44_h4,0.00477250013500452
v44_h27,v44_h22,0.060780998319387436
v44_h27,v44_h40,0.002386299893260002
v44_h27,v44_h53,0.002386299893260002
v44_h27,v44_h129,0.00477250013500452
v44_h27,v44_h150,0.002386299893260002
v44_h29,v44_h4,0.002386299893260002
v44_h29,v44_h36,0.060780998319387436
v44_h29,v44_h38,0.05839399993419647
v44_h29,v44_h40,0.02386300079524517
v44_h29,v44_h45,0.00477250013500452
v44_h29,v44_h53,0.011931000277400017
v44_h29,v44_h129,0.01909000054001808
v44_h29,v44_h150,0.0071588000282645226
v44_h3,v44_h4,0.06555300205945969
v44_h3,v44_h36,0.002386299893260002
v44_h3,v44_h38,0.002386299893260002
v44_h3,v44_h40,0.002386299893260002
v44_h3,v44_h129,0.009545099921524525
v44_h3,v44_h150,0.0071588000282645226
v44_h31,v44_h4,0.002386299893260002
v44_h31,v44_h36,0.07032600045204163
v44_h31,v44_h38,0.0071588000282645226
v44_h31,v44_h40,0.016704000532627106
v44_h31,v44_h45,0.002386299893260002
v44_h31,v44_h53,0.0071588000282645226
v44_h31,v44_h129,0.002386299893260002
v44_h32,v44_h4,0.002386299893260002
v44_h32,v44_h36,0.07748500257730484
v44_h32,v44_h38,0.016704000532627106
v44_h32,v44_h40,0.07509800046682358
v44_h32,v44_h45,0.009545099921524525
v44_h32,v44_h53,0.01909000054001808
v44_h32,v44_h129,0.002386299893260002
v44_h35,v44_h36,0.06555300205945969
v44_h35,v44_h38,0.011931000277400017
v44_h35,v44_h40,0.06793999671936035
v44_h35,v44_h45,0.002386299893260002
v44_h35,v44_h53,0.002386299893260002
v44_h4,v44_h22,0.002386299893260002
v44_h4,v44_h36,0.002386299893260002
v44_h4,v44_h129,0.011931000277400017
v44_h40,v44_h22,0.002386299893260002
v44_h40,v44_h36,0.06316699832677841
v44_h40,v44_h38,0.06793999671936035
v44_h40,v44_h45,0.009545099921524525
v44_h40,v44_h53,0.016704000532627106
v44_h40,v44_h129,0.002386299893260002
v44_h40,v44_h150,0.002386299893260002
v44_h41,v44_h36,0.021476000547409058
v44_h41,v44_h38,0.011931000277400017
v44_h41,v44_h40,0.06793999671936035
v44_h41,v44_h45,0.00477250013500452
v44_h41,v44_h53,0.0071588000282645226
v44_h42,v44_h4,0.002386299893260002
v44_h42,v44_h22,0.0071588000282645226
v44_h42,v44_h36,0.07509800046682358
v44_h42,v44_h38,0.01909000054001808
v44_h42,v44_h40,0.08225700259208679
v44_h42,v44_h45,0.05362199991941452
v44_h42,v44_h53,0.05839399993419647
v44_h42,v44_h129,0.014317999593913555
v44_h42,v44_h150,0.002386299893260002
v44_h43,v44_h36,0.00477250013500452
v44_h43,v44_h53,0.00477250013500452
v44_h43,v44_h129,0.002386299893260002
v44_h44,v44_h36,0.028635000810027122
v44_h44,v44_h38,0.06555300205945969
v44_h44,v44_h40,0.07509800046682358
v44_h44,v44_h45,0.0071588000282645226
v44_h44,v44_h53,0.011931000277400017
v44_h44,v44_h129,0.002386299893260002
v44_h45,v44_h36,0.0071588000282645226
v44_h45,v44_h38,0.00477250013500452
v44_h45,v44_h40,0.009545099921524525
v44_h45,v44_h53,0.009545099921524525
v44_h46,v44_h4,0.002386299893260002
v44_h46,v44_h36,0.021476000547409058
v44_h46,v44_h38,0.06793999671936035
v44_h46,v44_h40,0.0727119967341423
v44_h46,v44_h45,0.056007999926805496
v44_h46,v44_h53,0.060780998319387436
v44_h48,v44_h36,0.0071588000282645226
v44_h48,v44_h38,0.011931000277400017
v44_h48,v44_h40,0.06316699832677841
v44_h48,v44_h45,0.00477250013500452
v44_h48,v44_h53,0.05839399993419647
v44_h49,v44_h36,0.00477250013500452
v44_h49,v44_h40,0.00477250013500452
v44_h49,v44_h45,0.002386299893260002
v44_h49,v44_h53,0.002386299893260002
v44_h5,v44_h4,0.06555300205945969
v44_h5,v44_h36,0.002386299893260002
v44_h5,v44_h38,0.002386299893260002
v44_h5,v44_h40,0.002386299893260002
v44_h5,v44_h129,0.014317999593913555
v44_h5,v44_h150,0.0071588000282645226
v44_h50,v44_h4,0.00477250013500452
v44_h50,v44_h22,0.002386299893260002
v44_h50,v44_h36,0.014317999593913555
v44_h50,v44_h38,0.01909000054001808
v44_h50,v44_h40,0.07032600045204163
v44_h50,v44_h45,0.0071588000282645226
v44_h50,v44_h53,0.06316699832677841
v44_h50,v44_h129,0.0071588000282645226
v44_h50,v44_h150,0.00477250013500452
v44_h54,v44_h4,0.002386299893260002
v44_h54,v44_h36,0.07748500257730484
v44_h54,v44_h38,0.016704000532627106
v44_h54,v44_h40,0.026249000802636147
v44_h54,v44_h45,0.0071588000282645226
v44_h54,v44_h53,0.060780998319387436
v44_h54,v44_h129,0.056007999926805496
v44_h54,v44_h150,0.00477250013500452
v44_h55,v44_h36,0.00477250013500452
v44_h55,v44_h38,0.002386299893260002
v44_h55,v44_h40,0.009545099921524525
v44_h55,v44_h45,0.002386299893260002
v44_h55,v44_h53,0.0071588000282645226
v44_h55,v44_h129,0.002386299893260002
v44_h56,v44_h38,0.00477250013500452
v44_h56,v44_h40,0.009545099921524525
v44_h56,v44_h53,0.00477250013500452
v44_h57,v44_h22,0.002386299893260002
v44_h57,v44_h36,0.08225700259208679
v44_h57,v44_h38,0.021476000547409058
v44_h57,v44_h40,0.07748500257730484
v44_h57,v44_h45,0.0071588000282645226
v44_h57,v44_h53,0.014317999593913555
v44_h57,v44_h129,0.009545099921524525
v44_h57,v44_h150,0.002386299893260002
v44_h58,v44_h4,0.002386299893260002
v44_h58,v44_h36,0.021476000547409058
v44_h58,v44_h38,0.016704000532627106
v44_h58,v44_h40,0.07509800046682358
v44_h58,v44_h45,0.00477250013500452
v44_h58,v44_h53,0.014317999593913555
v44_h58,v44_h129,0.00477250013500452
v44_h58,v44_h150,0.00477250013500452
v44_h59,v44_h22,0.00477250013500452
v44_h59,v44_h36,0.01909000054001808
v44_h59,v44_h38,0.06316699832677841
v44_h59,v44_h40,0.0310210008174181
v44_h59,v44_h45,0.0071588000282645226
v44_h59,v44_h53,0.01909000054001808
v44_h59,v44_h129,0.0071588000282645226
v44_h59,v44_h150,0.002386299893260002
v44_h6,v44_h4,0.06555300205945969
v44_h6,v44_h22,0.002386299893260002
v44_h6,v44_h36,0.051235999912023544
v44_h6,v44_h38,0.011931000277400017
v44_h6,v44_h40,0.011931000277400017
v44_h6,v44_h45,0.002386299893260002
v44_h6,v44_h53,0.002386299893260002
v44_h6,v44_h129,0.021476000547409058
v44_h6,v44_h150,0.011931000277400017
v44_h60,v44_h36,0.016704000532627106
v44_h60,v44_h38,0.060780998319387436
v44_h60,v44_h40,0.0727119967341423
v44_h60,v44_h45,0.0071588000282645226
v44_h60,v44_h53,0.016704000532627106
v44_h60,v44_h129,0.002386299893260002
v44_h61,v44_h36,0.0071588000282645226
v44_h61,v44_h38,0.0071588000282645226
v44_h61,v44_h40,0.056007999926805496
v44_h61,v44_h53,0.0071588000282645226
v44_h62,v44_h36,0.01909000054001808
v44_h62,v44_h38,0.07032600045204163
v44_h62,v44_h40,0.08225700259208679
v44_h62,v44_h45,0.0071588000282645226
v44_h62,v44_h53,0.06316699832677841
v44_h62,v44_h129,0.00477250013500452
v44_h63,v44_h36,0.060780998319387436
v44_h63,v44_h38,0.009545099921524525
v44_h63,v44_h40,0.01909000054001808
v44_h63,v44_h45,0.0071588000282645226
v44_h63,v44_h53,0.009545099921524525
v44_h63,v44_h129,0.002386299893260002
v44_h65,v44_h4,0.0071588000282645226
v44_h65,v44_h22,0.002386299893260002
v44_h65,v44_h36,0.0071588000282645226
v44_h65,v44_h38,0.011931000277400017
v44_h65,v44_h40,0.011931000277400017
v44_h65,v44_h45,0.002386299893260002
v44_h65,v44_h53,0.002386299893260002
v44_h65,v44_h129,0.016704000532627106
v44_h65,v44_h150,0.0071588000282645226
v44_h66,v44_h22,0.002386299893260002
v44_h66,v44_h36,0.002386299893260002
v44_h66,v44_h38,0.00477250013500452
v44_h66,v44_h40,0.00477250013500452
v44_h66,v44_h45,0.002386299893260002
v44_h66,v44_h53,0.002386299893260002
v44_h66,v44_h129,0.002386299893260002
v44_h67,v44_h4,0.002386299893260002
v44_h67,v44_h36,0.0071588000282645226
v44_h67,v44_h40,0.00477250013500452
v44_h67,v44_h45,0.002386299893260002
v44_h67,v44_h53,0.00477250013500452
v44_h67,v44_h129,0.00477250013500452
v44_h69,v44_h4,0.002386299893260002
v44_h69,v44_h22,0.002386299893260002
v44_h69,v44_h36,0.0071588000282645226
v44_h69,v44_h38,0.002386299893260002
v44_h69,v44_h40,0.0071588000282645226
v44_h69,v44_h45,0.002386299893260002
v44_h69,v44_h53,0.0071588000282645226
v44_h69,v44_h129,0.016704000532627106
v44_h69,v44_h150,0.002386299893260002
v44_h70,v44_h38,0.002386299893260002
v44_h70,v44_h40,0.002386299893260002
v44_h70,v44_h53,0.002386299893260002
v44_h70,v44_h129,0.002386299893260002
v44_h71,v44_h22,0.002386299893260002
v44_h71,v44_h38,0.002386299893260002
v44_h71,v44_h40,0.002386299893260002
v44_h71,v44_h129,0.06316699832677841
v44_h71,v44_h150,0.002386299893260002
v44_h72,v44_h22,0.002386299893260002
v44_h72,v44_h129,0.009545099921524525
v44_h73,v44_h22,0.002386299893260002
v44_h73,v44_h38,0.002386299893260002
v44_h73,v44_h40,0.00477250013500452
v44_h73,v44_h129,0.011931000277400017
v44_h73,v44_h150,0.0071588000282645226
v44_h75,v44_h22,0.002386299893260002
v44_h75,v44_h36,0.002386299893260002
v44_h75,v44_h38,0.00477250013500452
v44_h75,v44_h40,0.0071588000282645226
v44_h75,v44_h45,0.002386299893260002
v44_h75,v44_h53,0.00477250013500452
v44_h75,v44_h129,0.00477250013500452
v44_h75,v44_h150,0.002386299893260002
v44_h76,v44_h22,0.00477250013500452
v44_h76,v44_h38,0.002386299893260002
v44_h76,v44_h40,0.002386299893260002
v44_h76,v44_h129,0.002386299893260002
v44_h77,v44_h22,0.0071588000282645226
v44_h77,v44_h36,0.002386299893260002
v44_h77,v44_h38,0.009545099921524525
v44_h77,v44_h40,0.0071588000282645226
v44_h77,v44_h129,0.009545099921524525
v44_h77,v44_h150,0.011931000277400017
v44_h78,v44_h4,0.002386299893260002
v44_h78,v44_h36,0.002386299893260002
v44_h78,v44_h40,0.0071588000282645226
v44_h78,v44_h53,0.002386299893260002
v44_h78,v44_h129,0.014317999593913555
v44_h78,v44_h150,0.002386299893260002
v44_h79,v44_h4,0.00477250013500452
v44_h79,v44_h22,0.002386299893260002
v44_h79,v44_h36,0.009545099921524525
v44_h79,v44_h38,0.011931000277400017
v44_h79,v44_h40,0.016704000532627106
v44_h79,v44_h45,0.00477250013500452
v44_h79,v44_h53,0.011931000277400017
v44_h79,v44_h129,0.014317999593913555
v44_h79,v44_h150,0.00477250013500452
v44_h80,v44_h4,0.002386299893260002
v44_h80,v44_h36,0.0071588000282645226
v44_h80,v44_h38,0.00477250013500452
v44_h80,v44_h40,0.00477250013500452
v44_h80,v44_h53,0.002386299893260002
v44_h80,v44_h129,0.011931000277400017
v44_h80,v44_h150,0.002386299893260002
v44_h81,v44_h22,0.002386299893260002
v44_h81,v44_h36,0.0071588000282645226
v44_h81,v44_h38,0.002386299893260002
v44_h81,v44_h40,0.002386299893260002
v44_h81,v44_h53,0.002386299893260002
v44_h81,v44_h129,0.009545099921524525
v44_h83,v44_h4,0.009545099921524525
v44_h83,v44_h22,0.002386299893260002
v44_h83,v44_h36,0.00477250013500452
v44_h83,v44_h38,0.002386299893260002
v44_h83,v44_h40,0.00477250013500452
v44_h83,v44_h45,0.00477250013500452
v44_h83,v44_h53,0.00477250013500452
v44_h83,v44_h129,0.026249000802636147
v44_h83,v44_h150,0.0071588000282645226
v44_h84,v44_h4,0.002386299893260002
v44_h84,v44_h22,0.002386299893260002
v44_h84,v44_h36,0.002386299893260002
v44_h84,v44_h38,0.056007999926805496
v44_h84,v44_h40,0.0071588000282645226
v44_h84,v44_h129,0.011931000277400017
v44_h85,v44_h22,0.002386299893260002
v44_h85,v44_h36,0.002386299893260002
v44_h85,v44_h40,0.002386299893260002
v44_h85,v44_h45,0.002386299893260002
v44_h85,v44_h53,0.002386299893260002
v44_h87,v44_h4,0.0071588000282645226
v44_h87,v44_h22,0.002386299893260002
v44_h87,v44_h129,0.009545099921524525
v44_h88,v44_h4,0.00477250013500452
v44_h88,v44_h22,0.00477250013500452
v44_h88,v44_h38,0.002386299893260002
v44_h88,v44_h40,0.002386299893260002
v44_h88,v44_h53,0.002386299893260002
v44_h88,v44_h129,0.026249000802636147
v44_h89,v44_h4,0.00477250013500452
v44_h89,v44_h22,0.00477250013500452
v44_h89,v44_h38,0.002386299893260002
v44_h89,v44_h129,0.009545099921524525
v44_h9,v44_h4,0.06555300205945969
v44_h9,v44_h129,0.016704000532627106
v44_h90,v44_h129,0.060780998319387436
v44_h90,v44_h150,0.00477250013500452
v44_h91,v44_h22,0.002386299893260002
v44_h91,v44_h38,0.002386299893260002
v44_h91,v44_h129,0.06555300205945969
v44_h92,v44_h4,0.00477250013500452
v44_h92,v44_h129,0.06555300205945969
v44_h93,v44_h4,0.00477250013500452
v44_h93,v44_h22,0.002386299893260002
v44_h93,v44_h129,0.06555300205945969
v44_h94,v44_h4,0.002386299893260002
v44_h94,v44_h22,0.002386299893260002
v44_h94,v44_h38,0.002386299893260002
v44_h94,v44_h129,0.014317999593913555
v44_h94,v44_h150,0.009545099921524525
v44_h95,v44_h22,0.002386299893260002
v44_h95,v44_h38,0.002386299893260002
v44_h95,v44_h129,0.011931000277400017
v44_h96,v44_h4,0.00477250013500452
v44_h96,v44_h22,0.056007999926805496
v44_h96,v44_h36,0.00477250013500452
v44_h96,v44_h38,0.009545099921524525
v44_h96,v44_h40,0.009545099921524525
v44_h96,v44_h45,0.00477250013500452
v44_h96,v44_h53,0.00477250013500452
v44_h96,v44_h129,0.026249000802636147
v44_h96,v44_h150,0.011931000277400017
v44_h97,v44_h4,0.0071588000282645226
v44_h97,v44_h22,0.00477250013500452
v44_h97,v44_h129,0.07748500257730484
v44_h97,v44_h150,0.0071588000282645226
v45_h1,v45_h42,0.006259600166231394
v45_h1,v45_h62,0.012519000098109245
v45_h1,v45_h74,0.006259600166231394
v45_h1,v45_h139,0.006259600166231394
v45_h1,v45_h159,0.006259600166231394
v45_h1,v45_h176,0.006259600166231394
v45_h1,v45_h207,0.006259600166231394
v45_h1,v45_h220,0.012519000098109245
v45_h10,v45_h36,0.09163700044155121
v45_h10,v45_h42,0.006259600166231394
v45_h10,v45_h207,0.006259600166231394
v45_h100,v45_h42,0.006259600166231394
v45_h100,v45_h62,0.006259600166231394
v45_h100,v45_h176,0.006259600166231394
v45_h100,v45_h207,0.012519000098109245
v45_h101,v45_h36,0.006259600166231394
v45_h101,v45_h42,0.03755800053477287
v45_h101,v45_h62,0.012519000098109245
v45_h101,v45_h74,0.11042000353336334
v45_h101,v45_h159,0.006259600166231394
v45_h101,v45_h176,0.018779000267386436
v45_h101,v45_h192,0.006259600166231394
v45_h101,v45_h207,0.02503800019621849
v45_h101,v45_h240,0.006259600166231394
v45_h101,v45_h244,0.09163700044155121
v45_h102,v45_h62,0.006259600166231394
v45_h102,v45_h139,0.006259600166231394
v45_h102,v45_h176,0.006259600166231394
v45_h102,v45_h207,0.006259600166231394
v45_h102,v45_h244,0.006259600166231394
v45_h104,v45_h42,0.018779000267386436
v45_h104,v45_h62,0.012519000098109245
v45_h104,v45_h74,0.012519000098109245
v45_h104,v45_h176,0.006259600166231394
v45_h104,v45_h207,0.018779000267386436
v45_h104,v45_h244,0.006259600166231394
v45_h105,v45_h36,0.012519000098109245
v45_h105,v45_h42,0.08537700027227402
v45_h105,v45_h74,0.03129800036549568
v45_h105,v45_h139,0.018779000267386436
v45_h105,v45_h159,0.006259600166231394
v45_h105,v45_h176,0.006259600166231394
v45_h105,v45_h207,0.018779000267386436
v45_h105,v45_h215,0.006259600166231394
v45_h105,v45_h240,0.006259600166231394
v45_h105,v45_h244,0.012519000098109245
v45_h106,v45_h62,0.006259600166231394
v45_h106,v45_h74,0.018779000267386436
v45_h106,v45_h176,0.09163700044155121
v45_h106,v45_h207,0.018779000267386436
v45_h106,v45_h244,0.012519000098109245
v45_h107,v45_h36,0.018779000267386436
v45_h107,v45_h42,0.006259600166231394
v45_h107,v45_h62,0.006259600166231394
v45_h107,v45_h74,0.012519000098109245
v45_h107,v45_h139,0.012519000098109245
v45_h107,v45_h176,0.006259600166231394
v45_h107,v45_h207,0.018779000267386436
v45_h107,v45_h220,0.012519000098109245
v45_h108,v45_h36,0.012519000098109245
v45_h108,v45_h42,0.006259600166231394
v45_h108,v45_h62,0.006259600166231394
v45_h108,v45_h74,0.006259600166231394
v45_h108,v45_h139,0.006259600166231394
v45_h108,v45_h207,0.09789600223302841
v45_h108,v45_h220,0.006259600166231394
v45_h108,v45_h244,0.006259600166231394
v45_h11,v45_h36,0.018779000267386436
v45_h11,v45_h42,0.006259600166231394
v45_h11,v45_h62,0.006259600166231394
v45_h11,v45_h74,0.006259600166231394
v45_h11,v45_h139,0.006259600166231394
v45_h11,v45_h159,0.006259600166231394
v45_h11,v45_h176,0.012519000098109245
v45_h11,v45_h207,0.012519000098109245
v45_h110,v45_h36,0.006259600166231394
v45_h110,v45_h42,0.012519000098109245
v45_h110,v45_h62,0.012519000098109245
v45_h110,v45_h74,0.006259600166231394
v45_h110,v45_h139,0.02503800019621849
v45_h110,v45_h176,0.006259600166231394
v45_h110,v45_h207,0.012519000098109245
v45_h110,v45_h220,0.006259600166231394
v45_h110,v45_h240,0.006259600166231394
v45_h110,v45_h244,0.006259600166231394
v45_h111,v45_h74,0.006259600166231394
v45_h111,v45_h159,0.012519000098109245
v45_h111,v45_h176,0.006259600166231394
v45_h111,v45_h207,0.09789600223302841
v45_h111,v45_h240,0.006259600166231394
v45_h112,v45_h36,0.006259600166231394
v45_h112,v45_h139,0.006259600166231394
v45_h112,v45_h207,0.02503800019621849
v45_h112,v45_h240,0.08537700027227402
v45_h113,v45_h36,0.006259600166231394
v45_h113,v45_h42,0.006259600166231394
v45_h113,v45_h74,0.006259600166231394
v45_h113,v45_h139,0.006259600166231394
v45_h113,v45_h207,0.09163700044155121
v45_h113,v45_h240,0.006259600166231394
v45_h113,v45_h244,0.006259600166231394
v45_h114,v45_h74,0.006259600166231394
v45_h114,v45_h139,0.006259600166231394
v45_h114,v45_h207,0.012519000098109245
v45_h114,v45_h240,0.006259600166231394
v45_h12,v45_h36,0.006259600166231394
v45_h12,v45_h42,0.012519000098109245
v45_h12,v45_h62,0.006259600166231394
v45_h12,v45_h74,0.012519000098109245
v45_h12,v45_h149,0.006259600166231394
v45_h12,v45_h159,0.08537700027227402
v45_h12,v45_h176,0.08537700027227402
v45_h12,v45_h207,0.012519000098109245
v45_h12,v45_h215,0.006259600166231394
v45_h12,v45_h220,0.012519000098109245
v45_h12,v45_h244,0.006259600166231394
v45_h13,v45_h74,0.012519000098109245
v45_h13,v45_h139,0.006259600166231394
v45_h13,v45_h159,0.006259600166231394
v45_h13,v45_h176,0.012519000098109245
v45_h13,v45_h207,0.006259600166231394
v45_h14,v45_h62,0.018779000267386436
v45_h14,v45_h159,0.006259600166231394
v45_h14,v45_h176,0.006259600166231394
v45_h14,v45_h244,0.006259600166231394
v45_h15,v45_h62,0.006259600166231394
v45_h15,v45_h74,0.012519000098109245
v45_h15,v45_h139,0.006259600166231394
v45_h15,v45_h159,0.006259600166231394
v45_h15,v45_h176,0.006259600166231394
v45_h16,v45_h42,0.006259600166231394
v45_h16,v45_h74,0.006259600166231394
v45_h16,v45_h159,0.006259600166231394
v45_h16,v45_h176,0.006259600166231394
v45_h16,v45_h207,0.006259600166231394
v45_h17,v45_h62,0.006259600166231394
v45_h17,v45_h139,0.006259600166231394
v45_h17,v45_h159,0.006259600166231394
v45_h17,v45_h176,0.006259600166231394
v45_h17,v45_h244,0.006259600166231394
v45_h18,v45_h42,0.006259600166231394
v45_h18,v45_h62,0.012519000098109245
v45_h2,v45_h207,0.006259600166231394
v45_h2,v45_h220,0.006259600166231394
v45_h22,v45_h42,0.006259600166231394
v45_h22,v45_h62,0.012519000098109245
v45_h22,v45_h74,0.006259600166231394
v45_h22,v45_h159,0.012519000098109245
v45_h22,v45_h176,0.012519000098109245
v45_h22,v45_h220,0.012519000098109245
v45_h24,v45_h74,0.006259600166231394
v45_h24,v45_h159,0.02503800019621849
v45_h24,v45_h176,0.02503800019621849
v45_h24,v45_h215,0.006259600166231394
v45_h25,v45_h74,0.006259600166231394
v45_h25,v45_h139,0.006259600166231394
v45_h25,v45_h159,0.006259600166231394
v45_h25,v45_h176,0.006259600166231394
v45_h26,v45_h42,0.006259600166231394
v45_h26,v45_h74,0.02503800019621849
v45_h26,v45_h176,0.006259600166231394
v45_h26,v45_h215,0.006259600166231394
v45_h27,v45_h42,0.012519000098109245
v45_h27,v45_h62,0.006259600166231394
v45_h27,v45_h74,0.006259600166231394
v45_h27,v45_h139,0.006259600166231394
v45_h27,v45_h159,0.006259600166231394
v45_h27,v45_h176,0.012519000098109245
v45_h27,v45_h220,0.006259600166231394
v45_h27,v45_h244,0.006259600166231394
v45_h29,v45_h244,0.006259600166231394
v45_h3,v45_h36,0.006259600166231394
v45_h3,v45_h74,0.07911799848079681
v45_h3,v45_h139,0.006259600166231394
v45_h3,v45_h207,0.006259600166231394
v45_h3,v45_h220,0.006259600166231394
v45_h31,v45_h36,0.006259600166231394
v45_h31,v45_h42,0.006259600166231394
v45_h31,v45_h62,0.006259600166231394
v45_h31,v45_h74,0.006259600166231394
v45_h31,v45_h139,0.006259600166231394
v45_h31,v45_h159,0.006259600166231394
v45_h31,v45_h176,0.012519000098109245
v45_h31,v45_h215,0.006259600166231394
v45_h31,v45_h244,0.006259600166231394
v45_h32,v45_h42,0.018779000267386436
v45_h32,v45_h62,0.02503800019621849
v45_h32,v45_h74,0.018779000267386436
v45_h32,v45_h139,0.006259600166231394
v45_h32,v45_h192,0.006259600166231394
v45_h32,v45_h207,0.012519000098109245
v45_h32,v45_h244,0.12292999774217606
v45_h35,v45_h36,0.08537700027227402
v45_h35,v45_h42,0.012519000098109245
v45_h35,v45_h139,0.006259600166231394
v45_h35,v45_h207,0.006259600166231394
v45_h35,v45_h244,0.006259600166231394
v45_h4,v45_h36,0.12918999791145325
v45_h4,v45_h42,0.10416000336408615
v45_h4,v45_h62,0.012519000098109245
v45_h4,v45_h74,0.05007699877023697
v45_h4,v45_h139,0.018779000267386436
v45_h4,v45_h207,0.006259600166231394
v45_h40,v45_h36,0.018779000267386436
v45_h40,v45_h74,0.012519000098109245
v45_h40,v45_h139,0.012519000098109245
v45_h40,v45_h159,0.012519000098109245
v45_h40,v45_h176,0.018779000267386436
v45_h40,v45_h207,0.08537700027227402
v45_h40,v45_h215,0.012519000098109245
v45_h40,v45_h220,0.09163700044155121
v45_h40,v45_h240,0.006259600166231394
v45_h40,v45_h244,0.006259600166231394
v45_h41,v45_h36,0.03129800036549568
v45_h41,v45_h42,0.11042000353336334
v45_h41,v45_h62,0.006259600166231394
v45_h41,v45_h74,0.11042000353336334
v45_h41,v45_h139,0.006259600166231394
v45_h41,v45_h159,0.006259600166231394
v45_h41,v45_h207,0.03129800036549568
v45_h41,v45_h240,0.012519000098109245
v45_h42,v45_h36,0.10416000336408615
v45_h42,v45_h62,0.006259600166231394
v45_h42,v45_h74,0.04381699860095978
v45_h42,v45_h176,0.006259600166231394
v45_h42,v45_h207,0.018779000267386436
v45_h42,v45_h220,0.006259600166231394
v45_h42,v45_h240,0.006259600166231394
v45_h42,v45_h244,0.006259600166231394
v45_h43,v45_h36,0.10416000336408615
v45_h43,v45_h42,0.11042000353336334
v45_h43,v45_h176,0.006259600166231394
v45_h43,v45_h207,0.018779000267386436
v45_h43,v45_h240,0.006259600166231394
v45_h44,v45_h42,0.006259600166231394
v45_h44,v45_h62,0.006259600166231394
v45_h44,v45_h74,0.012519000098109245
v45_h44,v45_h207,0.006259600166231394
v45_h44,v45_h220,0.012519000098109245
v45_h44,v45_h244,0.006259600166231394
v45_h45,v45_h62,0.012519000098109245
v45_h45,v45_h74,0.006259600166231394
v45_h46,v45_h74,0.006259600166231394
v45_h46,v45_h139,0.07911799848079681
v45_h46,v45_h159,0.006259600166231394
v45_h46,v45_h176,0.012519000098109245
v45_h46,v45_h207,0.012519000098109245
v45_h46,v45_h215,0.006259600166231394
v45_h46,v45_h244,0.006259600166231394
v45_h49,v45_h42,0.006259600166231394
v45_h49,v45_h74,0.006259600166231394
v45_h49,v45_h207,0.006259600166231394
v45_h49,v45_h244,0.006259600166231394
v45_h5,v45_h36,0.10416000336408615
v45_h5,v45_h42,0.10416000336408615
v45_h5,v45_h62,0.006259600166231394
v45_h5,v45_h74,0.08537700027227402
v45_h5,v45_h139,0.012519000098109245
v45_h5,v45_h192,0.006259600166231394
v45_h5,v45_h207,0.07911799848079681
v45_h5,v45_h220,0.006259600166231394
v45_h5,v45_h244,0.006259600166231394
v45_h50,v45_h36,0.012519000098109245
v45_h50,v45_h42,0.10416000336408615
v45_h50,v45_h62,0.006259600166231394
v45_h50,v45_h74,0.10416000336408615
v45_h50,v45_h139,0.006259600166231394
v45_h50,v45_h207,0.018779000267386436
v45_h50,v45_h215,0.006259600166231394
v45_h50,v45_h240,0.006259600166231394
v45_h50,v45_h244,0.018779000267386436
v45_h54,v45_h42,0.012519000098109245
v45_h54,v45_h62,0.006259600166231394
v45_h54,v45_h74,0.11042000353336334
v45_h54,v45_h215,0.006259600166231394
v45_h55,v45_h42,0.006259600166231394
v45_h55,v45_h62,0.006259600166231394
v45_h55,v45_h74,0.018779000267386436
v45_h55,v45_h139,0.012519000098109245
v45_h55,v45_h207,0.006259600166231394
v45_h55,v45_h215,0.006259600166231394
v45_h55,v45_h220,0.006259600166231394
v45_h55,v45_h244,0.006259600166231394
v45_h56,v45_h36,0.006259600166231394
v45_h56,v45_h42,0.018779000267386436
v45_h56,v45_h139,0.012519000098109245
v45_h56,v45_h207,0.012519000098109245
v45_h56,v45_h220,0.006259600166231394
v45_h56,v45_h244,0.006259600166231394
v45_h57,v45_h42,0.006259600166231394
v45_h57,v45_h62,0.018779000267386436
v45_h57,v45_h139,0.006259600166231394
v45_h57,v45_h176,0.006259600166231394
v45_h57,v45_h207,0.07911799848079681
v45_h57,v45_h244,0.006259600166231394
v45_h58,v45_h62,0.018779000267386436
v45_h58,v45_h74,0.006259600166231394
v45_h58,v45_h139,0.018779000267386436
v45_h58,v45_h176,0.012519000098109245
v45_h58,v45_h207,0.012519000098109245
v45_h58,v45_h244,0.006259600166231394
v45_h59,v45_h36,0.012519000098109245
v45_h59,v45_h42,0.11042000353336334
v45_h59,v45_h62,0.09789600223302841
v45_h59,v45_h74,0.14170999825000763
v45_h59,v45_h139,0.012519000098109245
v45_h59,v45_h149,0.006259600166231394
v45_h59,v45_h159,0.006259600166231394
v45_h59,v45_h176,0.012519000098109245
v45_h59,v45_h215,0.006259600166231394
v45_h59,v45_h244,0.018779000267386436
v45_h6,v45_h36,0.10416000336408615
v45_h6,v45_h42,0.02503800019621849
v45_h6,v45_h74,0.012519000098109245
v45_h6,v45_h139,0.006259600166231394
v45_h6,v45_h207,0.012519000098109245
v45_h6,v45_h220,0.006259600166231394
v45_h60,v45_h36,0.012519000098109245
v45_h60,v45_h42,0.02503800019621849
v45_h60,v45_h62,0.09789600223302841
v45_h60,v45_h74,0.02503800019621849
v45_h60,v45_h139,0.006259600166231394
v45_h60,v45_h149,0.006259600166231394
v45_h60,v45_h159,0.006259600166231394
v45_h60,v45_h176,0.006259600166231394
v45_h60,v45_h207,0.012519000098109245
v45_h60,v45_h220,0.006259600166231394
v45_h60,v45_h240,0.006259600166231394
v45_h60,v45_h244,0.012519000098109245
v45_h61,v45_h36,0.012519000098109245
v45_h61,v45_h42,0.02503800019621849
v45_h61,v45_h62,0.09789600223302841
v45_h61,v45_h74,0.02503800019621849
v45_h61,v45_h149,0.006259600166231394
v45_h61,v45_h159,0.006259600166231394
v45_h61,v45_h207,0.006259600166231394
v45_h61,v45_h244,0.006259600166231394
v45_h62,v45_h42,0.006259600166231394
v45_h62,v45_h74,0.012519000098109245
v45_h62,v45_h207,0.006259600166231394
v45_h63,v45_h36,0.006259600166231394
v45_h63,v45_h42,0.006259600166231394
v45_h63,v45_h62,0.10416000336408615
v45_h63,v45_h74,0.018779000267386436
v45_h63,v45_h139,0.006259600166231394
v45_h63,v45_h159,0.006259600166231394
v45_h63,v45_h207,0.006259600166231394
v45_h63,v45_h215,0.006259600166231394
v45_h63,v45_h220,0.006259600166231394
v45_h66,v45_h36,0.006259600166231394
v45_h66,v45_h42,0.07911799848079681
v45_h66,v45_h62,0.03129800036549568
v45_h66,v45_h207,0.006259600166231394
v45_h66,v45_h244,0.006259600166231394
v45_h67,v45_h36,0.006259600166231394
v45_h67,v45_h42,0.03755800053477287
v45_h67,v45_h62,0.012519000098109245
v45_h67,v45_h74,0.12292999774217606
v45_h67,v45_h139,0.006259600166231394
v45_h67,v45_h149,0.006259600166231394
v45_h67,v45_h159,0.018779000267386436
v45_h67,v45_h176,0.006259600166231394
v45_h67,v45_h207,0.006259600166231394
v45_h67,v45_h215,0.006259600166231394
v45_h67,v45_h220,0.006259600166231394
v45_h69,v45_h36,0.012519000098109245
v45_h69,v45_h42,0.10416000336408615
v45_h69,v45_h62,0.018779000267386436
v45_h69,v45_h74,0.06885600090026855
v45_h69,v45_h139,0.012519000098109245
v45_h69,v45_h149,0.006259600166231394
v45_h69,v45_h159,0.03129800036549568
v45_h69,v45_h176,0.03755800053477287
v45_h69,v45_h207,0.018779000267386436
v45_h69,v45_h215,0.006259600166231394
v45_h69,v45_h220,0.08537700027227402
v45_h70,v45_h42,0.012519000098109245
v45_h70,v45_h62,0.006259600166231394
v45_h70,v45_h74,0.09789600223302841
v45_h70,v45_h149,0.006259600166231394
v45_h70,v45_h159,0.08537700027227402
v45_h70,v45_h176,0.006259600166231394
v45_h71,v45_h62,0.012519000098109245
v45_h71,v45_h74,0.09789600223302841
v45_h71,v45_h139,0.006259600166231394
v45_h71,v45_h159,0.006259600166231394
v45_h71,v45_h176,0.006259600166231394
v45_h71,v45_h207,0.006259600166231394
v45_h72,v45_h36,0.006259600166231394
v45_h72,v45_h42,0.03129800036549568
v45_h72,v45_h62,0.018779000267386436
v45_h72,v45_h74,0.12292999774217606
v45_h72,v45_h159,0.006259600166231394
v45_h72,v45_h207,0.006259600166231394
v45_h72,v45_h220,0.006259600166231394
v45_h73,v45_h42,0.012519000098109245
v45_h73,v45_h62,0.07911799848079681
v45_h73,v45_h74,0.09789600223302841
v45_h73,v45_h159,0.006259600166231394
v45_h73,v45_h220,0.006259600166231394
v45_h74,v45_h36,0.006259600166231394
v45_h74,v45_h42,0.04381699860095978
v45_h74,v45_h62,0.012519000098109245
v45_h74,v45_h139,0.012519000098109245
v45_h74,v45_h159,0.012519000098109245
v45_h74,v45_h176,0.012519000098109245
v45_h74,v45_h207,0.006259600166231394
v45_h74,v45_h244,0.012519000098109245
v45_h75,v45_h36,0.012519000098109245
v45_h75,v45_h42,0.09789600223302841
v45_h75,v45_h62,0.012519000098109245
v45_h75,v45_h74,0.10416000336408615
v45_h75,v45_h139,0.006259600166231394
v45_h75,v45_h159,0.006259600166231394
v45_h75,v45_h176,0.006259600166231394
v45_h75,v45_h207,0.006259600166231394
v45_h75,v45_h215,0.006259600166231394
v45_h75,v45_h220,0.006259600166231394
v45_h75,v45_h244,0.006259600166231394
v45_h76,v45_h36,0.006259600166231394
v45_h76,v45_h42,0.018779000267386436
v45_h76,v45_h62,0.006259600166231394
v45_h76,v45_h74,0.04381699860095978
v45_h76,v45_h139,0.018779000267386436
v45_h76,v45_h207,0.006259600166231394
v45_h76,v45_h240,0.006259600166231394
v45_h76,v45_h244,0.012519000098109245
v45_h77,v45_h42,0.012519000098109245
v45_h77,v45_h62,0.006259600166231394
v45_h77,v45_h74,0.12918999791145325
v45_h77,v45_h139,0.018779000267386436
v45_h77,v45_h159,0.006259600166231394
v45_h77,v45_h176,0.006259600166231394
v45_h77,v45_h207,0.012519000098109245
v45_h77,v45_h215,0.006259600166231394
v45_h77,v45_h220,0.006259600166231394
v45_h77,v45_h244,0.012519000098109245
v45_h78,v45_h36,0.006259600166231394
v45_h78,v45_h42,0.006259600166231394
v45_h78,v45_h74,0.09163700044155121
v45_h78,v45_h139,0.018779000267386436
v45_h78,v45_h207,0.006259600166231394
v45_h78,v45_h215,0.006259600166231394
v45_h78,v45_h240,0.006259600166231394
v45_h78,v45_h244,0.012519000098109245
v45_h79,v45_h36,0.03129800036549568
v45_h79,v45_h42,0.03755800053477287
v45_h79,v45_h62,0.018779000267386436
v45_h79,v45_h74,0.06885600090026855
v45_h79,v45_h139,0.11668000370264053
v45_h79,v45_h159,0.03129800036549568
v45_h79,v45_h176,0.04381699860095978
v45_h79,v45_h192,0.012519000098109245
v45_h79,v45_h207,0.012519000098109245
v45_h79,v45_h215,0.006259600166231394
v45_h79,v45_h220,0.006259600166231394
v45_h79,v45_h240,0.006259600166231394
v45_h79,v45_h244,0.08537700027227402
v45_h80,v45_h36,0.012519000098109245
v45_h80,v45_h42,0.02503800019621849
v45_h80,v45_h62,0.02503800019621849
v45_h80,v45_h74,0.10416000336408615
v45_h80,v45_h139,0.012519000098109245
v45_h80,v45_h159,0.006259600166231394
v45_h80,v45_h176,0.012519000098109245
v45_h80,v45_h207,0.006259600166231394
v45_h80,v45_h215,0.006259600166231394
v45_h80,v45_h220,0.006259600166231394
v45_h80,v45_h244,0.006259600166231394
v45_h81,v45_h42,0.012519000098109245
v45_h81,v45_h62,0.11042000353336334
v45_h81,v45_h74,0.03129800036549568
v45_h81,v45_h139,0.006259600166231394
v45_h83,v45_h42,0.02503800019621849
v45_h83,v45_h62,0.11668000370264053
v45_h83,v45_h74,0.018779000267386436
v45_h83,v45_h139,0.012519000098109245
v45_h83,v45_h207,0.012519000098109245
v45_h83,v45_h220,0.006259600166231394
v45_h83,v45_h244,0.012519000098109245
v45_h84,v45_h62,0.012519000098109245
v45_h84,v45_h74,0.012519000098109245
v45_h84,v45_h139,0.006259600166231394
v45_h84,v45_h176,0.006259600166231394
v45_h84,v45_h207,0.012519000098109245
v45_h85,v45_h42,0.006259600166231394
v45_h85,v45_h62,0.09789600223302841
v45_h85,v45_h207,0.012519000098109245
v45_h85,v45_h244,0.012519000098109245
v45_h87,v45_h42,0.006259600166231394
v45_h87,v45_h207,0.006259600166231394
v45_h88,v45_h36,0.018779000267386436
v45_h88,v45_h42,0.03755800053477287
v45_h88,v45_h62,0.012519000098109245
v45_h88,v45_h74,0.10416000336408615
v45_h88,v45_h139,0.03129800036549568
v45_h88,v45_h176,0.018779000267386436
v45_h88,v45_h207,0.018779000267386436
v45_h88,v45_h220,0.006259600166231394
v45_h88,v45_h240,0.006259600166231394
v45_h88,v45_h244,0.012519000098109245
v45_h89,v45_h36,0.006259600166231394
v45_h89,v45_h42,0.09163700044155121
v45_h89,v45_h62,0.012519000098109245
v45_h89,v45_h74,0.11042000353336334
v45_h89,v45_h139,0.006259600166231394
v45_h89,v45_h159,0.006259600166231394
v45_h89,v45_h176,0.08537700027227402
v45_h89,v45_h207,0.006259600166231394
v45_h89,v45_h244,0.018779000267386436
v45_h9,v45_h36,0.03755800053477287
v45_h9,v45_h42,0.018779000267386436
v45_h9,v45_h62,0.012519000098109245
v45_h9,v45_h74,0.03755800053477287
v45_h9,v45_h139,0.02503800019621849
v45_h9,v45_h176,0.012519000098109245
v45_h9,v45_h207,0.018779000267386436
v45_h9,v45_h220,0.006259600166231394
v45_h9,v45_h244,0.006259600166231394
v45_h90,v45_h36,0.012519000098109245
v45_h90,v45_h42,0.02503800019621849
v45_h90,v45_h74,0.018779000267386436
v45_h90,v45_h139,0.012519000098109245
v45_h90,v45_h159,0.006259600166231394
v45_h90,v45_h176,0.006259600166231394
v45_h90,v45_h207,0.03129800036549568
v45_h90,v45_h215,0.006259600166231394
v45_h90,v45_h220,0.012519000098109245
v45_h90,v45_h240,0.006259600166231394
v45_h91,v45_h36,0.012519000098109245
v45_h91,v45_h42,0.11042000353336334
v45_h91,v45_h62,0.006259600166231394
v45_h91,v45_h74,0.012519000098109245
v45_h91,v45_h207,0.08537700027227402
v45_h91,v45_h240,0.006259600166231394
v45_h91,v45_h244,0.006259600166231394
v45_h92,v45_h36,0.018779000267386436
v45_h92,v45_h42,0.03755800053477287
v45_h92,v45_h74,0.012519000098109245
v45_h92,v45_h139,0.012519000098109245
v45_h92,v45_h159,0.012519000098109245
v45_h92,v45_h176,0.09789600223302841
v45_h92,v45_h207,0.10416000336408615
v45_h92,v45_h215,0.006259600166231394
v45_h92,v45_h220,0.018779000267386436
v45_h92,v45_h240,0.006259600166231394
v45_h93,v45_h36,0.012519000098109245
v45_h93,v45_h42,0.09789600223302841
v45_h93,v45_h74,0.006259600166231394
v45_h93,v45_h159,0.006259600166231394
v45_h93,v45_h176,0.006259600166231394
v45_h93,v45_h207,0.018779000267386436
v45_h93,v45_h240,0.006259600166231394
v45_h93,v45_h244,0.006259600166231394
v45_h94,v45_h36,0.018779000267386436
v45_h94,v45_h42,0.12918999791145325
v45_h94,v45_h62,0.006259600166231394
v45_h94,v45_h74,0.018779000267386436
v45_h94,v45_h139,0.006259600166231394
v45_h94,v45_h159,0.006259600166231394
v45_h94,v45_h176,0.006259600166231394
v45_h94,v45_h207,0.02503800019621849
v45_h94,v45_h240,0.07911799848079681
v45_h94,v45_h244,0.006259600166231394
v45_h95,v45_h42,0.006259600166231394
v45_h95,v45_h62,0.006259600166231394
v45_h95,v45_h74,0.006259600166231394
v45_h95,v45_h139,0.006259600166231394
v45_h95,v45_h176,0.006259600166231394
v45_h95,v45_h207,0.006259600166231394
v45_h95,v45_h220,0.006259600166231394
v45_h96,v45_h36,0.006259600166231394
v45_h96,v45_h42,0.03129800036549568
v45_h96,v45_h139,0.012519000098109245
v45_h96,v45_h176,0.012519000098109245
v45_h96,v45_h207,0.10416000336408615
v45_h96,v45_h215,0.006259600166231394
v45_h96,v45_h220,0.006259600166231394
v45_h96,v45_h240,0.018779000267386436
v45_h96,v45_h244,0.006259600166231394
v45_h97,v45_h36,0.006259600166231394
v45_h97,v45_h74,0.006259600166231394
v45_h97,v45_h139,0.006259600166231394
v45_h97,v45_h159,0.006259600166231394
v45_h97,v45_h176,0.006259600166231394
v45_h97,v45_h207,0.012519000098109245
v45_h97,v45_h215,0.006259600166231394
v45_h97,v45_h220,0.006259600166231394
v45_h97,v45_h240,0.006259600166231394
v45_h97,v45_h244,0.006259600166231394
v45_h98,v45_h42,0.006259600166231394
v45_h98,v45_h74,0.006259600166231394
v45_h98,v45_h176,0.006259600166231394
v45_h98,v45_h244,0.012519000098109245
v47_h1,v47_h33,0.004217300098389387
v47_h1,v47_h47,0.004217300098389387
v47_h1,v47_h69,0.004217300098389387
v47_h1,v47_h130,0.004217300098389387
v47_h10,v47_h3,0.09024400264024734
v47_h10,v47_h5,0.004217300098389387
v47_h10,v47_h25,0.11133000254631042
v47_h10,v47_h28,0.08602699637413025
v47_h10,v47_h33,0.025304000824689865
v47_h10,v47_h47,0.01686899922788143
v47_h10,v47_h69,0.004217300098389387
v47_h10,v47_h129,0.012652000412344933
v47_h10,v47_h130,0.008434600196778774
v47_h100,v47_h3,0.008434600196778774
v47_h100,v47_h5,0.004217300098389387
v47_h100,v47_h25,0.008434600196778774
v47_h100,v47_h28,0.012652000412344933
v47_h100,v47_h33,0.004217300098389387
v47_h100,v47_h47,0.01686899922788143
v47_h100,v47_h69,0.06915800273418427
v47_h101,v47_h3,0.008434600196778774
v47_h101,v47_h25,0.012652000412344933
v47_h101,v47_h28,0.004217300098389387
v47_h101,v47_h33,0.004217300098389387
v47_h101,v47_h47,0.004217300098389387
v47_h101,v47_h69,0.012652000412344933
v47_h102,v47_h3,0.012652000412344933
v47_h102,v47_h25,0.012652000412344933
v47_h102,v47_h28,0.004217300098389387
v47_h102,v47_h33,0.012652000412344933
v47_h102,v47_h47,0.02108599990606308
v47_h102,v47_h69,0.01686899922788143
v47_h102,v47_h129,0.004217300098389387
v47_h102,v47_h130,0.01686899922788143
v47_h104,v47_h3,0.004217300098389387
v47_h104,v47_h25,0.012652000412344933
v47_h104,v47_h28,0.06494099646806717
v47_h104,v47_h33,0.029520999640226364
v47_h104,v47_h47,0.09024400264024734
v47_h104,v47_h69,0.012652000412344933
v47_h104,v47_h130,0.012652000412344933
v47_h105,v47_h25,0.008434600196778774
v47_h105,v47_h28,0.004217300098389387
v47_h105,v47_h33,0.029520999640226364
v47_h105,v47_h47,0.10711000114679337
v47_h105,v47_h69,0.008434600196778774
v47_h105,v47_h130,0.008434600196778774
v47_h106,v47_h3,0.01686899922788143
v47_h106,v47_h25,0.008434600196778774
v47_h106,v47_h28,0.004217300098389387
v47_h106,v47_h33,0.01686899922788143
v47_h106,v47_h47,0.025304000824689865
v47_h106,v47_h69,0.004217300098389387
v47_h106,v47_h129,0.008434600196778774
v47_h106,v47_h130,0.008434600196778774
v47_h107,v47_h3,0.012652000412344933
v47_h107,v47_h25,0.012652000412344933
v47_h107,v47_h28,0.012652000412344933
v47_h107,v47_h33,0.029520999640226364
v47_h107,v47_h47,0.02108599990606308
v47_h107,v47_h69,0.004217300098389387
v47_h107,v47_h129,0.012652000412344933
v47_h107,v47_h130,0.008434600196778774
v47_h108,v47_h3,0.008434600196778774
v47_h108,v47_h25,0.012652000412344933
v47_h108,v47_h28,0.008434600196778774
v47_h108,v47_h33,0.08180999755859375
v47_h108,v47_h47,0.029520999640226364
v47_h108,v47_h69,0.01686899922788143
v47_h108,v47_h129,0.004217300098389387
v47_h108,v47_h130,0.008434600196778774
v47_h11,v47_h3,0.012652000412344933
v47_h11,v47_h25,0.004217300098389387
v47_h11,v47_h33,0.01686899922788143
v47_h11,v47_h47,0.01686899922788143
v47_h11,v47_h69,0.01686899922788143
v47_h11,v47_h129,0.008434600196778774
v47_h11,v47_h130,0.025304000824689865
v47_h110,v47_h3,0.008434600196778774
v47_h110,v47_h25,0.008434600196778774
v47_h110,v47_h28,0.004217300098389387
v47_h110,v47_h33,0.02108599990606308
v47_h110,v47_h47,0.012652000412344933
v47_h110,v47_h129,0.012652000412344933
v47_h110,v47_h130,0.012652000412344933
v47_h111,v47_h3,0.012652000412344933
v47_h111,v47_h5,0.004217300098389387
v47_h111,v47_h25,0.012652000412344933
v47_h111,v47_h28,0.008434600196778774
v47_h111,v47_h33,0.004217300098389387
v47_h111,v47_h47,0.004217300098389387
v47_h111,v47_h69,0.012652000412344933
v47_h111,v47_h130,0.004217300098389387
v47_h112,v47_h3,0.008434600196778774
v47_h112,v47_h25,0.06915800273418427
v47_h112,v47_h28,0.008434600196778774
v47_h112,v47_h33,0.012652000412344933
v47_h112,v47_h47,0.012652000412344933
v47_h112,v47_h69,0.07337500154972076
v47_h112,v47_h129,0.004217300098389387
v47_h112,v47_h130,0.004217300098389387
v47_h113,v47_h28,0.004217300098389387
v47_h113,v47_h33,0.004217300098389387
v47_h113,v47_h47,0.004217300098389387
v47_h114,v47_h3,0.008434600196778774
v47_h114,v47_h25,0.012652000412344933
v47_h114,v47_h28,0.06494099646806717
v47_h114,v47_h33,0.02108599990606308
v47_h114,v47_h47,0.008434600196778774
v47_h114,v47_h129,0.008434600196778774
v47_h114,v47_h130,0.012652000412344933
v47_h12,v47_h3,0.01686899922788143
v47_h12,v47_h25,0.02108599990606308
v47_h12,v47_h28,0.008434600196778774
v47_h12,v47_h33,0.08602699637413025
v47_h12,v47_h47,0.03373799845576286
v47_h12,v47_h69,0.07337500154972076
v47_h12,v47_h129,0.004217300098389387
v47_h12,v47_h130,0.012652000412344933
v47_h13,v47_h3,0.004217300098389387
v47_h13,v47_h25,0.008434600196778774
v47_h13,v47_h28,0.004217300098389387
v47_h13,v47_h33,0.01686899922788143
v47_h13,v47_h47,0.02108599990606308
v47_h13,v47_h69,0.012652000412344933
v47_h13,v47_h129,0.008434600196778774
v47_h13,v47_h130,0.012652000412344933
v47_h14,v47_h3,0.029520999640226364
v47_h14,v47_h5,0.004217300098389387
v47_h14,v47_h25,0.09446199983358383
v47_h14,v47_h28,0.029520999640226364
v47_h14,v47_h33,0.012652000412344933
v47_h14,v47_h47,0.02108599990606308
v47_h14,v47_h69,0.012652000412344933
v47_h14,v47_h129,0.008434600196778774
v47_h14,v47_h130,0.01686899922788143
v47_h15,v47_h3,0.09446199983358383
v47_h15,v47_h25,0.09867899864912033
v47_h15,v47_h28,0.08602699637413025
v47_h15,v47_h33,0.09024400264024734
v47_h15,v47_h47,0.09867899864912033
v47_h15,v47_h69,0.07759200036525726
v47_h15,v47_h129,0.012652000412344933
v47_h15,v47_h130,0.02108599990606308
v47_h16,v47_h3,0.025304000824689865
v47_h16,v47_h25,0.029520999640226364
v47_h16,v47_h28,0.02108599990606308
v47_h16,v47_h33,0.01686899922788143
v47_h16,v47_h47,0.025304000824689865
v47_h16,v47_h69,0.012652000412344933
v47_h16,v47_h130,0.004217300098389387
v47_h17,v47_h3,0.09024400264024734
v47_h17,v47_h5,0.06494099646806717
v47_h17,v47_h25,0.10289999842643738
v47_h17,v47_h28,0.09867899864912033
v47_h17,v47_h33,0.012652000412344933
v47_h17,v47_h47,0.012652000412344933
v47_h17,v47_h69,0.004217300098389387
v47_h17,v47_h129,0.008434600196778774
v47_h17,v47_h130,0.008434600196778774
v47_h19,v47_h3,0.029520999640226364
v47_h19,v47_h5,0.004217300098389387
v47_h19,v47_h25,0.09867899864912033
v47_h19,v47_h28,0.09867899864912033
v47_h19,v47_h33,0.025304000824689865
v47_h19,v47_h47,0.04217299818992615
v47_h19,v47_h69,0.008434600196778774
v47_h19,v47_h129,0.008434600196778774
v47_h19,v47_h130,0.07759200036525726
v47_h2,v47_h3,0.01686899922788143
v47_h2,v47_h25,0.012652000412344933
v47_h2,v47_h28,0.008434600196778774
v47_h2,v47_h33,0.004217300098389387
v47_h2,v47_h47,0.008434600196778774
v47_h2,v47_h69,0.004217300098389387
v47_h2,v47_h129,0.008434600196778774
v47_h2,v47_h130,0.004217300098389387
v47_h21,v47_h3,0.09446199983358383
v47_h21,v47_h5,0.004217300098389387
v47_h21,v47_h25,0.03795599937438965
v47_h21,v47_h28,0.08602699637413025
v47_h21,v47_h33,0.008434600196778774
v47_h21,v47_h47,0.029520999640226364
v47_h21,v47_h69,0.008434600196778774
v47_h21,v47_h130,0.012652000412344933
v47_h22,v47_h3,0.029520999640226364
v47_h22,v47_h5,0.004217300098389387
v47_h22,v47_h25,0.10289999842643738
v47_h22,v47_h28,0.08180999755859375
v47_h22,v47_h33,0.08602699637413025
v47_h22,v47_h47,0.025304000824689865
v47_h22,v47_h69,0.012652000412344933
v47_h22,v47_h129,0.012652000412344933
v47_h22,v47_h130,0.008434600196778774
v47_h24,v47_h3,0.025304000824689865
v47_h24,v47_h5,0.004217300098389387
v47_h24,v47_h25,0.09867899864912033
v47_h24,v47_h28,0.03373799845576286
v47_h24,v47_h33,0.02108599990606308
v47_h24,v47_h47,0.08602699637413025
v47_h24,v47_h69,0.008434600196778774
v47_h24,v47_h129,0.004217300098389387
v47_h24,v47_h130,0.008434600196778774
v47_h25,v47_h3,0.09446199983358383
v47_h25,v47_h5,0.004217300098389387
v47_h25,v47_h28,0.09446199983358383
v47_h25,v47_h33,0.02108599990606308
v47_h25,v47_h47,0.025304000824689865
v47_h25,v47_h69,0.01686899922788143
v47_h25,v47_h129,0.004217300098389387
v47_h25,v47_h130,0.012652000412344933
v47_h26,v47_h69,0.06494099646806717
v47_h27,v47_h3,0.09024400264024734
v47_h27,v47_h25,0.09446199983358383
v47_h27,v47_h28,0.029520999640226364
v47_h27,v47_h33,0.04217299818992615
v47_h27,v47_h47,0.11554999649524689
v47_h27,v47_h69,0.01686899922788143
v47_h27,v47_h129,0.012652000412344933
v47_h27,v47_h130,0.025304000824689865
v47_h29,v47_h3,0.09867899864912033
v47_h29,v47_h5,0.004217300098389387
v47_h29,v47_h25,0.03795599937438965
v47_h29,v47_h28,0.07759200036525726
v47_h29,v47_h33,0.04217299818992615
v47_h29,v47_h47,0.10289999842643738
v47_h29,v47_h69,0.01686899922788143
v47_h29,v47_h129,0.008434600196778774
v47_h29,v47_h130,0.02108599990606308
v47_h3,v47_h5,0.004217300098389387
v47_h3,v47_h25,0.09446199983358383
v47_h3,v47_h28,0.09446199983358383
v47_h3,v47_h33,0.008434600196778774
v47_h3,v47_h47,0.01686899922788143
v47_h3,v47_h69,0.012652000412344933
v47_h3,v47_h129,0.004217300098389387
v47_h3,v47_h130,0.01686899922788143
v47_h31,v47_h3,0.08602699637413025
v47_h31,v47_h25,0.09024400264024734
v47_h31,v47_h28,0.03373799845576286
v47_h31,v47_h33,0.09867899864912033
v47_h31,v47_h47,0.03373799845576286
v47_h31,v47_h129,0.02108599990606308
v47_h31,v47_h130,0.02108599990606308
v47_h32,v47_h3,0.02108599990606308
v47_h32,v47_h25,0.08602699637413025
v47_h32,v47_h28,0.02108599990606308
v47_h32,v47_h33,0.11133000254631042
v47_h32,v47_h47,0.11976999789476395
v47_h32,v47_h69,0.008434600196778774
v47_h32,v47_h129,0.008434600196778774
v47_h32,v47_h130,0.012652000412344933
v47_h35,v47_h3,0.01686899922788143
v47_h35,v47_h25,0.029520999640226364
v47_h35,v47_h28,0.01686899922788143
v47_h35,v47_h33,0.03795599937438965
v47_h35,v47_h47,0.11554999649524689
v47_h35,v47_h69,0.004217300098389387
v47_h35,v47_h129,0.008434600196778774
v47_h35,v47_h130,0.07759200036525726
v47_h4,v47_h3,0.07759200036525726
v47_h4,v47_h25,0.008434600196778774
v47_h4,v47_h28,0.008434600196778774
v47_h4,v47_h33,0.008434600196778774
v47_h4,v47_h47,0.012652000412344933
v47_h4,v47_h69,0.01686899922788143
v47_h4,v47_h130,0.004217300098389387
v47_h40,v47_h3,0.008434600196778774
v47_h40,v47_h25,0.008434600196778774
v47_h40,v47_h28,0.004217300098389387
v47_h40,v47_h33,0.02108599990606308
v47_h40,v47_h47,0.01686899922788143
v47_h40,v47_h69,0.004217300098389387
v47_h40,v47_h130,0.004217300098389387
v47_h41,v47_h3,0.004217300098389387
v47_h41,v47_h25,0.004217300098389387
v47_h41,v47_h28,0.004217300098389387
v47_h41,v47_h33,0.09446199983358383
v47_h41,v47_h47,0.09446199983358383
v47_h41,v47_h129,0.004217300098389387
v47_h41,v47_h130,0.008434600196778774
v47_h42,v47_h3,0.008434600196778774
v47_h42,v47_h25,0.008434600196778774
v47_h42,v47_h28,0.008434600196778774
v47_h42,v47_h33,0.008434600196778774
v47_h42,v47_h47,0.012652000412344933
v47_h42,v47_h130,0.004217300098389387
v47_h43,v47_h3,0.004217300098389387
v47_h43,v47_h25,0.008434600196778774
v47_h43,v47_h33,0.004217300098389387
v47_h43,v47_h47,0.008434600196778774
v47_h43,v47_h69,0.004217300098389387
v47_h43,v47_h129,0.004217300098389387
v47_h44,v47_h3,0.004217300098389387
v47_h44,v47_h25,0.004217300098389387
v47_h44,v47_h47,0.004217300098389387
v47_h45,v47_h3,0.008434600196778774
v47_h45,v47_h25,0.004217300098389387
v47_h45,v47_h28,0.008434600196778774
v47_h45,v47_h33,0.004217300098389387
v47_h45,v47_h47,0.01686899922788143
v47_h45,v47_h130,0.004217300098389387
v47_h46,v47_h3,0.012652000412344933
v47_h46,v47_h25,0.025304000824689865
v47_h46,v47_h28,0.004217300098389387
v47_h46,v47_h33,0.03795599937438965
v47_h46,v47_h47,0.09446199983358383
v47_h46,v47_h69,0.004217300098389387
v47_h46,v47_h130,0.004217300098389387
v47_h48,v47_h3,0.02108599990606308
v47_h48,v47_h25,0.025304000824689865
v47_h48,v47_h28,0.025304000824689865
v47_h48,v47_h33,0.11976999789476395
v47_h48,v47_h47,0.1408499926328659
v47_h48,v47_h69,0.004217300098389387
v47_h48,v47_h129,0.012652000412344933
v47_h48,v47_h130,0.08602699637413025
v47_h49,v47_h25,0.012652000412344933
v47_h49,v47_h28,0.01686899922788143
v47_h49,v47_h33,0.025304000824689865
v47_h49,v47_h47,0.12398000061511993
v47_h49,v47_h130,0.012652000412344933
v47_h5,v47_h3,0.004217300098389387
v47_h5,v47_h25,0.004217300098389387
v47_h5,v47_h28,0.004217300098389387
v47_h50,v47_h3,0.004217300098389387
v47_h50,v47_h25,0.01686899922788143
v47_h50,v47_h28,0.06915800273418427
v47_h50,v47_h33,0.012652000412344933
v47_h50,v47_h47,0.025304000824689865
v47_h50,v47_h130,0.008434600196778774
v47_h54,v47_h3,0.06494099646806717
v47_h54,v47_h25,0.008434600196778774
v47_h54,v47_h28,0.004217300098389387
v47_h54,v47_h33,0.004217300098389387
v47_h54,v47_h47,0.01686899922788143
v47_h54,v47_h69,0.008434600196778774
v47_h54,v47_h130,0.004217300098389387
v47_h55,v47_h3,0.012652000412344933
v47_h55,v47_h25,0.02108599990606308
v47_h55,v47_h28,0.01686899922788143
v47_h55,v47_h33,0.10711000114679337
v47_h55,v47_h47,0.09446199983358383
v47_h55,v47_h69,0.02108599990606308
v47_h55,v47_h129,0.02108599990606308
v47_h55,v47_h130,0.08180999755859375
v47_h56,v47_h3,0.004217300098389387
v47_h56,v47_h28,0.004217300098389387
v47_h56,v47_h33,0.008434600196778774
v47_h56,v47_h47,0.07337500154972076
v47_h56,v47_h69,0.012652000412344933
v47_h56,v47_h130,0.012652000412344933
v47_h57,v47_h3,0.008434600196778774
v47_h57,v47_h25,0.004217300098389387
v47_h57,v47_h33,0.012652000412344933
v47_h57,v47_h47,0.07337500154972076
v47_h57,v47_h69,0.012652000412344933
v47_h57,v47_h130,0.004217300098389387
v47_h58,v47_h3,0.008434600196778774
v47_h58,v47_h25,0.004217300098389387
v47_h58,v47_h33,0.008434600196778774
v47_h58,v47_h47,0.008434600196778774
v47_h58,v47_h69,0.004217300098389387
v47_h59,v47_h3,0.008434600196778774
v47_h59,v47_h25,0.004217300098389387
v47_h59,v47_h28,0.004217300098389387
v47_h59,v47_h33,0.008434600196778774
v47_h59,v47_h47,0.004217300098389387
v47_h59,v47_h69,0.01686899922788143
v47_h59,v47_h130,0.004217300098389387
v47_h6,v47_h3,0.01686899922788143
v47_h6,v47_h25,0.025304000824689865
v47_h6,v47_h28,0.012652000412344933
v47_h6,v47_h33,0.012652000412344933
v47_h6,v47_h47,0.01686899922788143
v47_h6,v47_h69,0.06915800273418427
v47_h6,v47_h129,0.004217300098389387
v47_h6,v47_h130,0.004217300098389387
v47_h60,v47_h3,0.004217300098389387
v47_h60,v47_h25,0.008434600196778774
v47_h60,v47_h33,0.012652000412344933
v47_h60,v47_h47,0.02108599990606308
v47_h60,v47_h69,0.008434600196778774
v47_h60,v47_h130,0.012652000412344933
v47_h61,v47_h3,0.004217300098389387
v47_h61,v47_h25,0.004217300098389387
v47_h61,v47_h28,0.06494099646806717
v47_h61,v47_h33,0.01686899922788143
v47_h61,v47_h47,0.025304000824689865
v47_h61,v47_h130,0.008434600196778774
v47_h62,v47_h3,0.004217300098389387
v47_h62,v47_h28,0.004217300098389387
v47_h62,v47_h33,0.012652000412344933
v47_h62,v47_h47,0.01686899922788143
v47_h62,v47_h69,0.004217300098389387
v47_h62,v47_h130,0.004217300098389387
v47_h63,v47_h3,0.07337500154972076
v47_h63,v47_h25,0.012652000412344933
v47_h63,v47_h28,0.01686899922788143
v47_h63,v47_h33,0.02108599990606308
v47_h63,v47_h47,0.029520999640226364
v47_h63,v47_h69,0.02108599990606308
v47_h63,v47_h129,0.008434600196778774
v47_h63,v47_h130,0.07759200036525726
v47_h65,v47_h3,0.01686899922788143
v47_h65,v47_h25,0.012652000412344933
v47_h65,v47_h28,0.004217300098389387
v47_h65,v47_h33,0.02108599990606308
v47_h65,v47_h47,0.01686899922788143
v47_h65,v47_h69,0.09446199983358383
v47_h65,v47_h130,0.012652000412344933
v47_h66,v47_h3,0.01686899922788143
v47_h66,v47_h25,0.07337500154972076
v47_h66,v47_h28,0.012652000412344933
v47_h66,v47_h33,0.012652000412344933
v47_h66,v47_h47,0.004217300098389387
v47_h66,v47_h69,0.09024400264024734
v47_h66,v47_h130,0.012652000412344933
v47_h67,v47_h3,0.02108599990606308
v47_h67,v47_h25,0.07337500154972076
v47_h67,v47_h28,0.012652000412344933
v47_h67,v47_h33,0.01686899922788143
v47_h67,v47_h47,0.01686899922788143
v47_h67,v47_h69,0.09867899864912033
v47_h67,v47_h129,0.012652000412344933
v47_h67,v47_h130,0.01686899922788143
v47_h69,v47_h3,0.012652000412344933
v47_h69,v47_h25,0.01686899922788143
v47_h69,v47_h28,0.004217300098389387
v47_h69,v47_h33,0.01686899922788143
v47_h69,v47_h47,0.004217300098389387
v47_h69,v47_h129,0.004217300098389387
v47_h69,v47_h130,0.012652000412344933
v47_h70,v47_h3,0.07759200036525726
v47_h70,v47_h25,0.02108599990606308
v47_h70,v47_h28,0.012652000412344933
v47_h70,v47_h33,0.012652000412344933
v47_h70,v47_h47,0.008434600196778774
v47_h70,v47_h69,0.09867899864912033
v47_h70,v47_h129,0.004217300098389387
v47_h70,v47_h130,0.004217300098389387
v47_h71,v47_h3,0.012652000412344933
v47_h71,v47_h33,0.004217300098389387
v47_h71,v47_h47,0.004217300098389387
v47_h71,v47_h69,0.012652000412344933
v47_h71,v47_h130,0.008434600196778774
v47_h72,v47_h3,0.012652000412344933
v47_h72,v47_h25,0.008434600196778774
v47_h72,v47_h33,0.008434600196778774
v47_h72,v47_h47,0.004217300098389387
v47_h72,v47_h69,0.09446199983358383
v47_h72,v47_h129,0.004217300098389387
v47_h72,v47_h130,0.01686899922788143
v47_h73,v47_h3,0.08180999755859375
v47_h73,v47_h25,0.012652000412344933
v47_h73,v47_h28,0.012652000412344933
v47_h73,v47_h33,0.012652000412344933
v47_h73,v47_h47,0.02108599990606308
v47_h73,v47_h69,0.09024400264024734
v47_h73,v47_h129,0.008434600196778774
v47_h73,v47_h130,0.07337500154972076
v47_h75,v47_h3,0.012652000412344933
v47_h75,v47_h5,0.004217300098389387
v47_h75,v47_h25,0.02108599990606308
v47_h75,v47_h28,0.012652000412344933
v47_h75,v47_h33,0.01686899922788143
v47_h75,v47_h47,0.008434600196778774
v47_h75,v47_h69,0.029520999640226364
v47_h75,v47_h129,0.008434600196778774
v47_h75,v47_h130,0.008434600196778774
v47_h76,v47_h3,0.02108599990606308
v47_h76,v47_h25,0.08602699637413025
v47_h76,v47_h28,0.025304000824689865
v47_h76,v47_h33,0.029520999640226364
v47_h76,v47_h47,0.008434600196778774
v47_h76,v47_h129,0.004217300098389387
v47_h77,v47_h3,0.004217300098389387
v47_h77,v47_h25,0.004217300098389387
v47_h77,v47_h33,0.012652000412344933
v47_h77,v47_h47,0.01686899922788143
v47_h77,v47_h69,0.008434600196778774
v47_h78,v47_h3,0.004217300098389387
v47_h78,v47_h28,0.004217300098389387
v47_h78,v47_h33,0.008434600196778774
v47_h78,v47_h47,0.008434600196778774
v47_h79,v47_h25,0.008434600196778774
v47_h79,v47_h28,0.008434600196778774
v47_h79,v47_h33,0.08180999755859375
v47_h79,v47_h47,0.029520999640226364
v47_h79,v47_h129,0.008434600196778774
v47_h79,v47_h130,0.012652000412344933
v47_h80,v47_h28,0.004217300098389387
v47_h80,v47_h33,0.01686899922788143
v47_h80,v47_h47,0.08180999755859375
v47_h80,v47_h69,0.008434600196778774
v47_h80,v47_h130,0.008434600196778774
v47_h81,v47_h28,0.004217300098389387
v47_h81,v47_h33,0.01686899922788143
v47_h81,v47_h47,0.09024400264024734
v47_h81,v47_h69,0.004217300098389387
v47_h81,v47_h129,0.004217300098389387
v47_h81,v47_h130,0.008434600196778774
v47_h83,v47_h3,0.008434600196778774
v47_h83,v47_h28,0.004217300098389387
v47_h83,v47_h33,0.02108599990606308
v47_h83,v47_h47,0.02108599990606308
v47_h83,v47_h69,0.02108599990606308
v47_h83,v47_h129,0.008434600196778774
v47_h83,v47_h130,0.01686899922788143
v47_h84,v47_h33,0.01686899922788143
v47_h84,v47_h47,0.02108599990606308
v47_h84,v47_h69,0.012652000412344933
v47_h84,v47_h130,0.012652000412344933
v47_h85,v47_h3,0.012652000412344933
v47_h85,v47_h25,0.01686899922788143
v47_h85,v47_h28,0.01686899922788143
v47_h85,v47_h33,0.02108599990606308
v47_h85,v47_h47,0.029520999640226364
v47_h85,v47_h69,0.07759200036525726
v47_h85,v47_h129,0.004217300098389387
v47_h85,v47_h130,0.06494099646806717
v47_h87,v47_h3,0.02108599990606308
v47_h87,v47_h25,0.012652000412344933
v47_h87,v47_h28,0.008434600196778774
v47_h87,v47_h33,0.029520999640226364
v47_h87,v47_h47,0.09446199983358383
v47_h87,v47_h69,0.025304000824689865
v47_h87,v47_h129,0.008434600196778774
v47_h87,v47_h130,0.03373799845576286
v47_h88,v47_h3,0.012652000412344933
v47_h88,v47_h5,0.004217300098389387
v47_h88,v47_h25,0.025304000824689865
v47_h88,v47_h28,0.008434600196778774
v47_h88,v47_h33,0.008434600196778774
v47_h88,v47_h47,0.008434600196778774
v47_h88,v47_h69,0.004217300098389387
v47_h89,v47_h3,0.008434600196778774
v47_h89,v47_h25,0.008434600196778774
v47_h89,v47_h28,0.004217300098389387
v47_h89,v47_h33,0.004217300098389387
v47_h89,v47_h47,0.008434600196778774
v47_h89,v47_h69,0.004217300098389387
v47_h9,v47_h3,0.008434600196778774
v47_h9,v47_h25,0.004217300098389387
v47_h9,v47_h28,0.004217300098389387
v47_h9,v47_h33,0.01686899922788143
v47_h9,v47_h47,0.008434600196778774
v47_h9,v47_h69,0.01686899922788143
v47_h9,v47_h129,0.004217300098389387
v47_h9,v47_h130,0.012652000412344933
v47_h90,v47_h3,0.008434600196778774
v47_h90,v47_h25,0.06915800273418427
v47_h90,v47_h28,0.004217300098389387
v47_h90,v47_h33,0.008434600196778774
v47_h90,v47_h47,0.012652000412344933
v47_h90,v47_h69,0.012652000412344933
v47_h90,v47_h129,0.004217300098389387
v47_h90,v47_h130,0.008434600196778774
v47_h91,v47_h3,0.012652000412344933
v47_h91,v47_h25,0.008434600196778774
v47_h91,v47_h28,0.004217300098389387
v47_h91,v47_h33,0.07759200036525726
v47_h91,v47_h47,0.029520999640226364
v47_h91,v47_h69,0.08602699637413025
v47_h91,v47_h129,0.008434600196778774
v47_h91,v47_h130,0.012652000412344933
v47_h92,v47_h3,0.012652000412344933
v47_h92,v47_h25,0.004217300098389387
v47_h92,v47_h33,0.012652000412344933
v47_h92,v47_h47,0.07337500154972076
v47_h92,v47_h69,0.004217300098389387
v47_h92,v47_h129,0.008434600196778774
v47_h92,v47_h130,0.012652000412344933
v47_h93,v47_h3,0.008434600196778774
v47_h93,v47_h25,0.008434600196778774
v47_h93,v47_h33,0.012652000412344933
v47_h93,v47_h47,0.025304000824689865
v47_h93,v47_h69,0.012652000412344933
v47_h93,v47_h129,0.012652000412344933
v47_h93,v47_h130,0.02108599990606308
v47_h94,v47_h25,0.004217300098389387
v47_h94,v47_h28,0.004217300098389387
v47_h94,v47_h33,0.012652000412344933
v47_h94,v47_h47,0.01686899922788143
v47_h94,v47_h69,0.004217300098389387
v47_h94,v47_h129,0.012652000412344933
v47_h94,v47_h130,0.07337500154972076
v47_h95,v47_h3,0.012652000412344933
v47_h95,v47_h25,0.004217300098389387
v47_h95,v47_h28,0.008434600196778774
v47_h95,v47_h33,0.01686899922788143
v47_h95,v47_h47,0.012652000412344933
v47_h95,v47_h69,0.01686899922788143
v47_h95,v47_h129,0.004217300098389387
v47_h95,v47_h130,0.004217300098389387
v47_h96,v47_h3,0.004217300098389387
v47_h96,v47_h33,0.008434600196778774
v47_h96,v47_h47,0.004217300098389387
v47_h96,v47_h69,0.008434600196778774
v47_h97,v47_h33,0.004217300098389387
v47_h97,v47_h130,0.004217300098389387
v47_h98,v47_h28,0.004217300098389387
v47_h98,v47_h33,0.004217300098389387
v47_h98,v47_h47,0.004217300098389387
v47_h98,v47_h69,0.004217300098389387
v47_h98,v47_h130,0.004217300098389387
v48_h1,v48_h13,0.0035703000612556934
v48_h1,v48_h27,0.0035703000612556934
v48_h1,v48_h50,0.0035703000612556934
v48_h1,v48_h58,0.0035703000612556934
v48_h1,v48_h76,0.007140600122511387
v48_h1,v48_h85,0.007140600122511387
v48_h1,v48_h126,0.0035703000612556934
v48_h1,v48_h144,0.0035703000612556934
v48_h1,v48_h173,0.0035703000612556934
v48_h10,v48_h13,0.07403299957513809
v48_h10,v48_h27,0.0035703000612556934
v48_h10,v48_h49,0.0035703000612556934
v48_h10,v48_h58,0.007140600122511387
v48_h10,v48_h70,0.0035703000612556934
v48_h10,v48_h76,0.017851000651717186
v48_h10,v48_h85,0.06689299643039703
v48_h10,v48_h130,0.0035703000612556934
v48_h10,v48_h150,0.0035703000612556934
v48_h10,v48_h173,0.0035703000612556934
v48_h100,v48_h13,0.010711000300943851
v48_h100,v48_h27,0.010711000300943851
v48_h100,v48_h48,0.059751998633146286
v48_h100,v48_h49,0.0035703000612556934
v48_h100,v48_h50,0.007140600122511387
v48_h100,v48_h58,0.0035703000612556934
v48_h100,v48_h76,0.0035703000612556934
v48_h100,v48_h85,0.014281000010669231
v48_h100,v48_h124,0.021422000601887703
v48_h100,v48_h126,0.0035703000612556934
v48_h100,v48_h130,0.007140600122511387
v48_h100,v48_h144,0.017851000651717186
v48_h100,v48_h145,0.007140600122511387
v48_h100,v48_h150,0.014281000010669231
v48_h100,v48_h158,0.007140600122511387
v48_h100,v48_h173,0.007140600122511387
v48_h100,v48_h181,0.010711000300943851
v48_h101,v48_h13,0.0035703000612556934
v48_h101,v48_h27,0.07403299957513809
v48_h101,v48_h48,0.014281000010669231
v48_h101,v48_h49,0.007140600122511387
v48_h101,v48_h50,0.0035703000612556934
v48_h101,v48_h58,0.017851000651717186
v48_h101,v48_h85,0.09188500046730042
v48_h101,v48_h124,0.0035703000612556934
v48_h101,v48_h130,0.0035703000612556934
v48_h101,v48_h144,0.0035703000612556934
v48_h102,v48_h13,0.0035703000612556934
v48_h102,v48_h27,0.014281000010669231
v48_h102,v48_h48,0.08474399894475937
v48_h102,v48_h49,0.021422000601887703
v48_h102,v48_h50,0.017851000651717186
v48_h102,v48_h51,0.0035703000612556934
v48_h102,v48_h58,0.024992000311613083
v48_h102,v48_h85,0.028562000021338463
v48_h102,v48_h124,0.007140600122511387
v48_h102,v48_h150,0.0035703000612556934
v48_h102,v48_h158,0.010711000300943851
v48_h102,v48_h173,0.0035703000612556934
v48_h104,v48_h13,0.007140600122511387
v48_h104,v48_h27,0.010711000300943851
v48_h104,v48_h48,0.08474399894475937
v48_h104,v48_h49,0.010711000300943851
v48_h104,v48_h50,0.014281000010669231
v48_h104,v48_h58,0.07046300172805786
v48_h104,v48_h70,0.0035703000612556934
v48_h104,v48_h76,0.0035703000612556934
v48_h104,v48_h85,0.017851000651717186
v48_h104,v48_h124,0.007140600122511387
v48_h104,v48_h126,0.0035703000612556934
v48_h104,v48_h130,0.010711000300943851
v48_h104,v48_h145,0.0035703000612556934
v48_h104,v48_h158,0.007140600122511387
v48_h104,v48_h173,0.007140600122511387
v48_h104,v48_h181,0.0035703000612556934
v48_h106,v48_h13,0.007140600122511387
v48_h106,v48_h27,0.014281000010669231
v48_h106,v48_h48,0.010711000300943851
v48_h106,v48_h49,0.010711000300943851
v48_h106,v48_h50,0.017851000651717186
v48_h106,v48_h58,0.010711000300943851
v48_h106,v48_h76,0.007140600122511387
v48_h106,v48_h85,0.007140600122511387
v48_h106,v48_h124,0.021422000601887703
v48_h106,v48_h126,0.007140600122511387
v48_h106,v48_h130,0.0035703000612556934
v48_h106,v48_h144,0.08474399894475937
v48_h106,v48_h145,0.014281000010669231
v48_h106,v48_h150,0.017851000651717186
v48_h106,v48_h158,0.06689299643039703
v48_h106,v48_h173,0.010711000300943851
v48_h106,v48_h181,0.007140600122511387
v48_h107,v48_h27,0.0035703000612556934
v48_h107,v48_h48,0.0035703000612556934
v48_h107,v48_h49,0.0035703000612556934
v48_h107,v48_h85,0.0035703000612556934
v48_h107,v48_h124,0.07403299957513809
v48_h107,v48_h126,0.010711000300943851
v48_h107,v48_h130,0.007140600122511387
v48_h107,v48_h144,0.0035703000612556934
v48_h107,v48_h145,0.0035703000612556934
v48_h107,v48_h150,0.0035703000612556934
v48_h107,v48_h158,0.010711000300943851
v48_h107,v48_h173,0.0035703000612556934
v48_h108,v48_h13,0.010711000300943851
v48_h108,v48_h27,0.0035703000612556934
v48_h108,v48_h48,0.0035703000612556934
v48_h108,v48_h50,0.0035703000612556934
v48_h108,v48_h58,0.010711000300943851
v48_h108,v48_h85,0.007140600122511387
v48_h108,v48_h124,0.014281000010669231
v48_h108,v48_h126,0.007140600122511387
v48_h108,v48_h130,0.007140600122511387
v48_h108,v48_h144,0.007140600122511387
v48_h108,v48_h145,0.007140600122511387
v48_h108,v48_h150,0.0035703000612556934
v48_h108,v48_h158,0.0035703000612556934
v48_h108,v48_h173,0.010711000300943851
v48_h108,v48_h181,0.0035703000612556934
v48_h110,v48_h49,0.007140600122511387
v48_h110,v48_h50,0.007140600122511387
v48_h111,v48_h13,0.007140600122511387
v48_h111,v48_h27,0.010711000300943851
v48_h111,v48_h48,0.014281000010669231
v48_h111,v48_h49,0.017851000651717186
v48_h111,v48_h50,0.007140600122511387
v48_h111,v48_h58,0.017851000651717186
v48_h111,v48_h85,0.0035703000612556934
v48_h111,v48_h124,0.07403299957513809
v48_h111,v48_h126,0.014281000010669231
v48_h111,v48_h130,0.07760299742221832
v48_h111,v48_h144,0.007140600122511387
v48_h111,v48_h145,0.010711000300943851
v48_h111,v48_h150,0.0035703000612556934
v48_h111,v48_h158,0.007140600122511387
v48_h111,v48_h173,0.017851000651717186
v48_h112,v48_h13,0.007140600122511387
v48_h112,v48_h27,0.010711000300943851
v48_h112,v48_h48,0.010711000300943851
v48_h112,v48_h49,0.06689299643039703
v48_h112,v48_h50,0.014281000010669231
v48_h112,v48_h58,0.014281000010669231
v48_h112,v48_h76,0.007140600122511387
v48_h112,v48_h85,0.014281000010669231
v48_h112,v48_h124,0.017851000651717186
v48_h112,v48_h126,0.007140600122511387
v48_h112,v48_h130,0.07046300172805786
v48_h112,v48_h144,0.0035703000612556934
v48_h112,v48_h145,0.0035703000612556934
v48_h112,v48_h150,0.0035703000612556934
v48_h112,v48_h158,0.0035703000612556934
v48_h112,v48_h173,0.014281000010669231
v48_h112,v48_h181,0.0035703000612556934
v48_h113,v48_h27,0.0035703000612556934
v48_h113,v48_h48,0.010711000300943851
v48_h113,v48_h49,0.007140600122511387
v48_h113,v48_h50,0.0035703000612556934
v48_h113,v48_h58,0.014281000010669231
v48_h113,v48_h76,0.0035703000612556934
v48_h113,v48_h85,0.0035703000612556934
v48_h113,v48_h124,0.010711000300943851
v48_h113,v48_h126,0.007140600122511387
v48_h113,v48_h130,0.014281000010669231
v48_h113,v48_h158,0.0035703000612556934
v48_h113,v48_h173,0.007140600122511387
v48_h113,v48_h181,0.0035703000612556934
v48_h114,v48_h13,0.007140600122511387
v48_h114,v48_h27,0.06332200020551682
v48_h114,v48_h48,0.007140600122511387
v48_h114,v48_h49,0.010711000300943851
v48_h114,v48_h50,0.06689299643039703
v48_h114,v48_h58,0.010711000300943851
v48_h114,v48_h70,0.0035703000612556934
v48_h114,v48_h76,0.0035703000612556934
v48_h114,v48_h85,0.014281000010669231
v48_h114,v48_h126,0.0035703000612556934
v48_h114,v48_h130,0.0035703000612556934
v48_h114,v48_h144,0.017851000651717186
v48_h114,v48_h173,0.010711000300943851
v48_h114,v48_h181,0.0035703000612556934
v48_h12,v48_h13,0.059751998633146286
v48_h12,v48_h49,0.0035703000612556934
v48_h12,v48_h58,0.0035703000612556934
v48_h12,v48_h76,0.0035703000612556934
v48_h12,v48_h150,0.0035703000612556934
v48_h12,v48_h173,0.0035703000612556934
v48_h12,v48_h181,0.0035703000612556934
v48_h13,v48_h27,0.0035703000612556934
v48_h13,v48_h48,0.017851000651717186
v48_h13,v48_h49,0.007140600122511387
v48_h13,v48_h50,0.0035703000612556934
v48_h13,v48_h58,0.09188500046730042
v48_h13,v48_h70,0.024992000311613083
v48_h13,v48_h76,0.09545499831438065
v48_h13,v48_h85,0.03213300183415413
v48_h13,v48_h124,0.010711000300943851
v48_h13,v48_h126,0.010711000300943851
v48_h13,v48_h130,0.010711000300943851
v48_h13,v48_h145,0.0035703000612556934
v48_h13,v48_h150,0.06332200020551682
v48_h13,v48_h173,0.06332200020551682
v48_h13,v48_h181,0.007140600122511387
v48_h14,v48_h13,0.07046300172805786
v48_h14,v48_h27,0.014281000010669231
v48_h14,v48_h48,0.08117400109767914
v48_h14,v48_h49,0.07760299742221832
v48_h14,v48_h50,0.07403299957513809
v48_h14,v48_h51,0.0035703000612556934
v48_h14,v48_h58,0.021422000601887703
v48_h14,v48_h70,0.007140600122511387
v48_h14,v48_h76,0.06689299643039703
v48_h14,v48_h85,0.08474399894475937
v48_h14,v48_h124,0.021422000601887703
v48_h14,v48_h126,0.007140600122511387
v48_h14,v48_h130,0.0035703000612556934
v48_h14,v48_h144,0.0035703000612556934
v48_h14,v48_h145,0.0035703000612556934
v48_h14,v48_h150,0.0035703000612556934
v48_h14,v48_h158,0.007140600122511387
v48_h14,v48_h173,0.007140600122511387
v48_h14,v48_h181,0.0035703000612556934
v48_h15,v48_h13,0.024992000311613083
v48_h15,v48_h27,0.021422000601887703
v48_h15,v48_h48,0.017851000651717186
v48_h15,v48_h49,0.0035703000612556934
v48_h15,v48_h58,0.03213300183415413
v48_h15,v48_h70,0.0035703000612556934
v48_h15,v48_h76,0.014281000010669231
v48_h15,v48_h85,0.10260000079870224
v48_h15,v48_h124,0.007140600122511387
v48_h15,v48_h126,0.0035703000612556934
v48_h15,v48_h130,0.010711000300943851
v48_h15,v48_h144,0.007140600122511387
v48_h15,v48_h150,0.007140600122511387
v48_h15,v48_h158,0.0035703000612556934
v48_h15,v48_h173,0.007140600122511387
v48_h15,v48_h181,0.007140600122511387
v48_h16,v48_h13,0.014281000010669231
v48_h16,v48_h27,0.010711000300943851
v48_h16,v48_h48,0.010711000300943851
v48_h16,v48_h49,0.0035703000612556934
v48_h16,v48_h50,0.007140600122511387
v48_h16,v48_h51,0.0035703000612556934
v48_h16,v48_h58,0.09188500046730042
v48_h16,v48_h70,0.007140600122511387
v48_h16,v48_h76,0.017851000651717186
v48_h16,v48_h85,0.03570299968123436
v48_h16,v48_h124,0.007140600122511387
v48_h16,v48_h130,0.014281000010669231
v48_h16,v48_h144,0.010711000300943851
v48_h16,v48_h158,0.014281000010669231
v48_h16,v48_h173,0.0035703000612556934
v48_h16,v48_h181,0.0035703000612556934
v48_h18,v48_h13,0.03927300125360489
v48_h18,v48_h27,0.017851000651717186
v48_h18,v48_h48,0.021422000601887703
v48_h18,v48_h49,0.007140600122511387
v48_h18,v48_h50,0.0035703000612556934
v48_h18,v48_h58,0.09902500361204147
v48_h18,v48_h70,0.007140600122511387
v48_h18,v48_h76,0.021422000601887703
v48_h18,v48_h85,0.09545499831438065
v48_h18,v48_h124,0.007140600122511387
v48_h18,v48_h126,0.017851000651717186
v48_h18,v48_h130,0.010711000300943851
v48_h18,v48_h144,0.007140600122511387
v48_h18,v48_h145,0.0035703000612556934
v48_h18,v48_h150,0.0035703000612556934
v48_h18,v48_h158,0.0035703000612556934
v48_h18,v48_h173,0.014281000010669231
v48_h18,v48_h181,0.007140600122511387
v48_h19,v48_h13,0.0883139967918396
v48_h19,v48_h27,0.014281000010669231
v48_h19,v48_h48,0.021422000601887703
v48_h19,v48_h49,0.010711000300943851
v48_h19,v48_h50,0.010711000300943851
v48_h19,v48_h51,0.0035703000612556934
v48_h19,v48_h58,0.03213300183415413
v48_h19,v48_h70,0.007140600122511387
v48_h19,v48_h76,0.024992000311613083
v48_h19,v48_h85,0.042844001203775406
v48_h19,v48_h124,0.007140600122511387
v48_h19,v48_h130,0.007140600122511387
v48_h19,v48_h144,0.0035703000612556934
v48_h19,v48_h150,0.010711000300943851
v48_h19,v48_h158,0.0035703000612556934
v48_h19,v48_h173,0.010711000300943851
v48_h2,v48_h58,0.007140600122511387
v48_h2,v48_h70,0.0035703000612556934
v48_h2,v48_h76,0.007140600122511387
v48_h2,v48_h85,0.0035703000612556934
v48_h2,v48_h130,0.0035703000612556934
v48_h21,v48_h13,0.010711000300943851
v48_h21,v48_h27,0.010711000300943851
v48_h21,v48_h48,0.07403299957513809
v48_h21,v48_h49,0.0035703000612556934
v48_h21,v48_h50,0.0035703000612556934
v48_h21,v48_h58,0.08474399894475937
v48_h21,v48_h70,0.0035703000612556934
v48_h21,v48_h76,0.010711000300943851
v48_h21,v48_h85,0.03570299968123436
v48_h21,v48_h124,0.007140600122511387
v48_h21,v48_h130,0.010711000300943851
v48_h21,v48_h158,0.0035703000612556934
v48_h21,v48_h173,0.0035703000612556934
v48_h22,v48_h13,0.017851000651717186
v48_h22,v48_h27,0.08117400109767914
v48_h22,v48_h48,0.017851000651717186
v48_h22,v48_h49,0.017851000651717186
v48_h22,v48_h50,0.014281000010669231
v48_h22,v48_h51,0.0035703000612556934
v48_h22,v48_h58,0.09545499831438065
v48_h22,v48_h70,0.007140600122511387
v48_h22,v48_h76,0.014281000010669231
v48_h22,v48_h85,0.09902500361204147
v48_h22,v48_h124,0.010711000300943851
v48_h22,v48_h126,0.0035703000612556934
v48_h22,v48_h130,0.007140600122511387
v48_h22,v48_h144,0.0035703000612556934
v48_h22,v48_h145,0.0035703000612556934
v48_h22,v48_h150,0.0035703000612556934
v48_h22,v48_h158,0.007140600122511387
v48_h22,v48_h181,0.007140600122511387
v48_h24,v48_h58,0.0035703000612556934
v48_h24,v48_h85,0.0035703000612556934
v48_h26,v48_h13,0.028562000021338463
v48_h26,v48_h27,0.09188500046730042
v48_h26,v48_h48,0.021422000601887703
v48_h26,v48_h49,0.010711000300943851
v48_h26,v48_h50,0.010711000300943851
v48_h26,v48_h51,0.0035703000612556934
v48_h26,v48_h58,0.09545499831438065
v48_h26,v48_h70,0.014281000010669231
v48_h26,v48_h76,0.028562000021338463
v48_h26,v48_h85,0.10616999864578247
v48_h26,v48_h124,0.007140600122511387
v48_h26,v48_h126,0.010711000300943851
v48_h26,v48_h130,0.007140600122511387
v48_h26,v48_h144,0.0035703000612556934
v48_h26,v48_h150,0.007140600122511387
v48_h26,v48_h158,0.007140600122511387
v48_h26,v48_h173,0.007140600122511387
v48_h26,v48_h181,0.0035703000612556934
v48_h27,v48_h13,0.0035703000612556934
v48_h27,v48_h48,0.017851000651717186
v48_h27,v48_h49,0.014281000010669231
v48_h27,v48_h50,0.014281000010669231
v48_h27,v48_h51,0.0035703000612556934
v48_h27,v48_h58,0.014281000010669231
v48_h27,v48_h76,0.0035703000612556934
v48_h27,v48_h85,0.09188500046730042
v48_h27,v48_h124,0.017851000651717186
v48_h27,v48_h126,0.0035703000612556934
v48_h27,v48_h130,0.0035703000612556934
v48_h27,v48_h144,0.014281000010669231
v48_h27,v48_h145,0.010711000300943851
v48_h27,v48_h150,0.010711000300943851
v48_h27,v48_h158,0.017851000651717186
v48_h27,v48_h173,0.017851000651717186
v48_h27,v48_h181,0.007140600122511387
v48_h29,v48_h13,0.010711000300943851
v48_h29,v48_h27,0.0035703000612556934
v48_h29,v48_h48,0.0035703000612556934
v48_h29,v48_h58,0.007140600122511387
v48_h29,v48_h70,0.0035703000612556934
v48_h29,v48_h76,0.06332200020551682
v48_h29,v48_h85,0.0035703000612556934
v48_h29,v48_h126,0.0035703000612556934
v48_h29,v48_h173,0.007140600122511387
v48_h3,v48_h13,0.021422000601887703
v48_h3,v48_h48,0.0035703000612556934
v48_h3,v48_h49,0.0035703000612556934
v48_h3,v48_h50,0.0035703000612556934
v48_h3,v48_h58,0.07760299742221832
v48_h3,v48_h70,0.010711000300943851
v48_h3,v48_h76,0.07046300172805786
v48_h3,v48_h85,0.010711000300943851
v48_h3,v48_h124,0.007140600122511387
v48_h3,v48_h126,0.0035703000612556934
v48_h3,v48_h130,0.007140600122511387
v48_h3,v48_h173,0.0035703000612556934
v48_h31,v48_h13,0.07046300172805786
v48_h31,v48_h27,0.014281000010669231
v48_h31,v48_h48,0.007140600122511387
v48_h31,v48_h49,0.014281000010669231
v48_h31,v48_h50,0.007140600122511387
v48_h31,v48_h58,0.07046300172805786
v48_h31,v48_h70,0.0035703000612556934
v48_h31,v48_h76,0.010711000300943851
v48_h31,v48_h85,0.017851000651717186
v48_h31,v48_h124,0.010711000300943851
v48_h31,v48_h126,0.007140600122511387
v48_h31,v48_h130,0.010711000300943851
v48_h31,v48_h144,0.007140600122511387
v48_h31,v48_h145,0.010711000300943851
v48_h31,v48_h150,0.010711000300943851
v48_h31,v48_h173,0.07046300172805786
v48_h31,v48_h181,0.007140600122511387
v48_h35,v48_h13,0.014281000010669231
v48_h35,v48_h50,0.0035703000612556934
v48_h35,v48_h58,0.010711000300943851
v48_h35,v48_h70,0.0035703000612556934
v48_h35,v48_h76,0.007140600122511387
v48_h35,v48_h85,0.014281000010669231
v48_h35,v48_h124,0.010711000300943851
v48_h35,v48_h126,0.010711000300943851
v48_h35,v48_h130,0.007140600122511387
v48_h35,v48_h144,0.0035703000612556934
v48_h35,v48_h145,0.0035703000612556934
v48_h35,v48_h150,0.0035703000612556934
v48_h35,v48_h158,0.0035703000612556934
v48_h35,v48_h173,0.007140600122511387
v48_h4,v48_h13,0.10260000079870224
v48_h4,v48_h27,0.010711000300943851
v48_h4,v48_h48,0.024992000311613083
v48_h4,v48_h49,0.010711000300943851
v48_h4,v48_h50,0.0035703000612556934
v48_h4,v48_h51,0.0035703000612556934
v48_h4,v48_h58,0.053553998470306396
v48_h4,v48_h70,0.03927300125360489
v48_h4,v48_h76,0.12402000278234482
v48_h4,v48_h85,0.10616999864578247
v48_h4,v48_h124,0.010711000300943851
v48_h4,v48_h126,0.0035703000612556934
v48_h4,v48_h130,0.010711000300943851
v48_h4,v48_h150,0.010711000300943851
v48_h4,v48_h158,0.0035703000612556934
v48_h4,v48_h173,0.010711000300943851
v48_h4,v48_h181,0.010711000300943851
v48_h40,v48_h49,0.0035703000612556934
v48_h40,v48_h124,0.0035703000612556934
v48_h40,v48_h126,0.059751998633146286
v48_h40,v48_h181,0.007140600122511387
v48_h41,v48_h13,0.0035703000612556934
v48_h41,v48_h126,0.0035703000612556934
v48_h42,v48_h49,0.007140600122511387
v48_h42,v48_h50,0.0035703000612556934
v48_h42,v48_h58,0.007140600122511387
v48_h42,v48_h85,0.0035703000612556934
v48_h42,v48_h124,0.007140600122511387
v48_h42,v48_h126,0.0035703000612556934
v48_h42,v48_h130,0.010711000300943851
v48_h42,v48_h144,0.0035703000612556934
v48_h42,v48_h145,0.0035703000612556934
v48_h42,v48_h150,0.0035703000612556934
v48_h42,v48_h173,0.007140600122511387
v48_h43,v48_h13,0.007140600122511387
v48_h43,v48_h27,0.007140600122511387
v48_h43,v48_h48,0.010711000300943851
v48_h43,v48_h49,0.010711000300943851
v48_h43,v48_h50,0.0035703000612556934
v48_h43,v48_h58,0.07403299957513809
v48_h43,v48_h70,0.0035703000612556934
v48_h43,v48_h76,0.0035703000612556934
v48_h43,v48_h85,0.059751998633146286
v48_h43,v48_h124,0.024992000311613083
v48_h43,v48_h126,0.007140600122511387
v48_h43,v48_h130,0.07760299742221832
v48_h43,v48_h144,0.007140600122511387
v48_h43,v48_h150,0.007140600122511387
v48_h43,v48_h158,0.007140600122511387
v48_h43,v48_h173,0.010711000300943851
v48_h43,v48_h181,0.0035703000612556934
v48_h44,v48_h27,0.0035703000612556934
v48_h44,v48_h144,0.0035703000612556934
v48_h44,v48_h173,0.0035703000612556934
v48_h45,v48_h13,0.0035703000612556934
v48_h45,v48_h27,0.010711000300943851
v48_h45,v48_h48,0.007140600122511387
v48_h45,v48_h49,0.0035703000612556934
v48_h45,v48_h50,0.0035703000612556934
v48_h45,v48_h58,0.010711000300943851
v48_h45,v48_h76,0.0035703000612556934
v48_h45,v48_h85,0.007140600122511387
v48_h45,v48_h124,0.0035703000612556934
v48_h45,v48_h126,0.010711000300943851
v48_h45,v48_h130,0.0035703000612556934
v48_h45,v48_h144,0.007140600122511387
v48_h45,v48_h150,0.0035703000612556934
v48_h45,v48_h173,0.007140600122511387
v48_h46,v48_h13,0.0035703000612556934
v48_h46,v48_h27,0.08117400109767914
v48_h46,v48_h48,0.010711000300943851
v48_h46,v48_h49,0.014281000010669231
v48_h46,v48_h50,0.017851000651717186
v48_h46,v48_h51,0.0035703000612556934
v48_h46,v48_h58,0.014281000010669231
v48_h46,v48_h85,0.017851000651717186
v48_h46,v48_h124,0.017851000651717186
v48_h46,v48_h126,0.010711000300943851
v48_h46,v48_h130,0.010711000300943851
v48_h46,v48_h144,0.07046300172805786
v48_h46,v48_h150,0.0035703000612556934
v48_h46,v48_h158,0.014281000010669231
v48_h46,v48_h173,0.06689299643039703
v48_h46,v48_h181,0.0035703000612556934
v48_h48,v48_h13,0.017851000651717186
v48_h48,v48_h27,0.017851000651717186
v48_h48,v48_h49,0.08474399894475937
v48_h48,v48_h50,0.07760299742221832
v48_h48,v48_h51,0.0035703000612556934
v48_h48,v48_h58,0.024992000311613083
v48_h48,v48_h76,0.007140600122511387
v48_h48,v48_h85,0.03927300125360489
v48_h48,v48_h124,0.07403299957513809
v48_h48,v48_h126,0.0035703000612556934
v48_h48,v48_h130,0.007140600122511387
v48_h48,v48_h144,0.010711000300943851
v48_h48,v48_h150,0.014281000010669231
v48_h48,v48_h158,0.07403299957513809
v48_h48,v48_h173,0.007140600122511387
v48_h48,v48_h181,0.0035703000612556934
v48_h49,v48_h13,0.007140600122511387
v48_h49,v48_h27,0.014281000010669231
v48_h49,v48_h48,0.08474399894475937
v48_h49,v48_h50,0.09188500046730042
v48_h49,v48_h51,0.0035703000612556934
v48_h49,v48_h58,0.007140600122511387
v48_h49,v48_h76,0.0035703000612556934
v48_h49,v48_h85,0.08117400109767914
v48_h49,v48_h124,0.010711000300943851
v48_h49,v48_h126,0.0035703000612556934
v48_h49,v48_h130,0.0035703000612556934
v48_h49,v48_h144,0.0035703000612556934
v48_h49,v48_h145,0.007140600122511387
v48_h49,v48_h150,0.0035703000612556934
v48_h49,v48_h158,0.010711000300943851
v48_h49,v48_h173,0.0035703000612556934
v48_h49,v48_h181,0.0035703000612556934
v48_h5,v48_h13,0.08117400109767914
v48_h5,v48_h48,0.007140600122511387
v48_h5,v48_h58,0.014281000010669231
v48_h5,v48_h76,0.010711000300943851
v48_h5,v48_h85,0.017851000651717186
v48_h5,v48_h124,0.0035703000612556934
v48_h5,v48_h130,0.0035703000612556934
v48_h5,v48_h150,0.0035703000612556934
v48_h5,v48_h173,0.0035703000612556934
v48_h50,v48_h13,0.0035703000612556934
v48_h50,v48_h27,0.014281000010669231
v48_h50,v48_h48,0.07760299742221832
v48_h50,v48_h49,0.09188500046730042
v48_h50,v48_h51,0.0035703000612556934
v48_h50,v48_h58,0.007140600122511387
v48_h50,v48_h76,0.0035703000612556934
v48_h50,v48_h85,0.017851000651717186
v48_h50,v48_h124,0.014281000010669231
v48_h50,v48_h144,0.06689299643039703
v48_h50,v48_h145,0.007140600122511387
v48_h50,v48_h158,0.010711000300943851
v48_h50,v48_h181,0.007140600122511387
v48_h54,v48_h13,0.0035703000612556934
v48_h54,v48_h27,0.014281000010669231
v48_h54,v48_h48,0.021422000601887703
v48_h54,v48_h49,0.014281000010669231
v48_h54,v48_h50,0.014281000010669231
v48_h54,v48_h51,0.0035703000612556934
v48_h54,v48_h58,0.017851000651717186
v48_h54,v48_h85,0.024992000311613083
v48_h54,v48_h124,0.0035703000612556934
v48_h54,v48_h158,0.007140600122511387
v48_h55,v48_h13,0.014281000010669231
v48_h55,v48_h27,0.03213300183415413
v48_h55,v48_h48,0.021422000601887703
v48_h55,v48_h49,0.017851000651717186
v48_h55,v48_h50,0.010711000300943851
v48_h55,v48_h51,0.0035703000612556934
v48_h55,v48_h58,0.09188500046730042
v48_h55,v48_h70,0.0035703000612556934
v48_h55,v48_h76,0.007140600122511387
v48_h55,v48_h85,0.10260000079870224
v48_h55,v48_h124,0.010711000300943851
v48_h55,v48_h126,0.0035703000612556934
v48_h55,v48_h130,0.007140600122511387
v48_h55,v48_h144,0.010711000300943851
v48_h55,v48_h145,0.007140600122511387
v48_h55,v48_h150,0.0035703000612556934
v48_h55,v48_h158,0.010711000300943851
v48_h55,v48_h173,0.010711000300943851
v48_h55,v48_h181,0.0035703000612556934
v48_h56,v48_h27,0.010711000300943851
v48_h56,v48_h48,0.007140600122511387
v48_h56,v48_h49,0.0035703000612556934
v48_h56,v48_h58,0.007140600122511387
v48_h56,v48_h76,0.0035703000612556934
v48_h56,v48_h85,0.07403299957513809
v48_h56,v48_h124,0.0035703000612556934
v48_h56,v48_h126,0.007140600122511387
v48_h56,v48_h144,0.0035703000612556934
v48_h56,v48_h145,0.0035703000612556934
v48_h56,v48_h150,0.0035703000612556934
v48_h56,v48_h173,0.010711000300943851
v48_h57,v48_h13,0.010711000300943851
v48_h57,v48_h27,0.024992000311613083
v48_h57,v48_h48,0.03213300183415413
v48_h57,v48_h49,0.021422000601887703
v48_h57,v48_h50,0.07046300172805786
v48_h57,v48_h51,0.0035703000612556934
v48_h57,v48_h58,0.024992000311613083
v48_h57,v48_h70,0.0035703000612556934
v48_h57,v48_h76,0.010711000300943851
v48_h57,v48_h85,0.03570299968123436
v48_h57,v48_h124,0.010711000300943851
v48_h57,v48_h144,0.0035703000612556934
v48_h57,v48_h145,0.007140600122511387
v48_h57,v48_h150,0.007140600122511387
v48_h57,v48_h158,0.010711000300943851
v48_h57,v48_h173,0.0035703000612556934
v48_h57,v48_h181,0.0035703000612556934
v48_h58,v48_h13,0.09188500046730042
v48_h58,v48_h27,0.014281000010669231
v48_h58,v48_h48,0.024992000311613083
v48_h58,v48_h49,0.007140600122511387
v48_h58,v48_h50,0.007140600122511387
v48_h58,v48_h51,0.0035703000612556934
v48_h58,v48_h70,0.07760299742221832
v48_h58,v48_h76,0.09545499831438065
v48_h58,v48_h85,0.049984000623226166
v48_h58,v48_h124,0.014281000010669231
v48_h58,v48_h126,0.010711000300943851
v48_h58,v48_h130,0.06689299643039703
v48_h58,v48_h144,0.0035703000612556934
v48_h58,v48_h150,0.010711000300943851
v48_h58,v48_h158,0.007140600122511387
v48_h58,v48_h173,0.017851000651717186
v48_h58,v48_h181,0.007140600122511387
v48_h59,v48_h13,0.024992000311613083
v48_h59,v48_h27,0.08474399894475937
v48_h59,v48_h48,0.1097399964928627
v48_h59,v48_h49,0.0883139967918396
v48_h59,v48_h50,0.08474399894475937
v48_h59,v48_h51,0.059751998633146286
v48_h59,v48_h58,0.09188500046730042
v48_h59,v48_h70,0.010711000300943851
v48_h59,v48_h76,0.021422000601887703
v48_h59,v48_h85,0.11331000179052353
v48_h59,v48_h124,0.06689299643039703
v48_h59,v48_h126,0.0035703000612556934
v48_h59,v48_h130,0.007140600122511387
v48_h59,v48_h144,0.014281000010669231
v48_h59,v48_h150,0.007140600122511387
v48_h59,v48_h158,0.07046300172805786
v48_h59,v48_h173,0.014281000010669231
v48_h59,v48_h181,0.007140600122511387
v48_h6,v48_h13,0.014281000010669231
v48_h6,v48_h58,0.06332200020551682
v48_h6,v48_h70,0.010711000300943851
v48_h6,v48_h76,0.017851000651717186
v48_h6,v48_h85,0.007140600122511387
v48_h6,v48_h130,0.010711000300943851
v48_h6,v48_h150,0.0035703000612556934
v48_h6,v48_h158,0.0035703000612556934
v48_h60,v48_h13,0.09545499831438065
v48_h60,v48_h27,0.0035703000612556934
v48_h60,v48_h49,0.0035703000612556934
v48_h60,v48_h58,0.07760299742221832
v48_h60,v48_h70,0.08474399894475937
v48_h60,v48_h76,0.10616999864578247
v48_h60,v48_h85,0.017851000651717186
v48_h60,v48_h124,0.007140600122511387
v48_h60,v48_h126,0.007140600122511387
v48_h60,v48_h130,0.0035703000612556934
v48_h60,v48_h150,0.007140600122511387
v48_h60,v48_h173,0.007140600122511387
v48_h60,v48_h181,0.010711000300943851
v48_h61,v48_h13,0.0883139967918396
v48_h61,v48_h27,0.014281000010669231
v48_h61,v48_h48,0.010711000300943851
v48_h61,v48_h49,0.014281000010669231
v48_h61,v48_h50,0.014281000010669231
v48_h61,v48_h58,0.09902500361204147
v48_h61,v48_h70,0.0883139967918396
v48_h61,v48_h76,0.11687999963760376
v48_h61,v48_h85,0.09902500361204147
v48_h61,v48_h124,0.07403299957513809
v48_h61,v48_h126,0.06689299643039703
v48_h61,v48_h130,0.017851000651717186
v48_h61,v48_h144,0.014281000010669231
v48_h61,v48_h145,0.0035703000612556934
v48_h61,v48_h150,0.0035703000612556934
v48_h61,v48_h158,0.010711000300943851
v48_h61,v48_h173,0.014281000010669231
v48_h61,v48_h181,0.024992000311613083
v48_h62,v48_h13,0.07403299957513809
v48_h62,v48_h49,0.007140600122511387
v48_h62,v48_h50,0.0035703000612556934
v48_h62,v48_h58,0.017851000651717186
v48_h62,v48_h70,0.07760299742221832
v48_h62,v48_h76,0.08474399894475937
v48_h62,v48_h85,0.010711000300943851
v48_h62,v48_h124,0.0035703000612556934
v48_h62,v48_h145,0.0035703000612556934
v48_h62,v48_h150,0.0035703000612556934
v48_h62,v48_h173,0.0035703000612556934
v48_h62,v48_h181,0.0035703000612556934
v48_h63,v48_h13,0.08474399894475937
v48_h63,v48_h49,0.0035703000612556934
v48_h63,v48_h58,0.03213300183415413
v48_h63,v48_h70,0.0883139967918396
v48_h63,v48_h76,0.10616999864578247
v48_h63,v48_h85,0.024992000311613083
v48_h63,v48_h124,0.0035703000612556934
v48_h63,v48_h126,0.0035703000612556934
v48_h63,v48_h130,0.0035703000612556934
v48_h63,v48_h150,0.007140600122511387
v48_h63,v48_h173,0.0035703000612556934
v48_h63,v48_h181,0.014281000010669231
v48_h66,v48_h13,0.028562000021338463
v48_h66,v48_h27,0.007140600122511387
v48_h66,v48_h48,0.010711000300943851
v48_h66,v48_h49,0.014281000010669231
v48_h66,v48_h50,0.007140600122511387
v48_h66,v48_h58,0.028562000021338463
v48_h66,v48_h70,0.021422000601887703
v48_h66,v48_h76,0.042844001203775406
v48_h66,v48_h85,0.028562000021338463
v48_h66,v48_h124,0.010711000300943851
v48_h66,v48_h126,0.010711000300943851
v48_h66,v48_h130,0.007140600122511387
v48_h66,v48_h173,0.010711000300943851
v48_h66,v48_h181,0.007140600122511387
v48_h67,v48_h13,0.03213300183415413
v48_h67,v48_h27,0.0035703000612556934
v48_h67,v48_h48,0.007140600122511387
v48_h67,v48_h49,0.010711000300943851
v48_h67,v48_h50,0.007140600122511387
v48_h67,v48_h58,0.03213300183415413
v48_h67,v48_h70,0.021422000601887703
v48_h67,v48_h76,0.04641399905085564
v48_h67,v48_h85,0.042844001203775406
v48_h67,v48_h124,0.010711000300943851
v48_h67,v48_h126,0.007140600122511387
v48_h67,v48_h130,0.007140600122511387
v48_h67,v48_h144,0.007140600122511387
v48_h67,v48_h150,0.0035703000612556934
v48_h67,v48_h173,0.0035703000612556934
v48_h67,v48_h181,0.017851000651717186
v48_h69,v48_h13,0.03213300183415413
v48_h69,v48_h27,0.0035703000612556934
v48_h69,v48_h48,0.007140600122511387
v48_h69,v48_h49,0.007140600122511387
v48_h69,v48_h58,0.024992000311613083
v48_h69,v48_h70,0.08474399894475937
v48_h69,v48_h76,0.09902500361204147
v48_h69,v48_h85,0.08474399894475937
v48_h69,v48_h124,0.007140600122511387
v48_h69,v48_h126,0.0035703000612556934
v48_h69,v48_h130,0.0035703000612556934
v48_h69,v48_h173,0.0035703000612556934
v48_h69,v48_h181,0.014281000010669231
v48_h70,v48_h13,0.024992000311613083
v48_h70,v48_h58,0.07760299742221832
v48_h70,v48_h76,0.09902500361204147
v48_h70,v48_h85,0.010711000300943851
v48_h70,v48_h124,0.0035703000612556934
v48_h70,v48_h126,0.0035703000612556934
v48_h70,v48_h130,0.007140600122511387
v48_h70,v48_h150,0.0035703000612556934
v48_h70,v48_h158,0.0035703000612556934
v48_h70,v48_h173,0.0035703000612556934
v48_h70,v48_h181,0.007140600122511387
v48_h71,v48_h13,0.021422000601887703
v48_h71,v48_h27,0.007140600122511387
v48_h71,v48_h49,0.0035703000612556934
v48_h71,v48_h50,0.0035703000612556934
v48_h71,v48_h58,0.08474399894475937
v48_h71,v48_h70,0.08474399894475937
v48_h71,v48_h76,0.10616999864578247
v48_h71,v48_h85,0.017851000651717186
v48_h71,v48_h124,0.0035703000612556934
v48_h71,v48_h130,0.010711000300943851
v48_h71,v48_h150,0.0035703000612556934
v48_h71,v48_h158,0.0035703000612556934
v48_h71,v48_h173,0.007140600122511387
v48_h71,v48_h181,0.010711000300943851
v48_h72,v48_h13,0.0035703000612556934
v48_h72,v48_h48,0.0035703000612556934
v48_h72,v48_h58,0.0035703000612556934
v48_h72,v48_h70,0.0035703000612556934
v48_h72,v48_h76,0.0035703000612556934
v48_h72,v48_h85,0.0035703000612556934
v48_h72,v48_h124,0.0035703000612556934
v48_h72,v48_h130,0.0035703000612556934
v48_h73,v48_h13,0.028562000021338463
v48_h73,v48_h27,0.014281000010669231
v48_h73,v48_h48,0.017851000651717186
v48_h73,v48_h49,0.010711000300943851
v48_h73,v48_h50,0.010711000300943851
v48_h73,v48_h51,0.0035703000612556934
v48_h73,v48_h58,0.03570299968123436
v48_h73,v48_h70,0.08474399894475937
v48_h73,v48_h76,0.10260000079870224
v48_h73,v48_h85,0.049984000623226166
v48_h73,v48_h124,0.014281000010669231
v48_h73,v48_h126,0.0035703000612556934
v48_h73,v48_h130,0.007140600122511387
v48_h73,v48_h150,0.007140600122511387
v48_h73,v48_h158,0.0035703000612556934
v48_h73,v48_h173,0.007140600122511387
v48_h73,v48_h181,0.010711000300943851
v48_h75,v48_h13,0.0035703000612556934
v48_h75,v48_h58,0.0035703000612556934
v48_h75,v48_h70,0.0035703000612556934
v48_h75,v48_h76,0.059751998633146286
v48_h76,v48_h13,0.09545499831438065
v48_h76,v48_h27,0.0035703000612556934
v48_h76,v48_h48,0.007140600122511387
v48_h76,v48_h49,0.0035703000612556934
v48_h76,v48_h50,0.0035703000612556934
v48_h76,v48_h58,0.09545499831438065
v48_h76,v48_h70,0.09902500361204147
v48_h76,v48_h85,0.042844001203775406
v48_h76,v48_h124,0.0035703000612556934
v48_h76,v48_h126,0.0035703000612556934
v48_h76,v48_h130,0.010711000300943851
v48_h76,v48_h150,0.010711000300943851
v48_h76,v48_h173,0.014281000010669231
v48_h76,v48_h181,0.014281000010669231
v48_h77,v48_h13,0.028562000021338463
v48_h77,v48_h27,0.007140600122511387
v48_h77,v48_h48,0.017851000651717186
v48_h77,v48_h58,0.03927300125360489
v48_h77,v48_h70,0.08117400109767914
v48_h77,v48_h76,0.10616999864578247
v48_h77,v48_h85,0.028562000021338463
v48_h77,v48_h124,0.007140600122511387
v48_h77,v48_h130,0.06332200020551682
v48_h77,v48_h144,0.007140600122511387
v48_h77,v48_h150,0.07046300172805786
v48_h77,v48_h173,0.014281000010669231
v48_h77,v48_h181,0.017851000651717186
v48_h78,v48_h13,0.017851000651717186
v48_h78,v48_h27,0.014281000010669231
v48_h78,v48_h48,0.021422000601887703
v48_h78,v48_h49,0.021422000601887703
v48_h78,v48_h50,0.014281000010669231
v48_h78,v48_h51,0.0035703000612556934
v48_h78,v48_h58,0.10260000079870224
v48_h78,v48_h70,0.08474399894475937
v48_h78,v48_h76,0.10260000079870224
v48_h78,v48_h85,0.09545499831438065
v48_h78,v48_h124,0.010711000300943851
v48_h78,v48_h126,0.0035703000612556934
v48_h78,v48_h130,0.014281000010669231
v48_h78,v48_h144,0.0035703000612556934
v48_h78,v48_h150,0.007140600122511387
v48_h78,v48_h158,0.007140600122511387
v48_h78,v48_h173,0.007140600122511387
v48_h78,v48_h181,0.014281000010669231
v48_h79,v48_h13,0.03213300183415413
v48_h79,v48_h27,0.017851000651717186
v48_h79,v48_h48,0.07760299742221832
v48_h79,v48_h49,0.024992000311613083
v48_h79,v48_h50,0.014281000010669231
v48_h79,v48_h51,0.0035703000612556934
v48_h79,v48_h58,0.08117400109767914
v48_h79,v48_h70,0.017851000651717186
v48_h79,v48_h76,0.09188500046730042
v48_h79,v48_h85,0.10616999864578247
v48_h79,v48_h124,0.007140600122511387
v48_h79,v48_h130,0.010711000300943851
v48_h79,v48_h144,0.014281000010669231
v48_h79,v48_h150,0.07046300172805786
v48_h79,v48_h158,0.010711000300943851
v48_h79,v48_h173,0.07403299957513809
v48_h79,v48_h181,0.007140600122511387
v48_h80,v48_h13,0.007140600122511387
v48_h80,v48_h27,0.07403299957513809
v48_h80,v48_h48,0.024992000311613083
v48_h80,v48_h49,0.014281000010669231
v48_h80,v48_h50,0.007140600122511387
v48_h80,v48_h58,0.014281000010669231
v48_h80,v48_h70,0.0035703000612556934
v48_h80,v48_h76,0.007140600122511387
v48_h80,v48_h85,0.10260000079870224
v48_h80,v48_h124,0.0035703000612556934
v48_h80,v48_h144,0.010711000300943851
v48_h80,v48_h150,0.0035703000612556934
v48_h80,v48_h158,0.007140600122511387
v48_h80,v48_h173,0.010711000300943851
v48_h81,v48_h13,0.010711000300943851
v48_h81,v48_h27,0.014281000010669231
v48_h81,v48_h48,0.028562000021338463
v48_h81,v48_h49,0.07760299742221832
v48_h81,v48_h50,0.07046300172805786
v48_h81,v48_h51,0.0035703000612556934
v48_h81,v48_h58,0.007140600122511387
v48_h81,v48_h76,0.007140600122511387
v48_h81,v48_h85,0.09188500046730042
v48_h81,v48_h124,0.0035703000612556934
v48_h81,v48_h130,0.0035703000612556934
v48_h81,v48_h144,0.0035703000612556934
v48_h81,v48_h150,0.0035703000612556934
v48_h81,v48_h158,0.0035703000612556934
v48_h81,v48_h173,0.0035703000612556934
v48_h83,v48_h13,0.06689299643039703
v48_h83,v48_h27,0.024992000311613083
v48_h83,v48_h48,0.08117400109767914
v48_h83,v48_h49,0.08117400109767914
v48_h83,v48_h50,0.021422000601887703
v48_h83,v48_h51,0.0035703000612556934
v48_h83,v48_h58,0.017851000651717186
v48_h83,v48_h70,0.0035703000612556934
v48_h83,v48_h76,0.010711000300943851
v48_h83,v48_h85,0.08474399894475937
v48_h83,v48_h124,0.010711000300943851
v48_h83,v48_h144,0.0035703000612556934
v48_h83,v48_h150,0.017851000651717186
v48_h83,v48_h158,0.014281000010669231
v48_h83,v48_h173,0.010711000300943851
v48_h83,v48_h181,0.0035703000612556934
v48_h84,v48_h27,0.0035703000612556934
v48_h84,v48_h49,0.0035703000612556934
v48_h84,v48_h58,0.007140600122511387
v48_h84,v48_h85,0.06332200020551682
v48_h85,v48_h13,0.03213300183415413
v48_h85,v48_h27,0.09188500046730042
v48_h85,v48_h48,0.03927300125360489
v48_h85,v48_h49,0.08117400109767914
v48_h85,v48_h50,0.017851000651717186
v48_h85,v48_h51,0.0035703000612556934
v48_h85,v48_h58,0.049984000623226166
v48_h85,v48_h70,0.010711000300943851
v48_h85,v48_h76,0.042844001203775406
v48_h85,v48_h124,0.014281000010669231
v48_h85,v48_h126,0.0035703000612556934
v48_h85,v48_h130,0.010711000300943851
v48_h85,v48_h144,0.0035703000612556934
v48_h85,v48_h145,0.007140600122511387
v48_h85,v48_h150,0.007140600122511387
v48_h85,v48_h158,0.0035703000612556934
v48_h85,v48_h173,0.014281000010669231
v48_h85,v48_h181,0.014281000010669231
v48_h87,v48_h13,0.010711000300943851
v48_h87,v48_h27,0.024992000311613083
v48_h87,v48_h48,0.10260000079870224
v48_h87,v48_h49,0.09545499831438065
v48_h87,v48_h50,0.09188500046730042
v48_h87,v48_h51,0.0035703000612556934
v48_h87,v48_h58,0.024992000311613083
v48_h87,v48_h70,0.007140600122511387
v48_h87,v48_h76,0.014281000010669231
v48_h87,v48_h85,0.10616999864578247
v48_h87,v48_h124,0.017851000651717186
v48_h87,v48_h126,0.0035703000612556934
v48_h87,v48_h130,0.0035703000612556934
v48_h87,v48_h144,0.010711000300943851
v48_h87,v48_h145,0.0035703000612556934
v48_h87,v48_h150,0.0035703000612556934
v48_h87,v48_h158,0.014281000010669231
v48_h87,v48_h173,0.010711000300943851
v48_h87,v48_h181,0.0035703000612556934
v48_h88,v48_h13,0.0035703000612556934
v48_h88,v48_h27,0.017851000651717186
v48_h88,v48_h48,0.08117400109767914
v48_h88,v48_h49,0.010711000300943851
v48_h88,v48_h50,0.007140600122511387
v48_h88,v48_h58,0.017851000651717186
v48_h88,v48_h70,0.0035703000612556934
v48_h88,v48_h76,0.010711000300943851
v48_h88,v48_h85,0.09545499831438065
v48_h88,v48_h124,0.0035703000612556934
v48_h88,v48_h130,0.0035703000612556934
v48_h88,v48_h144,0.0035703000612556934
v48_h88,v48_h150,0.007140600122511387
v48_h88,v48_h158,0.0035703000612556934
v48_h88,v48_h173,0.007140600122511387
v48_h89,v48_h27,0.07403299957513809
v48_h89,v48_h48,0.007140600122511387
v48_h89,v48_h49,0.0035703000612556934
v48_h89,v48_h58,0.0035703000612556934
v48_h89,v48_h85,0.0883139967918396
v48_h89,v48_h173,0.0035703000612556934
v48_h9,v48_h13,0.014281000010669231
v48_h9,v48_h27,0.007140600122511387
v48_h9,v48_h49,0.0035703000612556934
v48_h9,v48_h58,0.007140600122511387
v48_h9,v48_h70,0.0035703000612556934
v48_h9,v48_h76,0.07403299957513809
v48_h9,v48_h85,0.07760299742221832
v48_h9,v48_h130,0.0035703000612556934
v48_h9,v48_h173,0.0035703000612556934
v48_h9,v48_h181,0.007140600122511387
v48_h90,v48_h13,0.0035703000612556934
v48_h90,v48_h27,0.014281000010669231
v48_h90,v48_h48,0.007140600122511387
v48_h90,v48_h49,0.017851000651717186
v48_h90,v48_h50,0.010711000300943851
v48_h90,v48_h58,0.014281000010669231
v48_h90,v48_h70,0.0035703000612556934
v48_h90,v48_h76,0.007140600122511387
v48_h90,v48_h85,0.09902500361204147
v48_h90,v48_h124,0.0035703000612556934
v48_h90,v48_h126,0.0035703000612556934
v48_h90,v48_h144,0.007140600122511387
v48_h90,v48_h145,0.007140600122511387
v48_h90,v48_h173,0.010711000300943851
v48_h90,v48_h181,0.007140600122511387
v48_h91,v48_h13,0.007140600122511387
v48_h91,v48_h27,0.007140600122511387
v48_h91,v48_h49,0.007140600122511387
v48_h91,v48_h50,0.007140600122511387
v48_h91,v48_h76,0.0035703000612556934
v48_h91,v48_h85,0.010711000300943851
v48_h91,v48_h124,0.007140600122511387
v48_h91,v48_h126,0.0035703000612556934
v48_h91,v48_h144,0.06332200020551682
v48_h91,v48_h145,0.017851000651717186
v48_h91,v48_h150,0.007140600122511387
v48_h91,v48_h158,0.0035703000612556934
v48_h91,v48_h173,0.08117400109767914
v48_h91,v48_h181,0.007140600122511387
v48_h92,v48_h13,0.010711000300943851
v48_h92,v48_h27,0.007140600122511387
v48_h92,v48_h49,0.0035703000612556934
v48_h92,v48_h58,0.0035703000612556934
v48_h92,v48_h76,0.010711000300943851
v48_h92,v48_h85,0.014281000010669231
v48_h92,v48_h124,0.007140600122511387
v48_h92,v48_h126,0.0035703000612556934
v48_h92,v48_h144,0.010711000300943851
v48_h92,v48_h145,0.007140600122511387
v48_h92,v48_h150,0.010711000300943851
v48_h92,v48_h158,0.0035703000612556934
v48_h92,v48_h173,0.08117400109767914
v48_h92,v48_h181,0.007140600122511387
v48_h94,v48_h13,0.007140600122511387
v48_h94,v48_h27,0.0035703000612556934
v48_h94,v48_h49,0.007140600122511387
v48_h94,v48_h58,0.007140600122511387
v48_h94,v48_h70,0.007140600122511387
v48_h94,v48_h76,0.007140600122511387
v48_h94,v48_h85,0.010711000300943851
v48_h94,v48_h126,0.0035703000612556934
v48_h94,v48_h145,0.007140600122511387
v48_h94,v48_h150,0.007140600122511387
v48_h94,v48_h158,0.007140600122511387
v48_h94,v48_h173,0.03213300183415413
v48_h94,v48_h181,0.010711000300943851
v48_h95,v48_h13,0.014281000010669231
v48_h95,v48_h27,0.007140600122511387
v48_h95,v48_h48,0.007140600122511387
v48_h95,v48_h49,0.0035703000612556934
v48_h95,v48_h58,0.010711000300943851
v48_h95,v48_h76,0.007140600122511387
v48_h95,v48_h85,0.014281000010669231
v48_h95,v48_h124,0.021422000601887703
v48_h95,v48_h126,0.0035703000612556934
v48_h95,v48_h130,0.007140600122511387
v48_h95,v48_h144,0.010711000300943851
v48_h95,v48_h145,0.07046300172805786
v48_h95,v48_h150,0.010711000300943851
v48_h95,v48_h158,0.007140600122511387
v48_h95,v48_h173,0.08474399894475937
v48_h95,v48_h181,0.017851000651717186
v48_h96,v48_h13,0.0035703000612556934
v48_h96,v48_h27,0.007140600122511387
v48_h96,v48_h48,0.010711000300943851
v48_h96,v48_h49,0.010711000300943851
v48_h96,v48_h50,0.0035703000612556934
v48_h96,v48_h51,0.0035703000612556934
v48_h96,v48_h58,0.007140600122511387
v48_h96,v48_h70,0.0035703000612556934
v48_h96,v48_h76,0.0035703000612556934
v48_h96,v48_h85,0.010711000300943851
v48_h96,v48_h124,0.007140600122511387
v48_h96,v48_h126,0.007140600122511387
v48_h96,v48_h130,0.007140600122511387
v48_h96,v48_h144,0.007140600122511387
v48_h96,v48_h145,0.007140600122511387
v48_h96,v48_h150,0.010711000300943851
v48_h96,v48_h158,0.0035703000612556934
v48_h96,v48_h173,0.014281000010669231
v48_h97,v48_h13,0.007140600122511387
v48_h97,v48_h27,0.0035703000612556934
v48_h97,v48_h48,0.0035703000612556934
v48_h97,v48_h49,0.007140600122511387
v48_h97,v48_h50,0.0035703000612556934
v48_h97,v48_h85,0.0035703000612556934
v48_h97,v48_h150,0.06332200020551682
v48_h97,v48_h173,0.06689299643039703
v48_h97,v48_h181,0.0035703000612556934
v48_h98,v48_h13,0.0035703000612556934
v48_h98,v48_h27,0.010711000300943851
v48_h98,v48_h48,0.007140600122511387
v48_h98,v48_h49,0.0035703000612556934
v48_h98,v48_h50,0.010711000300943851
v48_h98,v48_h85,0.007140600122511387
v48_h98,v48_h124,0.021422000601887703
v48_h98,v48_h126,0.007140600122511387
v48_h98,v48_h130,0.0035703000612556934
v48_h98,v48_h144,0.07403299957513809
v48_h98,v48_h145,0.017851000651717186
v48_h98,v48_h150,0.021422000601887703
v48_h98,v48_h158,0.017851000651717186
v48_h98,v48_h173,0.021422000601887703
v48_h98,v48_h181,0.0035703000612556934
v49_h1,v49_h49,0.00678989989683032
v49_h1,v49_h53,0.013580000028014183
v49_h1,v49_h129,0.013580000028014183
v49_h1,v49_h130,0.00678989989683032
v49_h1,v49_h162,0.00678989989683032
v49_h10,v49_h49,0.0033950000070035458
v49_h10,v49_h53,0.0033950000070035458
v49_h10,v49_h129,0.00678989989683032
v49_h10,v49_h130,0.00678989989683032
v49_h10,v49_h168,0.00678989989683032
v49_h100,v49_h49,0.00678989989683032
v49_h100,v49_h53,0.00678989989683032
v49_h100,v49_h129,0.0033950000070035458
v49_h100,v49_h130,0.0033950000070035458
v49_h100,v49_h162,0.00678989989683032
v49_h100,v49_h168,0.0033950000070035458
v49_h101,v49_h162,0.0033950000070035458
v49_h101,v49_h168,0.0033950000070035458
v49_h102,v49_h49,0.0033950000070035458
v49_h102,v49_h53,0.0033950000070035458
v49_h102,v49_h162,0.01018499955534935
v49_h104,v49_h49,0.00678989989683032
v49_h104,v49_h53,0.01018499955534935
v49_h104,v49_h129,0.0033950000070035458
v49_h104,v49_h130,0.00678989989683032
v49_h104,v49_h162,0.0033950000070035458
v49_h104,v49_h168,0.0033950000070035458
v49_h105,v49_h49,0.016975000500679016
v49_h105,v49_h53,0.07524099946022034
v49_h105,v49_h129,0.023764999583363533
v49_h105,v49_h130,0.023764999583363533
v49_h105,v49_h168,0.0033950000070035458
v49_h106,v49_h53,0.0033950000070035458
v49_h106,v49_h162,0.01018499955534935
v49_h106,v49_h168,0.05826599895954132
v49_h107,v49_h49,0.00678989989683032
v49_h107,v49_h53,0.00678989989683032
v49_h107,v49_h129,0.0033950000070035458
v49_h107,v49_h130,0.0033950000070035458
v49_h107,v49_h162,0.0616610012948513
v49_h107,v49_h168,0.0033950000070035458
v49_h108,v49_h49,0.07184600085020065
v49_h108,v49_h53,0.0033950000070035458
v49_h108,v49_h129,0.0033950000070035458
v49_h108,v49_h162,0.00678989989683032
v49_h11,v49_h49,0.01018499955534935
v49_h11,v49_h129,0.01018499955534935
v49_h11,v49_h130,0.0033950000070035458
v49_h110,v49_h49,0.06505600363016129
v49_h110,v49_h129,0.01018499955534935
v49_h110,v49_h130,0.00678989989683032
v49_h111,v49_h49,0.0033950000070035458
v49_h111,v49_h162,0.01018499955534935
v49_h111,v49_h168,0.0033950000070035458
v49_h112,v49_h49,0.01018499955534935
v49_h112,v49_h53,0.01018499955534935
v49_h112,v49_h129,0.0203699991106987
v49_h112,v49_h130,0.016975000500679016
v49_h112,v49_h162,0.0033950000070035458
v49_h113,v49_h53,0.0033950000070035458
v49_h113,v49_h129,0.01018499955534935
v49_h113,v49_h130,0.0033950000070035458
v49_h113,v49_h162,0.0033950000070035458
v49_h113,v49_h168,0.00678989989683032
v49_h114,v49_h162,0.0033950000070035458
v49_h12,v49_h49,0.06845100224018097
v49_h12,v49_h53,0.01018499955534935
v49_h12,v49_h129,0.06845100224018097
v49_h12,v49_h130,0.0203699991106987
v49_h12,v49_h168,0.01018499955534935
v49_h13,v49_h49,0.016975000500679016
v49_h13,v49_h53,0.00678989989683032
v49_h13,v49_h129,0.016975000500679016
v49_h13,v49_h130,0.013580000028014183
v49_h13,v49_h168,0.00678989989683032
v49_h14,v49_h49,0.0033950000070035458
v49_h14,v49_h53,0.00678989989683032
v49_h14,v49_h129,0.06505600363016129
v49_h14,v49_h130,0.023764999583363533
v49_h14,v49_h162,0.0033950000070035458
v49_h14,v49_h168,0.06505600363016129
v49_h15,v49_h49,0.0033950000070035458
v49_h15,v49_h53,0.0033950000070035458
v49_h15,v49_h129,0.00678989989683032
v49_h15,v49_h130,0.0033950000070035458
v49_h15,v49_h162,0.0033950000070035458
v49_h15,v49_h168,0.01018499955534935
v49_h16,v49_h49,0.0033950000070035458
v49_h16,v49_h53,0.01018499955534935
v49_h16,v49_h129,0.01018499955534935
v49_h16,v49_h130,0.013580000028014183
v49_h16,v49_h162,0.0033950000070035458
v49_h16,v49_h168,0.0033950000070035458
v49_h17,v49_h49,0.0033950000070035458
v49_h17,v49_h53,0.013580000028014183
v49_h17,v49_h129,0.023764999583363533
v49_h17,v49_h130,0.07184600085020065
v49_h17,v49_h162,0.00678989989683032
v49_h17,v49_h168,0.01018499955534935
v49_h18,v49_h49,0.013580000028014183
v49_h18,v49_h53,0.07184600085020065
v49_h18,v49_h129,0.027160000056028366
v49_h18,v49_h130,0.03395000100135803
v49_h18,v49_h162,0.0033950000070035458
v49_h18,v49_h168,0.00678989989683032
v49_h19,v49_h49,0.0033950000070035458
v49_h19,v49_h53,0.00678989989683032
v49_h19,v49_h129,0.016975000500679016
v49_h19,v49_h130,0.0033950000070035458
v49_h19,v49_h162,0.00678989989683032
v49_h19,v49_h168,0.0033950000070035458
v49_h2,v49_h129,0.07184600085020065
v49_h2,v49_h130,0.06505600363016129
v49_h21,v49_h129,0.0033950000070035458
v49_h21,v49_h168,0.0033950000070035458
v49_h22,v49_h49,0.00678989989683032
v49_h22,v49_h53,0.013580000028014183
v49_h22,v49_h129,0.0203699991106987
v49_h22,v49_h130,0.013580000028014183
v49_h22,v49_h168,0.05826599895954132
v49_h24,v49_h49,0.0033950000070035458
v49_h24,v49_h129,0.016975000500679016
v49_h24,v49_h130,0.01018499955534935
v49_h24,v49_h168,0.01018499955534935
v49_h25,v49_h49,0.013580000028014183
v49_h25,v49_h53,0.00678989989683032
v49_h25,v49_h129,0.013580000028014183
v49_h25,v49_h130,0.07184600085020065
v49_h25,v49_h162,0.0033950000070035458
v49_h25,v49_h168,0.00678989989683032
v49_h26,v49_h49,0.01018499955534935
v49_h26,v49_h53,0.00678989989683032
v49_h26,v49_h129,0.01018499955534935
v49_h26,v49_h130,0.013580000028014183
v49_h26,v49_h162,0.00678989989683032
v49_h26,v49_h168,0.0033950000070035458
v49_h27,v49_h49,0.013580000028014183
v49_h27,v49_h53,0.01018499955534935
v49_h27,v49_h129,0.0305550005286932
v49_h27,v49_h130,0.0203699991106987
v49_h27,v49_h162,0.00678989989683032
v49_h27,v49_h168,0.0033950000070035458
v49_h29,v49_h49,0.0033950000070035458
v49_h29,v49_h53,0.0033950000070035458
v49_h29,v49_h129,0.0033950000070035458
v49_h29,v49_h130,0.0033950000070035458
v49_h3,v49_h49,0.013580000028014183
v49_h3,v49_h53,0.0033950000070035458
v49_h3,v49_h129,0.0820309966802597
v49_h3,v49_h130,0.023764999583363533
v49_h31,v49_h49,0.013580000028014183
v49_h31,v49_h53,0.01018499955534935
v49_h31,v49_h129,0.07863599807024002
v49_h31,v49_h130,0.0203699991106987
v49_h31,v49_h162,0.0033950000070035458
v49_h32,v49_h49,0.00678989989683032
v49_h32,v49_h53,0.07524099946022034
v49_h32,v49_h129,0.016975000500679016
v49_h32,v49_h130,0.0203699991106987
v49_h35,v49_h49,0.00678989989683032
v49_h35,v49_h129,0.016975000500679016
v49_h35,v49_h130,0.0203699991106987
v49_h35,v49_h168,0.00678989989683032
v49_h4,v49_h129,0.07184600085020065
v49_h4,v49_h130,0.07184600085020065
v49_h40,v49_h49,0.0203699991106987
v49_h40,v49_h53,0.0033950000070035458
v49_h40,v49_h129,0.01018499955534935
v49_h40,v49_h130,0.016975000500679016
v49_h40,v49_h162,0.0033950000070035458
v49_h41,v49_h49,0.013580000028014183
v49_h41,v49_h53,0.0033950000070035458
v49_h41,v49_h162,0.00678989989683032
v49_h42,v49_h49,0.08542600274085999
v49_h42,v49_h53,0.0203699991106987
v49_h42,v49_h129,0.0203699991106987
v49_h42,v49_h130,0.07863599807024002
v49_h42,v49_h162,0.0033950000070035458
v49_h42,v49_h168,0.0033950000070035458
v49_h43,v49_h49,0.027160000056028366
v49_h43,v49_h53,0.06845100224018097
v49_h43,v49_h129,0.01018499955534935
v49_h43,v49_h130,0.023764999583363533
v49_h44,v49_h49,0.07863599807024002
v49_h44,v49_h53,0.01018499955534935
v49_h44,v49_h129,0.00678989989683032
v49_h44,v49_h130,0.013580000028014183
v49_h45,v49_h49,0.09900599718093872
v49_h45,v49_h53,0.01018499955534935
v49_h45,v49_h129,0.0033950000070035458
v49_h45,v49_h130,0.0033950000070035458
v49_h45,v49_h162,0.0033950000070035458
v49_h46,v49_h49,0.023764999583363533
v49_h46,v49_h53,0.01018499955534935
v49_h46,v49_h129,0.0033950000070035458
v49_h46,v49_h130,0.00678989989683032
v49_h48,v49_h49,0.09900599718093872
v49_h48,v49_h53,0.07184600085020065
v49_h48,v49_h129,0.00678989989683032
v49_h48,v49_h130,0.016975000500679016
v49_h49,v49_h53,0.013580000028014183
v49_h49,v49_h129,0.023764999583363533
v49_h49,v49_h130,0.0305550005286932
v49_h5,v49_h53,0.0033950000070035458
v49_h5,v49_h129,0.016975000500679016
v49_h5,v49_h130,0.01018499955534935
v49_h50,v49_h49,0.08542600274085999
v49_h50,v49_h53,0.06505600363016129
v49_h50,v49_h129,0.023764999583363533
v49_h50,v49_h130,0.07524099946022034
v49_h50,v49_h162,0.0033950000070035458
v49_h54,v49_h49,0.013580000028014183
v49_h54,v49_h53,0.0820309966802597
v49_h54,v49_h129,0.00678989989683032
v49_h54,v49_h130,0.013580000028014183
v49_h54,v49_h168,0.0033950000070035458
v49_h55,v49_h53,0.08542600274085999
v49_h55,v49_h129,0.0033950000070035458
v49_h55,v49_h130,0.05826599895954132
v49_h55,v49_h168,0.0033950000070035458
v49_h56,v49_h49,0.01018499955534935
v49_h56,v49_h53,0.08882100135087967
v49_h56,v49_h129,0.00678989989683032
v49_h56,v49_h130,0.00678989989683032
v49_h56,v49_h168,0.0033950000070035458
v49_h57,v49_h53,0.08542600274085999
v49_h57,v49_h129,0.0033950000070035458
v49_h57,v49_h130,0.0033950000070035458
v49_h57,v49_h168,0.00678989989683032
v49_h58,v49_h49,0.0033950000070035458
v49_h58,v49_h53,0.013580000028014183
v49_h58,v49_h129,0.0033950000070035458
v49_h58,v49_h130,0.0033950000070035458
v49_h59,v49_h53,0.07524099946022034
v49_h59,v49_h130,0.00678989989683032
v49_h6,v49_h129,0.016975000500679016
v49_h6,v49_h130,0.00678989989683032
v49_h60,v49_h49,0.013580000028014183
v49_h60,v49_h53,0.07524099946022034
v49_h60,v49_h129,0.0033950000070035458
v49_h60,v49_h130,0.01018499955534935
v49_h61,v49_h49,0.0033950000070035458
v49_h61,v49_h53,0.09561099857091904
v49_h61,v49_h129,0.0033950000070035458
v49_h61,v49_h130,0.013580000028014183
v49_h61,v49_h168,0.0033950000070035458
v49_h62,v49_h53,0.07863599807024002
v49_h62,v49_h130,0.01018499955534935
v49_h62,v49_h168,0.0616610012948513
v49_h63,v49_h49,0.01018499955534935
v49_h63,v49_h53,0.07524099946022034
v49_h63,v49_h129,0.00678989989683032
v49_h63,v49_h130,0.0616610012948513
v49_h63,v49_h168,0.0033950000070035458
v49_h65,v49_h53,0.016975000500679016
v49_h65,v49_h129,0.0033950000070035458
v49_h65,v49_h130,0.00678989989683032
v49_h65,v49_h162,0.00678989989683032
v49_h65,v49_h168,0.0033950000070035458
v49_h66,v49_h49,0.08542600274085999
v49_h66,v49_h53,0.016975000500679016
v49_h66,v49_h129,0.00678989989683032
v49_h66,v49_h130,0.016975000500679016
v49_h67,v49_h49,0.08882100135087967
v49_h67,v49_h53,0.00678989989683032
v49_h67,v49_h129,0.00678989989683032
v49_h67,v49_h130,0.01018499955534935
v49_h67,v49_h162,0.0033950000070035458
v49_h69,v49_h49,0.013580000028014183
v49_h70,v49_h49,0.07863599807024002
v49_h70,v49_h53,0.00678989989683032
v49_h70,v49_h129,0.00678989989683032
v49_h70,v49_h130,0.00678989989683032
v49_h70,v49_h162,0.0033950000070035458
v49_h71,v49_h49,0.01018499955534935
v49_h71,v49_h53,0.0033950000070035458
v49_h71,v49_h162,0.06505600363016129
v49_h72,v49_h49,0.013580000028014183
v49_h72,v49_h53,0.01018499955534935
v49_h72,v49_h129,0.00678989989683032
v49_h72,v49_h130,0.0033950000070035458
v49_h72,v49_h162,0.01018499955534935
v49_h72,v49_h168,0.00678989989683032
v49_h73,v49_h49,0.027160000056028366
v49_h73,v49_h53,0.0033950000070035458
v49_h73,v49_h130,0.0033950000070035458
v49_h73,v49_h162,0.00678989989683032
v49_h73,v49_h168,0.0033950000070035458
v49_h74,v49_h49,0.023764999583363533
v49_h74,v49_h53,0.0033950000070035458
v49_h74,v49_h129,0.00678989989683032
v49_h74,v49_h130,0.0033950000070035458
v49_h74,v49_h162,0.0033950000070035458
v49_h75,v49_h53,0.0033950000070035458
v49_h76,v49_h49,0.00678989989683032
v49_h76,v49_h53,0.0033950000070035458
v49_h76,v49_h129,0.0033950000070035458
v49_h76,v49_h130,0.00678989989683032
v49_h76,v49_h162,0.0033950000070035458
v49_h77,v49_h49,0.00678989989683032
v49_h77,v49_h129,0.0033950000070035458
v49_h77,v49_h130,0.00678989989683032
v49_h78,v49_h49,0.013580000028014183
v49_h78,v49_h53,0.01018499955534935
v49_h78,v49_h129,0.01018499955534935
v49_h78,v49_h162,0.00678989989683032
v49_h79,v49_h49,0.01018499955534935
v49_h79,v49_h53,0.01018499955534935
v49_h79,v49_h129,0.0033950000070035458
v49_h79,v49_h162,0.00678989989683032
v49_h80,v49_h49,0.01018499955534935
v49_h80,v49_h53,0.06845100224018097
v49_h80,v49_h129,0.0033950000070035458
v49_h80,v49_h130,0.00678989989683032
v49_h81,v49_h49,0.0033950000070035458
v49_h81,v49_h53,0.0033950000070035458
v49_h81,v49_h129,0.00678989989683032
v49_h81,v49_h130,0.0033950000070035458
v49_h81,v49_h162,0.00678989989683032
v49_h83,v49_h49,0.0033950000070035458
v49_h83,v49_h53,0.0033950000070035458
v49_h83,v49_h129,0.0033950000070035458
v49_h83,v49_h130,0.013580000028014183
v49_h83,v49_h162,0.06505600363016129
v49_h84,v49_h53,0.0033950000070035458
v49_h84,v49_h162,0.0033950000070035458
v49_h85,v49_h49,0.01018499955534935
v49_h85,v49_h53,0.0616610012948513
v49_h85,v49_h162,0.013580000028014183
v49_h85,v49_h168,0.0033950000070035458
v49_h87,v49_h49,0.08542600274085999
v49_h87,v49_h53,0.016975000500679016
v49_h87,v49_h129,0.0203699991106987
v49_h87,v49_h130,0.016975000500679016
v49_h88,v49_h49,0.07184600085020065
v49_h88,v49_h53,0.023764999583363533
v49_h88,v49_h129,0.023764999583363533
v49_h88,v49_h130,0.013580000028014183
v49_h89,v49_h49,0.016975000500679016
v49_h89,v49_h53,0.0033950000070035458
v49_h89,v49_h129,0.0033950000070035458
v49_h89,v49_h162,0.01018499955534935
v49_h89,v49_h168,0.0033950000070035458
v49_h9,v49_h49,0.0033950000070035458
v49_h9,v49_h129,0.013580000028014183
v49_h9,v49_h130,0.013580000028014183
v49_h9,v49_h162,0.01018499955534935
v49_h9,v49_h168,0.0033950000070035458
v49_h90,v49_h53,0.00678989989683032
v49_h90,v49_h162,0.013580000028014183
v49_h90,v49_h168,0.0033950000070035458
v49_h91,v49_h49,0.00678989989683032
v49_h91,v49_h129,0.0033950000070035458
v49_h91,v49_h162,0.0033950000070035458
v49_h92,v49_h162,0.0033950000070035458
v49_h93,v49_h49,0.00678989989683032
v49_h93,v49_h129,0.0033950000070035458
v49_h93,v49_h162,0.0033950000070035458
v49_h93,v49_h168,0.0033950000070035458
v49_h94,v49_h49,0.01018499955534935
v49_h94,v49_h129,0.0033950000070035458
v49_h94,v49_h162,0.00678989989683032
v49_h94,v49_h168,0.0033950000070035458
v49_h95,v49_h49,0.01018499955534935
v49_h95,v49_h129,0.00678989989683032
v49_h95,v49_h130,0.0033950000070035458
v49_h95,v49_h162,0.0033950000070035458
v49_h96,v49_h49,0.0033950000070035458
v49_h96,v49_h168,0.0033950000070035458
v49_h97,v49_h49,0.0033950000070035458
v49_h97,v49_h129,0.0033950000070035458
v49_h97,v49_h168,0.0033950000070035458
v49_h98,v49_h49,0.01018499955534935
v49_h98,v49_h162,0.0033950000070035458
v49_h98,v49_h168,0.0033950000070035458
v50_h1,v50_h47,0.010107000358402729
v50_h1,v50_h200,0.010107000358402729
v50_h1,v50_h210,0.010107000358402729
v50_h10,v50_h23,0.0050535001792013645
v50_h10,v50_h27,0.010107000358402729
v50_h10,v50_h33,0.010107000358402729
v50_h10,v50_h43,0.0050535001792013645
v50_h10,v50_h47,0.015159999951720238
v50_h10,v50_h121,0.0050535001792013645
v50_h10,v50_h143,0.0050535001792013645
v50_h10,v50_h200,0.09635499864816666
v50_h10,v50_h210,0.0050535001792013645
v50_h100,v50_h23,0.015159999951720238
v50_h100,v50_h27,0.015159999951720238
v50_h100,v50_h33,0.08119499683380127
v50_h100,v50_h47,0.09130199998617172
v50_h100,v50_h113,0.025266999378800392
v50_h100,v50_h121,0.020214000716805458
v50_h100,v50_h143,0.0050535001792013645
v50_h100,v50_h200,0.010107000358402729
v50_h100,v50_h210,0.0050535001792013645
v50_h101,v50_h23,0.0050535001792013645
v50_h101,v50_h27,0.0050535001792013645
v50_h101,v50_h33,0.0050535001792013645
v50_h101,v50_h47,0.0050535001792013645
v50_h101,v50_h113,0.09130199998617172
v50_h101,v50_h121,0.09130199998617172
v50_h101,v50_h143,0.0050535001792013645
v50_h101,v50_h200,0.0050535001792013645
v50_h102,v50_h23,0.010107000358402729
v50_h102,v50_h27,0.015159999951720238
v50_h102,v50_h43,0.0050535001792013645
v50_h102,v50_h47,0.0050535001792013645
v50_h102,v50_h113,0.0862480029463768
v50_h102,v50_h121,0.015159999951720238
v50_h102,v50_h143,0.0050535001792013645
v50_h102,v50_h200,0.015159999951720238
v50_h102,v50_h210,0.010107000358402729
v50_h104,v50_h23,0.0050535001792013645
v50_h104,v50_h43,0.0050535001792013645
v50_h104,v50_h47,0.0050535001792013645
v50_h104,v50_h113,0.010107000358402729
v50_h104,v50_h121,0.0050535001792013645
v50_h104,v50_h143,0.0050535001792013645
v50_h105,v50_h23,0.0050535001792013645
v50_h105,v50_h27,0.015159999951720238
v50_h105,v50_h43,0.010107000358402729
v50_h105,v50_h47,0.015159999951720238
v50_h105,v50_h113,0.015159999951720238
v50_h105,v50_h121,0.08119499683380127
v50_h105,v50_h143,0.0050535001792013645
v50_h106,v50_h27,0.0050535001792013645
v50_h107,v50_h27,0.07108800113201141
v50_h107,v50_h47,0.0050535001792013645
v50_h107,v50_h121,0.0050535001792013645
v50_h107,v50_h200,0.0050535001792013645
v50_h108,v50_h23,0.0050535001792013645
v50_h108,v50_h27,0.07614099979400635
v50_h108,v50_h33,0.010107000358402729
v50_h108,v50_h43,0.010107000358402729
v50_h108,v50_h47,0.025266999378800392
v50_h108,v50_h113,0.020214000716805458
v50_h108,v50_h121,0.015159999951720238
v50_h108,v50_h200,0.010107000358402729
v50_h11,v50_h23,0.010107000358402729
v50_h11,v50_h27,0.015159999951720238
v50_h11,v50_h47,0.07108800113201141
v50_h11,v50_h113,0.0050535001792013645
v50_h11,v50_h121,0.0050535001792013645
v50_h11,v50_h200,0.09130199998617172
v50_h11,v50_h210,0.0050535001792013645
v50_h110,v50_h27,0.010107000358402729
v50_h111,v50_h27,0.0050535001792013645
v50_h113,v50_h27,0.010107000358402729
v50_h113,v50_h33,0.0050535001792013645
v50_h113,v50_h43,0.0050535001792013645
v50_h113,v50_h47,0.030321000143885612
v50_h113,v50_h121,0.010107000358402729
v50_h113,v50_h143,0.0050535001792013645
v50_h113,v50_h200,0.010107000358402729
v50_h114,v50_h33,0.0050535001792013645
v50_h114,v50_h43,0.0050535001792013645
v50_h114,v50_h113,0.08119499683380127
v50_h114,v50_h121,0.010107000358402729
v50_h114,v50_h200,0.0050535001792013645
v50_h12,v50_h27,0.0050535001792013645
v50_h12,v50_h47,0.010107000358402729
v50_h12,v50_h200,0.08119499683380127
v50_h13,v50_h23,0.015159999951720238
v50_h13,v50_h27,0.10141000151634216
v50_h13,v50_h33,0.0050535001792013645
v50_h13,v50_h43,0.0050535001792013645
v50_h13,v50_h47,0.030321000143885612
v50_h13,v50_h113,0.0050535001792013645
v50_h13,v50_h121,0.015159999951720238
v50_h13,v50_h143,0.015159999951720238
v50_h13,v50_h200,0.010107000358402729
v50_h13,v50_h210,0.0050535001792013645
v50_h14,v50_h27,0.0050535001792013645
v50_h14,v50_h33,0.0050535001792013645
v50_h14,v50_h200,0.010107000358402729
v50_h15,v50_h23,0.030321000143885612
v50_h15,v50_h27,0.09130199998617172
v50_h15,v50_h33,0.015159999951720238
v50_h15,v50_h43,0.010107000358402729
v50_h15,v50_h47,0.020214000716805458
v50_h15,v50_h113,0.0050535001792013645
v50_h15,v50_h121,0.010107000358402729
v50_h15,v50_h143,0.0050535001792013645
v50_h15,v50_h200,0.015159999951720238
v50_h15,v50_h210,0.010107000358402729
v50_h16,v50_h23,0.010107000358402729
v50_h16,v50_h27,0.010107000358402729
v50_h16,v50_h43,0.0050535001792013645
v50_h16,v50_h47,0.010107000358402729
v50_h16,v50_h113,0.0050535001792013645
v50_h16,v50_h121,0.0050535001792013645
v50_h16,v50_h200,0.010107000358402729
v50_h18,v50_h23,0.0050535001792013645
v50_h18,v50_h47,0.0050535001792013645
v50_h18,v50_h200,0.0050535001792013645
v50_h19,v50_h23,0.0050535001792013645
v50_h19,v50_h27,0.010107000358402729
v50_h19,v50_h121,0.0050535001792013645
v50_h19,v50_h200,0.0050535001792013645
v50_h2,v50_h27,0.010107000358402729
v50_h2,v50_h33,0.0050535001792013645
v50_h2,v50_h47,0.0050535001792013645
v50_h2,v50_h113,0.0050535001792013645
v50_h2,v50_h121,0.0050535001792013645
v50_h2,v50_h143,0.0050535001792013645
v50_h2,v50_h200,0.025266999378800392
v50_h2,v50_h210,0.010107000358402729
v50_h21,v50_h23,0.08119499683380127
v50_h21,v50_h27,0.0862480029463768
v50_h21,v50_h33,0.0050535001792013645
v50_h21,v50_h43,0.0050535001792013645
v50_h21,v50_h47,0.015159999951720238
v50_h21,v50_h113,0.0050535001792013645
v50_h21,v50_h121,0.08119499683380127
v50_h21,v50_h143,0.0050535001792013645
v50_h21,v50_h200,0.015159999951720238
v50_h22,v50_h23,0.08119499683380127
v50_h22,v50_h27,0.08119499683380127
v50_h22,v50_h47,0.0050535001792013645
v50_h22,v50_h121,0.010107000358402729
v50_h22,v50_h143,0.0050535001792013645
v50_h22,v50_h200,0.0050535001792013645
v50_h24,v50_h23,0.010107000358402729
v50_h24,v50_h27,0.010107000358402729
v50_h24,v50_h121,0.0050535001792013645
v50_h25,v50_h23,0.08119499683380127
v50_h25,v50_h27,0.010107000358402729
v50_h25,v50_h33,0.015159999951720238
v50_h25,v50_h43,0.0050535001792013645
v50_h25,v50_h47,0.025266999378800392
v50_h25,v50_h113,0.015159999951720238
v50_h25,v50_h121,0.010107000358402729
v50_h25,v50_h143,0.010107000358402729
v50_h25,v50_h200,0.015159999951720238
v50_h25,v50_h210,0.0050535001792013645
v50_h26,v50_h23,0.010107000358402729
v50_h26,v50_h27,0.015159999951720238
v50_h26,v50_h33,0.010107000358402729
v50_h26,v50_h43,0.010107000358402729
v50_h26,v50_h47,0.015159999951720238
v50_h26,v50_h113,0.0050535001792013645
v50_h26,v50_h143,0.0050535001792013645
v50_h26,v50_h200,0.07614099979400635
v50_h27,v50_h23,0.020214000716805458
v50_h27,v50_h33,0.020214000716805458
v50_h27,v50_h47,0.09130199998617172
v50_h27,v50_h113,0.010107000358402729
v50_h27,v50_h121,0.08119499683380127
v50_h27,v50_h143,0.0050535001792013645
v50_h27,v50_h200,0.020214000716805458
v50_h27,v50_h210,0.010107000358402729
v50_h29,v50_h27,0.08119499683380127
v50_h29,v50_h33,0.020214000716805458
v50_h29,v50_h43,0.015159999951720238
v50_h29,v50_h47,0.020214000716805458
v50_h29,v50_h113,0.0050535001792013645
v50_h29,v50_h121,0.0050535001792013645
v50_h29,v50_h200,0.020214000716805458
v50_h3,v50_h33,0.0050535001792013645
v50_h3,v50_h47,0.0050535001792013645
v50_h3,v50_h121,0.0050535001792013645
v50_h3,v50_h143,0.0050535001792013645
v50_h3,v50_h200,0.030321000143885612
v50_h31,v50_h23,0.0050535001792013645
v50_h31,v50_h27,0.10141000151634216
v50_h31,v50_h33,0.10141000151634216
v50_h31,v50_h43,0.015159999951720238
v50_h31,v50_h47,0.11151999980211258
v50_h31,v50_h113,0.030321000143885612
v50_h31,v50_h121,0.010107000358402729
v50_h31,v50_h143,0.020214000716805458
v50_h31,v50_h200,0.020214000716805458
v50_h32,v50_h23,0.010107000358402729
v50_h32,v50_h27,0.015159999951720238
v50_h32,v50_h33,0.020214000716805458
v50_h32,v50_h43,0.015159999951720238
v50_h32,v50_h47,0.020214000716805458
v50_h32,v50_h113,0.010107000358402729
v50_h32,v50_h200,0.0050535001792013645
v50_h35,v50_h23,0.010107000358402729
v50_h35,v50_h27,0.010107000358402729
v50_h35,v50_h33,0.09635499864816666
v50_h35,v50_h43,0.020214000716805458
v50_h35,v50_h47,0.015159999951720238
v50_h35,v50_h121,0.0050535001792013645
v50_h35,v50_h143,0.010107000358402729
v50_h35,v50_h200,0.015159999951720238
v50_h4,v50_h27,0.0050535001792013645
v50_h4,v50_h33,0.0050535001792013645
v50_h4,v50_h47,0.0050535001792013645
v50_h4,v50_h200,0.09635499864816666
v50_h4,v50_h210,0.0050535001792013645
v50_h40,v50_h23,0.0050535001792013645
v50_h40,v50_h27,0.010107000358402729
v50_h40,v50_h33,0.030321000143885612
v50_h40,v50_h43,0.09635499864816666
v50_h40,v50_h47,0.015159999951720238
v50_h40,v50_h113,0.0050535001792013645
v50_h40,v50_h200,0.015159999951720238
v50_h41,v50_h27,0.020214000716805458
v50_h41,v50_h33,0.11151999980211258
v50_h41,v50_h43,0.10141000151634216
v50_h41,v50_h47,0.020214000716805458
v50_h41,v50_h113,0.010107000358402729
v50_h41,v50_h121,0.010107000358402729
v50_h41,v50_h143,0.0050535001792013645
v50_h41,v50_h200,0.09635499864816666
v50_h42,v50_h27,0.0050535001792013645
v50_h42,v50_h33,0.08119499683380127
v50_h42,v50_h43,0.09130199998617172
v50_h42,v50_h47,0.0050535001792013645
v50_h42,v50_h113,0.0050535001792013645
v50_h42,v50_h143,0.0050535001792013645
v50_h42,v50_h200,0.0050535001792013645
v50_h43,v50_h23,0.0050535001792013645
v50_h43,v50_h33,0.020214000716805458
v50_h43,v50_h47,0.015159999951720238
v50_h43,v50_h113,0.0050535001792013645
v50_h43,v50_h143,0.010107000358402729
v50_h43,v50_h200,0.010107000358402729
v50_h44,v50_h33,0.030321000143885612
v50_h44,v50_h43,0.10141000151634216
v50_h44,v50_h47,0.015159999951720238
v50_h44,v50_h143,0.0050535001792013645
v50_h44,v50_h200,0.010107000358402729
v50_h45,v50_h23,0.020214000716805458
v50_h45,v50_h27,0.025266999378800392
v50_h45,v50_h33,0.07614099979400635
v50_h45,v50_h43,0.09130199998617172
v50_h45,v50_h47,0.0862480029463768
v50_h45,v50_h113,0.010107000358402729
v50_h45,v50_h121,0.010107000358402729
v50_h45,v50_h143,0.0050535001792013645
v50_h45,v50_h200,0.07614099979400635
v50_h46,v50_h23,0.020214000716805458
v50_h46,v50_h27,0.030321000143885612
v50_h46,v50_h33,0.025266999378800392
v50_h46,v50_h43,0.0862480029463768
v50_h46,v50_h47,0.1367799937725067
v50_h46,v50_h113,0.07614099979400635
v50_h46,v50_h121,0.010107000358402729
v50_h46,v50_h143,0.010107000358402729
v50_h46,v50_h200,0.020214000716805458
v50_h46,v50_h210,0.015159999951720238
v50_h48,v50_h23,0.010107000358402729
v50_h48,v50_h27,0.09130199998617172
v50_h48,v50_h33,0.05053500086069107
v50_h48,v50_h43,0.025266999378800392
v50_h48,v50_h47,0.11657000333070755
v50_h48,v50_h113,0.08119499683380127
v50_h48,v50_h121,0.08119499683380127
v50_h48,v50_h143,0.010107000358402729
v50_h48,v50_h200,0.11657000333070755
v50_h48,v50_h210,0.015159999951720238
v50_h49,v50_h27,0.015159999951720238
v50_h49,v50_h33,0.0862480029463768
v50_h49,v50_h43,0.010107000358402729
v50_h49,v50_h47,0.035374000668525696
v50_h49,v50_h113,0.025266999378800392
v50_h49,v50_h121,0.0050535001792013645
v50_h49,v50_h143,0.0050535001792013645
v50_h49,v50_h200,0.025266999378800392
v50_h49,v50_h210,0.0050535001792013645
v50_h5,v50_h27,0.010107000358402729
v50_h5,v50_h33,0.010107000358402729
v50_h5,v50_h47,0.015159999951720238
v50_h5,v50_h113,0.0050535001792013645
v50_h5,v50_h200,0.10645999759435654
v50_h5,v50_h210,0.07614099979400635
v50_h50,v50_h27,0.0050535001792013645
v50_h50,v50_h33,0.015159999951720238
v50_h50,v50_h43,0.010107000358402729
v50_h50,v50_h47,0.010107000358402729
v50_h50,v50_h113,0.010107000358402729
v50_h50,v50_h121,0.0050535001792013645
v50_h50,v50_h200,0.0050535001792013645
v50_h54,v50_h27,0.015159999951720238
v50_h54,v50_h33,0.010107000358402729
v50_h54,v50_h43,0.010107000358402729
v50_h54,v50_h47,0.07108800113201141
v50_h54,v50_h143,0.0050535001792013645
v50_h54,v50_h200,0.020214000716805458
v50_h55,v50_h23,0.010107000358402729
v50_h55,v50_h27,0.07614099979400635
v50_h55,v50_h33,0.010107000358402729
v50_h55,v50_h43,0.010107000358402729
v50_h55,v50_h47,0.035374000668525696
v50_h55,v50_h113,0.010107000358402729
v50_h55,v50_h121,0.0050535001792013645
v50_h55,v50_h143,0.08119499683380127
v50_h55,v50_h200,0.0050535001792013645
v50_h55,v50_h210,0.0050535001792013645
v50_h56,v50_h23,0.010107000358402729
v50_h56,v50_h27,0.030321000143885612
v50_h56,v50_h33,0.025266999378800392
v50_h56,v50_h43,0.0050535001792013645
v50_h56,v50_h47,0.09130199998617172
v50_h56,v50_h113,0.07614099979400635
v50_h56,v50_h121,0.0050535001792013645
v50_h56,v50_h143,0.0862480029463768
v50_h56,v50_h200,0.015159999951720238
v50_h56,v50_h210,0.0050535001792013645
v50_h57,v50_h33,0.010107000358402729
v50_h57,v50_h47,0.0050535001792013645
v50_h57,v50_h121,0.0050535001792013645
v50_h57,v50_h143,0.0050535001792013645
v50_h57,v50_h200,0.010107000358402729
v50_h58,v50_h27,0.0050535001792013645
v50_h58,v50_h33,0.07108800113201141
v50_h58,v50_h47,0.010107000358402729
v50_h58,v50_h113,0.0050535001792013645
v50_h58,v50_h121,0.0050535001792013645
v50_h58,v50_h200,0.07614099979400635
v50_h58,v50_h210,0.0050535001792013645
v50_h59,v50_h33,0.0050535001792013645
v50_h59,v50_h47,0.0050535001792013645
v50_h59,v50_h121,0.0050535001792013645
v50_h59,v50_h143,0.0050535001792013645
v50_h59,v50_h200,0.0050535001792013645
v50_h6,v50_h27,0.010107000358402729
v50_h6,v50_h33,0.010107000358402729
v50_h6,v50_h47,0.010107000358402729
v50_h6,v50_h200,0.10645999759435654
v50_h6,v50_h210,0.010107000358402729
v50_h60,v50_h33,0.010107000358402729
v50_h60,v50_h43,0.0050535001792013645
v50_h60,v50_h121,0.0050535001792013645
v50_h60,v50_h143,0.0050535001792013645
v50_h60,v50_h200,0.0050535001792013645
v50_h61,v50_h33,0.010107000358402729
v50_h61,v50_h47,0.0050535001792013645
v50_h61,v50_h200,0.0050535001792013645
v50_h62,v50_h27,0.0050535001792013645
v50_h62,v50_h33,0.0050535001792013645
v50_h62,v50_h43,0.0050535001792013645
v50_h62,v50_h47,0.0050535001792013645
v50_h62,v50_h113,0.0050535001792013645
v50_h62,v50_h121,0.0050535001792013645
v50_h62,v50_h200,0.015159999951720238
v50_h63,v50_h27,0.0050535001792013645
v50_h63,v50_h33,0.0050535001792013645
v50_h63,v50_h200,0.010107000358402729
v50_h65,v50_h47,0.015159999951720238
v50_h65,v50_h113,0.010107000358402729
v50_h65,v50_h200,0.010107000358402729
v50_h65,v50_h210,0.010107000358402729
v50_h66,v50_h27,0.0050535001792013645
v50_h66,v50_h33,0.020214000716805458
v50_h66,v50_h43,0.0050535001792013645
v50_h66,v50_h113,0.0050535001792013645
v50_h66,v50_h143,0.0050535001792013645
v50_h66,v50_h200,0.09130199998617172
v50_h66,v50_h210,0.010107000358402729
v50_h67,v50_h113,0.0050535001792013645
v50_h67,v50_h200,0.0050535001792013645
v50_h69,v50_h43,0.0050535001792013645
v50_h69,v50_h47,0.0050535001792013645
v50_h69,v50_h200,0.0050535001792013645
v50_h70,v50_h33,0.07108800113201141
v50_h70,v50_h43,0.0050535001792013645
v50_h71,v50_h33,0.010107000358402729
v50_h71,v50_h43,0.0050535001792013645
v50_h71,v50_h121,0.0050535001792013645
v50_h71,v50_h143,0.0050535001792013645
v50_h72,v50_h33,0.0050535001792013645
v50_h72,v50_h43,0.07614099979400635
v50_h72,v50_h113,0.0050535001792013645
v50_h72,v50_h121,0.0050535001792013645
v50_h72,v50_h143,0.0050535001792013645
v50_h73,v50_h33,0.010107000358402729
v50_h73,v50_h43,0.0050535001792013645
v50_h73,v50_h47,0.010107000358402729
v50_h73,v50_h200,0.015159999951720238
v50_h73,v50_h210,0.0050535001792013645
v50_h74,v50_h33,0.0050535001792013645
v50_h74,v50_h47,0.0050535001792013645
v50_h74,v50_h200,0.010107000358402729
v50_h74,v50_h210,0.0050535001792013645
v50_h75,v50_h33,0.0050535001792013645
v50_h75,v50_h43,0.0050535001792013645
v50_h75,v50_h47,0.010107000358402729
v50_h75,v50_h113,0.0050535001792013645
v50_h75,v50_h200,0.010107000358402729
v50_h75,v50_h210,0.0050535001792013645
v50_h76,v50_h27,0.010107000358402729
v50_h76,v50_h33,0.0050535001792013645
v50_h76,v50_h43,0.0050535001792013645
v50_h76,v50_h47,0.015159999951720238
v50_h76,v50_h113,0.0050535001792013645
v50_h76,v50_h121,0.0050535001792013645
v50_h76,v50_h200,0.035374000668525696
v50_h76,v50_h210,0.010107000358402729
v50_h78,v50_h200,0.0050535001792013645
v50_h79,v50_h27,0.010107000358402729
v50_h79,v50_h33,0.0050535001792013645
v50_h79,v50_h43,0.0050535001792013645
v50_h79,v50_h47,0.020214000716805458
v50_h79,v50_h113,0.0050535001792013645
v50_h79,v50_h121,0.0050535001792013645
v50_h80,v50_h27,0.010107000358402729
v50_h80,v50_h33,0.015159999951720238
v50_h80,v50_h47,0.020214000716805458
v50_h80,v50_h113,0.0050535001792013645
v50_h80,v50_h210,0.0050535001792013645
v50_h83,v50_h27,0.0050535001792013645
v50_h83,v50_h33,0.0050535001792013645
v50_h83,v50_h43,0.010107000358402729
v50_h83,v50_h47,0.0050535001792013645
v50_h83,v50_h113,0.0050535001792013645
v50_h83,v50_h200,0.010107000358402729
v50_h84,v50_h210,0.0050535001792013645
v50_h85,v50_h23,0.0050535001792013645
v50_h85,v50_h43,0.0050535001792013645
v50_h85,v50_h47,0.010107000358402729
v50_h85,v50_h143,0.0050535001792013645
v50_h87,v50_h23,0.0050535001792013645
v50_h87,v50_h27,0.010107000358402729
v50_h87,v50_h33,0.0050535001792013645
v50_h87,v50_h43,0.010107000358402729
v50_h87,v50_h47,0.0862480029463768
v50_h87,v50_h113,0.0050535001792013645
v50_h87,v50_h121,0.010107000358402729
v50_h87,v50_h143,0.0050535001792013645
v50_h87,v50_h200,0.0050535001792013645
v50_h88,v50_h200,0.0050535001792013645
v50_h89,v50_h23,0.0050535001792013645
v50_h89,v50_h27,0.0050535001792013645
v50_h89,v50_h33,0.015159999951720238
v50_h89,v50_h43,0.0050535001792013645
v50_h89,v50_h47,0.010107000358402729
v50_h89,v50_h121,0.0050535001792013645
v50_h89,v50_h143,0.010107000358402729
v50_h89,v50_h200,0.010107000358402729
v50_h89,v50_h210,0.015159999951720238
v50_h9,v50_h23,0.0050535001792013645
v50_h9,v50_h27,0.025266999378800392
v50_h9,v50_h113,0.0050535001792013645
v50_h9,v50_h121,0.010107000358402729
v50_h9,v50_h200,0.09635499864816666
v50_h90,v50_h33,0.0050535001792013645
v50_h90,v50_h47,0.0050535001792013645
v50_h90,v50_h200,0.010107000358402729
v50_h90,v50_h210,0.0050535001792013645
v50_h92,v50_h113,0.0050535001792013645
v50_h92,v50_h200,0.010107000358402729
v50_h93,v50_h113,0.0050535001792013645
v50_h93,v50_h121,0.0050535001792013645
v50_h93,v50_h200,0.015159999951720238
v50_h94,v50_h113,0.0050535001792013645
v50_h94,v50_h200,0.015159999951720238
v50_h94,v50_h210,0.0050535001792013645
v50_h95,v50_h23,0.0050535001792013645
v50_h95,v50_h33,0.010107000358402729
v50_h95,v50_h47,0.010107000358402729
v50_h95,v50_h113,0.07614099979400635
v50_h95,v50_h121,0.010107000358402729
v50_h95,v50_h200,0.010107000358402729
v50_h96,v50_h27,0.0050535001792013645
v50_h96,v50_h33,0.010107000358402729
v50_h96,v50_h47,0.0050535001792013645
v50_h96,v50_h113,0.015159999951720238
v50_h96,v50_h121,0.0862480029463768
v50_h97,v50_h27,0.0050535001792013645
v50_h97,v50_h33,0.010107000358402729
v50_h97,v50_h43,0.0050535001792013645
v50_h97,v50_h113,0.0050535001792013645
v50_h97,v50_h121,0.0050535001792013645
v50_h97,v50_h200,0.010107000358402729
v50_h98,v50_h33,0.0050535001792013645
v50_h98,v50_h113,0.0050535001792013645
v50_h98,v50_h200,0.015159999951720238
v51_h1,v51_h191,0.004127100110054016
v51_h10,v51_h11,0.08487799763679504
v51_h10,v51_h52,0.008254200220108032
v51_h10,v51_h142,0.004127100110054016
v51_h10,v51_h191,0.008254200220108032
v51_h100,v51_h11,0.004127100110054016
v51_h100,v51_h52,0.008254200220108032
v51_h100,v51_h55,0.004127100110054016
v51_h100,v51_h142,0.004127100110054016
v51_h100,v51_h191,0.08075100183486938
v51_h101,v51_h11,0.008254200220108032
v51_h101,v51_h52,0.06836999952793121
v51_h101,v51_h55,0.012381000444293022
v51_h101,v51_h191,0.008254200220108032
v51_h102,v51_h52,0.012381000444293022
v51_h102,v51_h55,0.012381000444293022
v51_h102,v51_h94,0.004127100110054016
v51_h102,v51_h142,0.004127100110054016
v51_h102,v51_h191,0.008254200220108032
v51_h104,v51_h52,0.004127100110054016
v51_h104,v51_h55,0.004127100110054016
v51_h104,v51_h94,0.004127100110054016
v51_h104,v51_h191,0.012381000444293022
v51_h105,v51_h191,0.004127100110054016
v51_h106,v51_h11,0.008254200220108032
v51_h106,v51_h52,0.004127100110054016
v51_h106,v51_h94,0.004127100110054016
v51_h106,v51_h191,0.008254200220108032
v51_h107,v51_h52,0.004127100110054016
v51_h107,v51_h55,0.008254200220108032
v51_h107,v51_h142,0.004127100110054016
v51_h107,v51_h191,0.008254200220108032
v51_h108,v51_h52,0.004127100110054016
v51_h11,v51_h52,0.004127100110054016
v51_h111,v51_h11,0.004127100110054016
v51_h111,v51_h52,0.012381000444293022
v51_h111,v51_h142,0.004127100110054016
v51_h111,v51_h191,0.08487799763679504
v51_h112,v51_h11,0.06424199789762497
v51_h112,v51_h94,0.004127100110054016
v51_h112,v51_h191,0.012381000444293022
v51_h113,v51_h191,0.004127100110054016
v51_h114,v51_h11,0.004127100110054016
v51_h114,v51_h52,0.008254200220108032
v51_h114,v51_h55,0.004127100110054016
v51_h114,v51_h94,0.004127100110054016
v51_h114,v51_h191,0.020634999498724937
v51_h12,v51_h11,0.07662399858236313
v51_h12,v51_h52,0.004127100110054016
v51_h12,v51_h55,0.008254200220108032
v51_h12,v51_h191,0.004127100110054016
v51_h13,v51_h11,0.07662399858236313
v51_h13,v51_h55,0.004127100110054016
v51_h13,v51_h94,0.004127100110054016
v51_h13,v51_h191,0.020634999498724937
v51_h14,v51_h11,0.008254200220108032
v51_h14,v51_h52,0.004127100110054016
v51_h14,v51_h94,0.004127100110054016
v51_h14,v51_h191,0.07662399858236313
v51_h15,v51_h11,0.01650799997150898
v51_h15,v51_h52,0.004127100110054016
v51_h15,v51_h94,0.012381000444293022
v51_h15,v51_h191,0.08075100183486938
v51_h16,v51_h11,0.012381000444293022
v51_h16,v51_h55,0.004127100110054016
v51_h16,v51_h191,0.012381000444293022
v51_h18,v51_h11,0.012381000444293022
v51_h18,v51_h52,0.004127100110054016
v51_h18,v51_h55,0.004127100110054016
v51_h18,v51_h191,0.012381000444293022
v51_h19,v51_h11,0.012381000444293022
v51_h19,v51_h52,0.004127100110054016
v51_h19,v51_h55,0.004127100110054016
v51_h19,v51_h94,0.012381000444293022
v51_h19,v51_h191,0.008254200220108032
v51_h2,v51_h52,0.004127100110054016
v51_h2,v51_h94,0.004127100110054016
v51_h2,v51_h191,0.08075100183486938
v51_h21,v51_h11,0.008254200220108032
v51_h21,v51_h52,0.004127100110054016
v51_h21,v51_h191,0.008254200220108032
v51_h22,v51_h11,0.012381000444293022
v51_h22,v51_h52,0.01650799997150898
v51_h22,v51_h55,0.01650799997150898
v51_h22,v51_h94,0.004127100110054016
v51_h22,v51_h191,0.012381000444293022
v51_h24,v51_h11,0.08075100183486938
v51_h24,v51_h52,0.008254200220108032
v51_h24,v51_h191,0.012381000444293022
v51_h25,v51_h11,0.012381000444293022
v51_h25,v51_h52,0.012381000444293022
v51_h25,v51_h55,0.008254200220108032
v51_h25,v51_h94,0.004127100110054016
v51_h25,v51_h191,0.004127100110054016
v51_h26,v51_h11,0.008254200220108032
v51_h26,v51_h52,0.024762999266386032
v51_h26,v51_h55,0.01650799997150898
v51_h26,v51_h191,0.008254200220108032
v51_h27,v51_h11,0.06836999952793121
v51_h27,v51_h52,0.012381000444293022
v51_h27,v51_h55,0.004127100110054016
v51_h29,v51_h52,0.09313199669122696
v51_h29,v51_h55,0.024762999266386032
v51_h29,v51_h191,0.004127100110054016
v51_h3,v51_h52,0.01650799997150898
v51_h3,v51_h191,0.09313199669122696
v51_h31,v51_h11,0.004127100110054016
v51_h31,v51_h52,0.012381000444293022
v51_h31,v51_h55,0.07662399858236313
v51_h32,v51_h11,0.004127100110054016
v51_h32,v51_h52,0.008254200220108032
v51_h32,v51_h55,0.008254200220108032
v51_h35,v51_h52,0.01650799997150898
v51_h35,v51_h55,0.012381000444293022
v51_h35,v51_h191,0.004127100110054016
v51_h4,v51_h52,0.008254200220108032
v51_h4,v51_h55,0.004127100110054016
v51_h4,v51_h191,0.09313199669122696
v51_h41,v51_h11,0.004127100110054016
v51_h41,v51_h52,0.08487799763679504
v51_h41,v51_h55,0.01650799997150898
v51_h41,v51_h191,0.008254200220108032
v51_h42,v51_h11,0.008254200220108032
v51_h42,v51_h52,0.09725899994373322
v51_h42,v51_h55,0.008254200220108032
v51_h42,v51_h191,0.008254200220108032
v51_h43,v51_h52,0.008254200220108032
v51_h43,v51_h191,0.004127100110054016
v51_h44,v51_h52,0.004127100110054016
v51_h45,v51_h52,0.04127100110054016
v51_h45,v51_h55,0.01650799997150898
v51_h45,v51_h191,0.004127100110054016
v51_h46,v51_h11,0.004127100110054016
v51_h46,v51_h52,0.0890050008893013
v51_h46,v51_h55,0.020634999498724937
v51_h48,v51_h11,0.008254200220108032
v51_h48,v51_h52,0.03301699832081795
v51_h48,v51_h55,0.012381000444293022
v51_h48,v51_h191,0.008254200220108032
v51_h49,v51_h55,0.004127100110054016
v51_h5,v51_h55,0.004127100110054016
v51_h5,v51_h94,0.004127100110054016
v51_h5,v51_h142,0.004127100110054016
v51_h5,v51_h191,0.08075100183486938
v51_h50,v51_h11,0.004127100110054016
v51_h50,v51_h52,0.024762999266386032
v51_h50,v51_h55,0.08075100183486938
v51_h50,v51_h142,0.004127100110054016
v51_h50,v51_h191,0.008254200220108032
v51_h54,v51_h52,0.01650799997150898
v51_h54,v51_h55,0.08487799763679504
v51_h54,v51_h142,0.004127100110054016
v51_h55,v51_h52,0.08487799763679504
v51_h56,v51_h11,0.004127100110054016
v51_h56,v51_h52,0.07249700278043747
v51_h56,v51_h55,0.08075100183486938
v51_h57,v51_h11,0.004127100110054016
v51_h57,v51_h52,0.10138999670743942
v51_h57,v51_h55,0.0890050008893013
v51_h58,v51_h11,0.004127100110054016
v51_h58,v51_h52,0.09725899994373322
v51_h58,v51_h55,0.024762999266386032
v51_h58,v51_h191,0.004127100110054016
v51_h59,v51_h52,0.08075100183486938
v51_h59,v51_h55,0.012381000444293022
v51_h6,v51_h52,0.004127100110054016
v51_h6,v51_h55,0.008254200220108032
v51_h6,v51_h191,0.07662399858236313
v51_h60,v51_h52,0.08487799763679504
v51_h60,v51_h55,0.01650799997150898
v51_h61,v51_h11,0.004127100110054016
v51_h61,v51_h52,0.0890050008893013
v51_h61,v51_h55,0.01650799997150898
v51_h61,v51_h191,0.008254200220108032
v51_h62,v51_h52,0.08075100183486938
v51_h62,v51_h55,0.012381000444293022
v51_h62,v51_h142,0.004127100110054016
v51_h63,v51_h52,0.02889000065624714
v51_h63,v51_h55,0.020634999498724937
v51_h65,v51_h11,0.004127100110054016
v51_h65,v51_h52,0.020634999498724937
v51_h65,v51_h55,0.08487799763679504
v51_h65,v51_h191,0.004127100110054016
v51_h66,v51_h11,0.004127100110054016
v51_h66,v51_h52,0.08075100183486938
v51_h66,v51_h55,0.0890050008893013
v51_h66,v51_h94,0.004127100110054016
v51_h66,v51_h191,0.004127100110054016
v51_h67,v51_h52,0.024762999266386032
v51_h67,v51_h55,0.024762999266386032
v51_h67,v51_h191,0.004127100110054016
v51_h69,v51_h11,0.008254200220108032
v51_h69,v51_h52,0.020634999498724937
v51_h69,v51_h55,0.01650799997150898
v51_h69,v51_h142,0.004127100110054016
v51_h69,v51_h191,0.020634999498724937
v51_h70,v51_h11,0.008254200220108032
v51_h70,v51_h52,0.008254200220108032
v51_h70,v51_h55,0.008254200220108032
v51_h70,v51_h142,0.004127100110054016
v51_h70,v51_h191,0.008254200220108032
v51_h71,v51_h11,0.004127100110054016
v51_h71,v51_h52,0.012381000444293022
v51_h71,v51_h55,0.012381000444293022
v51_h71,v51_h142,0.004127100110054016
v51_h71,v51_h191,0.004127100110054016
v51_h72,v51_h11,0.008254200220108032
v51_h72,v51_h52,0.012381000444293022
v51_h72,v51_h55,0.012381000444293022
v51_h72,v51_h142,0.06424199789762497
v51_h72,v51_h191,0.012381000444293022
v51_h73,v51_h11,0.008254200220108032
v51_h73,v51_h52,0.012381000444293022
v51_h73,v51_h55,0.07662399858236313
v51_h73,v51_h94,0.008254200220108032
v51_h73,v51_h142,0.004127100110054016
v51_h73,v51_h191,0.008254200220108032
v51_h74,v51_h11,0.012381000444293022
v51_h74,v51_h52,0.01650799997150898
v51_h74,v51_h55,0.008254200220108032
v51_h74,v51_h142,0.004127100110054016
v51_h74,v51_h191,0.08487799763679504
v51_h75,v51_h94,0.0890050008893013
v51_h75,v51_h191,0.008254200220108032
v51_h76,v51_h94,0.08075100183486938
v51_h76,v51_h191,0.004127100110054016
v51_h78,v51_h94,0.004127100110054016
v51_h79,v51_h94,0.012381000444293022
v51_h83,v51_h94,0.07662399858236313
v51_h84,v51_h94,0.004127100110054016
v51_h85,v51_h11,0.004127100110054016
v51_h85,v51_h52,0.004127100110054016
v51_h85,v51_h55,0.004127100110054016
v51_h85,v51_h94,0.020634999498724937
v51_h87,v51_h94,0.012381000444293022
v51_h87,v51_h191,0.004127100110054016
v51_h88,v51_h94,0.004127100110054016
v51_h89,v51_h52,0.004127100110054016
v51_h89,v51_h55,0.004127100110054016
v51_h89,v51_h94,0.012381000444293022
v51_h9,v51_h11,0.07662399858236313
v51_h9,v51_h52,0.06424199789762497
v51_h9,v51_h55,0.004127100110054016
v51_h9,v51_h142,0.004127100110054016
v51_h9,v51_h191,0.008254200220108032
v51_h90,v51_h94,0.01650799997150898
v51_h91,v51_h11,0.004127100110054016
v51_h91,v51_h52,0.004127100110054016
v51_h91,v51_h94,0.004127100110054016
v51_h91,v51_h191,0.008254200220108032
v51_h92,v51_h94,0.08487799763679504
v51_h93,v51_h94,0.0890050008893013
v51_h95,v51_h11,0.004127100110054016
v51_h95,v51_h55,0.004127100110054016
v51_h95,v51_h94,0.08075100183486938
v51_h96,v51_h55,0.004127100110054016
v51_h96,v51_h94,0.008254200220108032
v51_h97,v51_h55,0.004127100110054016
v51_h97,v51_h94,0.012381000444293022
v51_h97,v51_h191,0.008254200220108032
v51_h98,v51_h11,0.004127100110054016
v51_h98,v51_h52,0.020634999498724937
v51_h98,v51_h55,0.008254200220108032
v51_h98,v51_h94,0.008254200220108032
v51_h98,v51_h191,0.004127100110054016
v52_h1,v52_h11,0.004405200015753508
v52_h1,v52_h46,0.01321600005030632
v52_h1,v52_h145,0.004405200015753508
v52_h1,v52_h178,0.004405200015753508
v52_h10,v52_h11,0.0928030014038086
v52_h10,v52_h46,0.022026000544428825
v52_h10,v52_h68,0.008810400031507015
v52_h10,v52_h121,0.004405200015753508
v52_h10,v52_h145,0.008810400031507015
v52_h10,v52_h178,0.017620999366044998
v52_h100,v52_h121,0.01321600005030632
v52_h100,v52_h178,0.004405200015753508
v52_h101,v52_h46,0.004405200015753508
v52_h101,v52_h121,0.035241998732089996
v52_h102,v52_h121,0.008810400031507015
v52_h104,v52_h11,0.004405200015753508
v52_h104,v52_h121,0.01321600005030632
v52_h104,v52_h145,0.004405200015753508
v52_h104,v52_h155,0.008810400031507015
v52_h104,v52_h178,0.008810400031507015
v52_h105,v52_h121,0.017620999366044998
v52_h105,v52_h178,0.004405200015753508
v52_h106,v52_h121,0.008810400031507015
v52_h106,v52_h178,0.004405200015753508
v52_h107,v52_h68,0.004405200015753508
v52_h107,v52_h121,0.01321600005030632
v52_h107,v52_h178,0.004405200015753508
v52_h108,v52_h68,0.004405200015753508
v52_h108,v52_h121,0.01321600005030632
v52_h108,v52_h155,0.004405200015753508
v52_h108,v52_h178,0.004405200015753508
v52_h11,v52_h178,0.004405200015753508
v52_h110,v52_h11,0.004405200015753508
v52_h110,v52_h121,0.03083599917590618
v52_h110,v52_h178,0.008810400031507015
v52_h111,v52_h121,0.035241998732089996
v52_h112,v52_h11,0.004405200015753508
v52_h112,v52_h46,0.004405200015753508
v52_h112,v52_h121,0.03083599917590618
v52_h112,v52_h145,0.004405200015753508
v52_h112,v52_h178,0.008810400031507015
v52_h113,v52_h121,0.017620999366044998
v52_h113,v52_h178,0.06637199968099594
v52_h114,v52_h121,0.01321600005030632
v52_h114,v52_h178,0.004405200015753508
v52_h12,v52_h11,0.10160999745130539
v52_h12,v52_h46,0.01321600005030632
v52_h12,v52_h178,0.004405200015753508
v52_h13,v52_h11,0.10160999745130539
v52_h13,v52_h46,0.004405200015753508
v52_h14,v52_h11,0.10160999745130539
v52_h14,v52_h46,0.004405200015753508
v52_h14,v52_h145,0.008810400031507015
v52_h14,v52_h178,0.004405200015753508
v52_h15,v52_h11,0.08839800208806992
v52_h15,v52_h254,0.004405200015753508
v52_h16,v52_h11,0.10160999745130539
v52_h16,v52_h145,0.004405200015753508
v52_h16,v52_h254,0.004405200015753508
v52_h17,v52_h11,0.10160999745130539
v52_h17,v52_h46,0.004405200015753508
v52_h17,v52_h68,0.004405200015753508
v52_h17,v52_h254,0.004405200015753508
v52_h18,v52_h11,0.0928030014038086
v52_h18,v52_h145,0.004405200015753508
v52_h19,v52_h11,0.01321600005030632
v52_h19,v52_h145,0.07077699899673462
v52_h19,v52_h155,0.004405200015753508
v52_h2,v52_h11,0.01321600005030632
v52_h2,v52_h46,0.01321600005030632
v52_h2,v52_h121,0.004405200015753508
v52_h2,v52_h145,0.004405200015753508
v52_h2,v52_h178,0.008810400031507015
v52_h21,v52_h11,0.017620999366044998
v52_h21,v52_h46,0.004405200015753508
v52_h22,v52_h11,0.08839800208806992
v52_h22,v52_h46,0.008810400031507015
v52_h22,v52_h121,0.004405200015753508
v52_h24,v52_h46,0.07077699899673462
v52_h24,v52_h145,0.004405200015753508
v52_h25,v52_h11,0.01321600005030632
v52_h25,v52_h46,0.01321600005030632
v52_h25,v52_h68,0.004405200015753508
v52_h25,v52_h145,0.004405200015753508
v52_h26,v52_h46,0.01321600005030632
v52_h26,v52_h145,0.004405200015753508
v52_h26,v52_h155,0.004405200015753508
v52_h26,v52_h178,0.004405200015753508
v52_h27,v52_h11,0.004405200015753508
v52_h27,v52_h46,0.017620999366044998
v52_h27,v52_h145,0.004405200015753508
v52_h27,v52_h155,0.004405200015753508
v52_h27,v52_h178,0.004405200015753508
v52_h29,v52_h46,0.004405200015753508
v52_h29,v52_h178,0.004405200015753508
v52_h3,v52_h11,0.004405200015753508
v52_h3,v52_h46,0.008810400031507015
v52_h31,v52_h11,0.004405200015753508
v52_h31,v52_h145,0.004405200015753508
v52_h31,v52_h155,0.004405200015753508
v52_h31,v52_h178,0.008810400031507015
v52_h32,v52_h11,0.004405200015753508
v52_h32,v52_h155,0.004405200015753508
v52_h32,v52_h178,0.017620999366044998
v52_h35,v52_h121,0.004405200015753508
v52_h40,v52_h46,0.08399199694395065
v52_h40,v52_h145,0.01321600005030632
v52_h41,v52_h46,0.026430999860167503
v52_h41,v52_h145,0.0751819983124733
v52_h41,v52_h155,0.004405200015753508
v52_h41,v52_h178,0.004405200015753508
v52_h42,v52_h46,0.017620999366044998
v52_h42,v52_h145,0.008810400031507015
v52_h42,v52_h178,0.004405200015753508
v52_h42,v52_h254,0.004405200015753508
v52_h43,v52_h46,0.03083599917590618
v52_h43,v52_h145,0.004405200015753508
v52_h43,v52_h254,0.01321600005030632
v52_h44,v52_h11,0.004405200015753508
v52_h44,v52_h46,0.0928030014038086
v52_h44,v52_h145,0.004405200015753508
v52_h44,v52_h178,0.004405200015753508
v52_h45,v52_h11,0.004405200015753508
v52_h45,v52_h46,0.08399199694395065
v52_h45,v52_h145,0.004405200015753508
v52_h45,v52_h155,0.004405200015753508
v52_h45,v52_h178,0.008810400031507015
v52_h46,v52_h145,0.004405200015753508
v52_h46,v52_h178,0.008810400031507015
v52_h48,v52_h11,0.004405200015753508
v52_h48,v52_h145,0.004405200015753508
v52_h49,v52_h11,0.004405200015753508
v52_h49,v52_h46,0.017620999366044998
v52_h49,v52_h145,0.008810400031507015
v52_h49,v52_h155,0.004405200015753508
v52_h49,v52_h178,0.01321600005030632
v52_h5,v52_h46,0.01321600005030632
v52_h50,v52_h11,0.004405200015753508
v52_h50,v52_h68,0.008810400031507015
v52_h50,v52_h145,0.06637199968099594
v52_h50,v52_h155,0.008810400031507015
v52_h50,v52_h178,0.008810400031507015
v52_h50,v52_h254,0.004405200015753508
v52_h54,v52_h68,0.08399199694395065
v52_h54,v52_h254,0.004405200015753508
v52_h55,v52_h11,0.004405200015753508
v52_h55,v52_h46,0.004405200015753508
v52_h55,v52_h68,0.0928030014038086
v52_h55,v52_h145,0.004405200015753508
v52_h55,v52_h178,0.004405200015753508
v52_h55,v52_h254,0.008810400031507015
v52_h56,v52_h46,0.004405200015753508
v52_h56,v52_h68,0.08839800208806992
v52_h57,v52_h46,0.008810400031507015
v52_h57,v52_h68,0.01321600005030632
v52_h57,v52_h145,0.004405200015753508
v52_h57,v52_h254,0.004405200015753508
v52_h58,v52_h46,0.008810400031507015
v52_h58,v52_h68,0.004405200015753508
v52_h58,v52_h155,0.004405200015753508
v52_h6,v52_h46,0.008810400031507015
v52_h6,v52_h68,0.004405200015753508
v52_h6,v52_h145,0.004405200015753508
v52_h60,v52_h46,0.004405200015753508
v52_h60,v52_h68,0.01321600005030632
v52_h61,v52_h46,0.004405200015753508
v52_h61,v52_h145,0.004405200015753508
v52_h62,v52_h11,0.008810400031507015
v52_h62,v52_h178,0.004405200015753508
v52_h62,v52_h254,0.004405200015753508
v52_h63,v52_h11,0.0751819983124733
v52_h63,v52_h46,0.004405200015753508
v52_h63,v52_h178,0.004405200015753508
v52_h63,v52_h254,0.004405200015753508
v52_h65,v52_h11,0.08839800208806992
v52_h65,v52_h68,0.004405200015753508
v52_h66,v52_h11,0.004405200015753508
v52_h66,v52_h46,0.008810400031507015
v52_h66,v52_h68,0.07077699899673462
v52_h66,v52_h178,0.008810400031507015
v52_h66,v52_h254,0.004405200015753508
v52_h67,v52_h68,0.01321600005030632
v52_h67,v52_h121,0.004405200015753508
v52_h67,v52_h145,0.004405200015753508
v52_h67,v52_h254,0.004405200015753508
v52_h69,v52_h46,0.004405200015753508
v52_h69,v52_h68,0.07958699762821198
v52_h70,v52_h68,0.026430999860167503
v52_h70,v52_h155,0.004405200015753508
v52_h70,v52_h254,0.004405200015753508
v52_h71,v52_h68,0.008810400031507015
v52_h72,v52_h46,0.004405200015753508
v52_h72,v52_h68,0.07958699762821198
v52_h72,v52_h145,0.004405200015753508
v52_h72,v52_h254,0.004405200015753508
v52_h73,v52_h11,0.004405200015753508
v52_h73,v52_h46,0.004405200015753508
v52_h73,v52_h68,0.008810400031507015
v52_h73,v52_h145,0.004405200015753508
v52_h73,v52_h178,0.004405200015753508
v52_h74,v52_h68,0.004405200015753508
v52_h74,v52_h145,0.004405200015753508
v52_h74,v52_h254,0.004405200015753508
v52_h75,v52_h11,0.004405200015753508
v52_h75,v52_h46,0.004405200015753508
v52_h75,v52_h68,0.004405200015753508
v52_h75,v52_h145,0.004405200015753508
v52_h75,v52_h155,0.004405200015753508
v52_h75,v52_h178,0.022026000544428825
v52_h75,v52_h254,0.004405200015753508
v52_h76,v52_h68,0.008810400031507015
v52_h76,v52_h155,0.008810400031507015
v52_h76,v52_h178,0.004405200015753508
v52_h76,v52_h254,0.008810400031507015
v52_h77,v52_h145,0.004405200015753508
v52_h77,v52_h155,0.004405200015753508
v52_h77,v52_h178,0.004405200015753508
v52_h78,v52_h145,0.004405200015753508
v52_h78,v52_h155,0.004405200015753508
v52_h79,v52_h46,0.004405200015753508
v52_h79,v52_h68,0.008810400031507015
v52_h79,v52_h145,0.004405200015753508
v52_h79,v52_h155,0.004405200015753508
v52_h81,v52_h121,0.09720800071954727
v52_h83,v52_h121,0.022026000544428825
v52_h84,v52_h121,0.0928030014038086
v52_h84,v52_h254,0.004405200015753508
v52_h85,v52_h121,0.0928030014038086
v52_h87,v52_h121,0.017620999366044998
v52_h88,v52_h121,0.01321600005030632
v52_h89,v52_h121,0.08839800208806992
v52_h89,v52_h178,0.004405200015753508
v52_h9,v52_h11,0.01321600005030632
v52_h9,v52_h145,0.07077699899673462
v52_h9,v52_h155,0.004405200015753508
v52_h90,v52_h121,0.08839800208806992
v52_h90,v52_h145,0.004405200015753508
v52_h91,v52_h121,0.026430999860167503
v52_h91,v52_h178,0.004405200015753508
v52_h92,v52_h121,0.03083599917590618
v52_h92,v52_h155,0.004405200015753508
v52_h92,v52_h178,0.004405200015753508
v52_h93,v52_h121,0.017620999366044998
v52_h94,v52_h121,0.017620999366044998
v52_h94,v52_h178,0.004405200015753508
v52_h95,v52_h121,0.01321600005030632
v52_h96,v52_h121,0.026430999860167503
v52_h97,v52_h121,0.01321600005030632
v52_h97,v52_h254,0.004405200015753508
v52_h98,v52_h121,0.004405200015753508
v52_h98,v52_h178,0.004405200015753508
v53_h10,v53_h41,0.09144199639558792
v53_h10,v53_h64,0.015199000015854836
v53_h100,v53_h41,0.010131999850273132
v53_h100,v53_h44,0.0050662001594901085
v53_h100,v53_h64,0.0050662001594901085
v53_h100,v53_h81,0.010131999850273132
v53_h101,v53_h41,0.08637599647045135
v53_h101,v53_h44,0.03546399995684624
v53_h101,v53_h64,0.025330999866127968
v53_h101,v53_h81,0.10664000362157822
v53_h102,v53_h41,0.010131999850273132
v53_h102,v53_h44,0.0050662001594901085
v53_h102,v53_h81,0.0050662001594901085
v53_h106,v53_h44,0.010131999850273132
v53_h106,v53_h64,0.0050662001594901085
v53_h108,v53_h44,0.0050662001594901085
v53_h11,v53_h41,0.025330999866127968
v53_h11,v53_h44,0.010131999850273132
v53_h11,v53_h64,0.010131999850273132
v53_h11,v53_h81,0.0050662001594901085
v53_h110,v53_h44,0.0050662001594901085
v53_h111,v53_h41,0.0050662001594901085
v53_h111,v53_h44,0.010131999850273132
v53_h111,v53_h81,0.0050662001594901085
v53_h113,v53_h41,0.0050662001594901085
v53_h113,v53_h44,0.0050662001594901085
v53_h114,v53_h41,0.0050662001594901085
v53_h114,v53_h44,0.0050662001594901085
v53_h114,v53_h64,0.010131999850273132
v53_h12,v53_h41,0.0202649999409914
v53_h13,v53_h41,0.010131999850273132
v53_h14,v53_h41,0.0202649999409914
v53_h15,v53_h41,0.010131999850273132
v53_h16,v53_h41,0.015199000015854836
v53_h16,v53_h44,0.025330999866127968
v53_h16,v53_h64,0.010131999850273132
v53_h16,v53_h81,0.0202649999409914
v53_h17,v53_h41,0.08130999654531479
v53_h17,v53_h64,0.0050662001594901085
v53_h17,v53_h81,0.0050662001594901085
v53_h18,v53_h41,0.0050662001594901085
v53_h18,v53_h44,0.010131999850273132
v53_h18,v53_h64,0.015199000015854836
v53_h18,v53_h81,0.0050662001594901085
v53_h19,v53_h41,0.10664000362157822
v53_h19,v53_h44,0.010131999850273132
v53_h19,v53_h64,0.0202649999409914
v53_h19,v53_h81,0.010131999850273132
v53_h2,v53_h44,0.010131999850273132
v53_h21,v53_h41,0.0202649999409914
v53_h21,v53_h44,0.0050662001594901085
v53_h22,v53_h41,0.015199000015854836
v53_h22,v53_h44,0.015199000015854836
v53_h22,v53_h64,0.0050662001594901085
v53_h22,v53_h81,0.0050662001594901085
v53_h24,v53_h41,0.030396999791264534
v53_h24,v53_h44,0.0050662001594901085
v53_h24,v53_h64,0.010131999850273132
v53_h25,v53_h44,0.010131999850273132
v53_h25,v53_h64,0.08130999654531479
v53_h25,v53_h81,0.0405299998819828
v53_h26,v53_h41,0.0050662001594901085
v53_h26,v53_h44,0.0202649999409914
v53_h26,v53_h64,0.015199000015854836
v53_h26,v53_h81,0.10664000362157822
v53_h27,v53_h44,0.010131999850273132
v53_h27,v53_h64,0.015199000015854836
v53_h27,v53_h81,0.09650900214910507
v53_h29,v53_h41,0.0050662001594901085
v53_h29,v53_h44,0.025330999866127968
v53_h29,v53_h64,0.030396999791264534
v53_h29,v53_h81,0.03546399995684624
v53_h3,v53_h41,0.010131999850273132
v53_h3,v53_h44,0.010131999850273132
v53_h3,v53_h64,0.010131999850273132
v53_h31,v53_h41,0.010131999850273132
v53_h31,v53_h44,0.025330999866127968
v53_h31,v53_h64,0.025330999866127968
v53_h31,v53_h81,0.11170999705791473
v53_h32,v53_h41,0.015199000015854836
v53_h32,v53_h44,0.025330999866127968
v53_h32,v53_h64,0.10664000362157822
v53_h32,v53_h81,0.11676999926567078
v53_h35,v53_h41,0.0050662001594901085
v53_h35,v53_h44,0.1015700027346611
v53_h35,v53_h64,0.08130999654531479
v53_h35,v53_h81,0.03546399995684624
v53_h4,v53_h41,0.1015700027346611
v53_h4,v53_h44,0.0202649999409914
v53_h4,v53_h64,0.09144199639558792
v53_h4,v53_h81,0.015199000015854836
v53_h40,v53_h41,0.09144199639558792
v53_h40,v53_h44,0.0050662001594901085
v53_h40,v53_h64,0.010131999850273132
v53_h40,v53_h81,0.015199000015854836
v53_h41,v53_h44,0.015199000015854836
v53_h41,v53_h64,0.0202649999409914
v53_h41,v53_h81,0.0050662001594901085
v53_h42,v53_h41,0.1015700027346611
v53_h42,v53_h44,0.11170999705791473
v53_h42,v53_h64,0.0202649999409914
v53_h42,v53_h81,0.0405299998819828
v53_h43,v53_h41,0.09144199639558792
v53_h43,v53_h44,0.1421000063419342
v53_h43,v53_h64,0.030396999791264534
v53_h43,v53_h81,0.03546399995684624
v53_h44,v53_h41,0.015199000015854836
v53_h44,v53_h64,0.025330999866127968
v53_h44,v53_h81,0.03546399995684624
v53_h45,v53_h41,0.025330999866127968
v53_h45,v53_h44,0.14717000722885132
v53_h45,v53_h64,0.030396999791264534
v53_h45,v53_h81,0.025330999866127968
v53_h46,v53_h41,0.0050662001594901085
v53_h46,v53_h44,0.126910001039505
v53_h46,v53_h64,0.015199000015854836
v53_h46,v53_h81,0.015199000015854836
v53_h48,v53_h41,0.0202649999409914
v53_h48,v53_h44,0.11676999926567078
v53_h48,v53_h64,0.0202649999409914
v53_h48,v53_h81,0.015199000015854836
v53_h49,v53_h44,0.11676999926567078
v53_h49,v53_h64,0.015199000015854836
v53_h49,v53_h81,0.025330999866127968
v53_h5,v53_h41,0.1015700027346611
v53_h5,v53_h44,0.025330999866127968
v53_h5,v53_h64,0.09144199639558792
v53_h5,v53_h81,0.03546399995684624
v53_h50,v53_h44,0.010131999850273132
v53_h50,v53_h64,0.0050662001594901085
v53_h54,v53_h41,0.015199000015854836
v53_h54,v53_h44,0.0405299998819828
v53_h54,v53_h64,0.0202649999409914
v53_h54,v53_h81,0.04559599980711937
v53_h55,v53_h41,0.010131999850273132
v53_h55,v53_h44,0.09650900214910507
v53_h55,v53_h64,0.010131999850273132
v53_h55,v53_h81,0.025330999866127968
v53_h56,v53_h41,0.015199000015854836
v53_h56,v53_h44,0.030396999791264534
v53_h56,v53_h64,0.025330999866127968
v53_h56,v53_h81,0.04559599980711937
v53_h57,v53_h41,0.010131999850273132
v53_h57,v53_h44,0.03546399995684624
v53_h57,v53_h64,0.0202649999409914
v53_h57,v53_h81,0.025330999866127968
v53_h58,v53_h41,0.025330999866127968
v53_h58,v53_h44,0.050661999732255936
v53_h58,v53_h64,0.09650900214910507
v53_h58,v53_h81,0.1015700027346611
v53_h59,v53_h41,0.08637599647045135
v53_h59,v53_h44,0.03546399995684624
v53_h59,v53_h64,0.030396999791264534
v53_h59,v53_h81,0.03546399995684624
v53_h6,v53_h41,0.0405299998819828
v53_h6,v53_h44,0.09144199639558792
v53_h6,v53_h64,0.03546399995684624
v53_h6,v53_h81,0.030396999791264534
v53_h60,v53_h41,0.0405299998819828
v53_h60,v53_h44,0.12184000015258789
v53_h60,v53_h64,0.11170999705791473
v53_h60,v53_h81,0.15223999321460724
v53_h61,v53_h41,0.015199000015854836
v53_h61,v53_h44,0.09144199639558792
v53_h61,v53_h64,0.0202649999409914
v53_h61,v53_h81,0.10664000362157822
v53_h62,v53_h41,0.09650900214910507
v53_h62,v53_h44,0.030396999791264534
v53_h62,v53_h64,0.010131999850273132
v53_h62,v53_h81,0.0202649999409914
v53_h63,v53_h41,0.025330999866127968
v53_h63,v53_h44,0.030396999791264534
v53_h63,v53_h64,0.12184000015258789
v53_h63,v53_h81,0.09650900214910507
v53_h65,v53_h41,0.010131999850273132
v53_h65,v53_h44,0.0202649999409914
v53_h65,v53_h64,0.010131999850273132
v53_h65,v53_h81,0.08130999654531479
v53_h66,v53_h41,0.0050662001594901085
v53_h66,v53_h44,0.03546399995684624
v53_h66,v53_h64,0.08637599647045135
v53_h66,v53_h81,0.09144199639558792
v53_h67,v53_h41,0.0202649999409914
v53_h67,v53_h44,0.12184000015258789
v53_h67,v53_h64,0.030396999791264534
v53_h67,v53_h81,0.03546399995684624
v53_h69,v53_h41,0.015199000015854836
v53_h69,v53_h44,0.11676999926567078
v53_h69,v53_h64,0.08637599647045135
v53_h69,v53_h81,0.025330999866127968
v53_h70,v53_h41,0.09144199639558792
v53_h70,v53_h44,0.025330999866127968
v53_h70,v53_h64,0.010131999850273132
v53_h70,v53_h81,0.03546399995684624
v53_h71,v53_h44,0.010131999850273132
v53_h71,v53_h81,0.010131999850273132
v53_h72,v53_h41,0.025330999866127968
v53_h72,v53_h44,0.09144199639558792
v53_h72,v53_h64,0.03546399995684624
v53_h72,v53_h81,0.11676999926567078
v53_h73,v53_h64,0.0050662001594901085
v53_h73,v53_h81,0.015199000015854836
v53_h74,v53_h41,0.025330999866127968
v53_h74,v53_h44,0.1421000063419342
v53_h74,v53_h64,0.04559599980711937
v53_h74,v53_h81,0.126910001039505
v53_h75,v53_h41,0.015199000015854836
v53_h75,v53_h44,0.030396999791264534
v53_h75,v53_h64,0.025330999866127968
v53_h75,v53_h81,0.11170999705791473
v53_h76,v53_h41,0.0050662001594901085
v53_h76,v53_h44,0.0202649999409914
v53_h76,v53_h64,0.0050662001594901085
v53_h76,v53_h81,0.025330999866127968
v53_h77,v53_h41,0.0050662001594901085
v53_h77,v53_h44,0.0202649999409914
v53_h77,v53_h64,0.0050662001594901085
v53_h77,v53_h81,0.025330999866127968
v53_h78,v53_h41,0.025330999866127968
v53_h78,v53_h44,0.030396999791264534
v53_h78,v53_h64,0.03546399995684624
v53_h78,v53_h81,0.10664000362157822
v53_h79,v53_h41,0.0050662001594901085
v53_h79,v53_h44,0.0202649999409914
v53_h79,v53_h64,0.015199000015854836
v53_h79,v53_h81,0.030396999791264534
v53_h80,v53_h41,0.010131999850273132
v53_h80,v53_h44,0.025330999866127968
v53_h80,v53_h64,0.010131999850273132
v53_h80,v53_h81,0.09650900214910507
v53_h81,v53_h41,0.0050662001594901085
v53_h81,v53_h44,0.03546399995684624
v53_h81,v53_h64,0.030396999791264534
v53_h83,v53_h41,0.030396999791264534
v53_h83,v53_h44,0.04559599980711937
v53_h83,v53_h64,0.030396999791264534
v53_h83,v53_h81,0.11170999705791473
v53_h84,v53_h44,0.010131999850273132
v53_h84,v53_h64,0.0050662001594901085
v53_h84,v53_h81,0.015199000015854836
v53_h85,v53_h41,0.0202649999409914
v53_h85,v53_h44,0.030396999791264534
v53_h85,v53_h64,0.03546399995684624
v53_h85,v53_h81,0.030396999791264534
v53_h87,v53_h41,0.025330999866127968
v53_h87,v53_h44,0.126910001039505
v53_h87,v53_h64,0.03546399995684624
v53_h87,v53_h81,0.11676999926567078
v53_h88,v53_h41,0.010131999850273132
v53_h88,v53_h44,0.09144199639558792
v53_h88,v53_h64,0.010131999850273132
v53_h88,v53_h81,0.1015700027346611
v53_h89,v53_h41,0.0050662001594901085
v53_h89,v53_h44,0.015199000015854836
v53_h89,v53_h64,0.015199000015854836
v53_h89,v53_h81,0.07624399662017822
v53_h9,v53_h41,0.010131999850273132
v53_h9,v53_h44,0.010131999850273132
v53_h9,v53_h64,0.08130999654531479
v53_h9,v53_h81,0.010131999850273132
v53_h90,v53_h41,0.010131999850273132
v53_h90,v53_h44,0.015199000015854836
v53_h90,v53_h64,0.010131999850273132
v53_h90,v53_h81,0.025330999866127968
v53_h91,v53_h41,0.0202649999409914
v53_h91,v53_h44,0.0202649999409914
v53_h91,v53_h64,0.09144199639558792
v53_h91,v53_h81,0.025330999866127968
v53_h92,v53_h41,0.08637599647045135
v53_h92,v53_h44,0.10664000362157822
v53_h92,v53_h64,0.09650900214910507
v53_h92,v53_h81,0.05572900176048279
v53_h93,v53_h41,0.0050662001594901085
v53_h93,v53_h44,0.0050662001594901085
v53_h93,v53_h64,0.0050662001594901085
v53_h93,v53_h81,0.0050662001594901085
v53_h94,v53_h44,0.0050662001594901085
v53_h94,v53_h81,0.0202649999409914
v53_h95,v53_h41,0.010131999850273132
v53_h95,v53_h81,0.0050662001594901085
v53_h96,v53_h41,0.0202649999409914
v53_h96,v53_h44,0.0050662001594901085
v53_h96,v53_h64,0.010131999850273132
v53_h96,v53_h81,0.0050662001594901085
v53_h97,v53_h44,0.0050662001594901085
v53_h98,v53_h41,0.0202649999409914
v53_h98,v53_h44,0.015199000015854836
v53_h98,v53_h64,0.010131999850273132
v53_h98,v53_h81,0.010131999850273132
v54_h1,v54_h22,0.08070900291204453
v54_h1,v54_h24,0.004123600199818611
v54_h1,v54_h41,0.004123600199818611
v54_h10,v54_h22,0.08483300358057022
v54_h10,v54_h24,0.012370999902486801
v54_h10,v54_h41,0.004123600199818611
v54_h10,v54_h89,0.004123600199818611
v54_h100,v54_h22,0.004123600199818611
v54_h100,v54_h24,0.004123600199818611
v54_h100,v54_h41,0.004123600199818611
v54_h100,v54_h47,0.020617999136447906
v54_h100,v54_h89,0.012370999902486801
v54_h100,v54_h99,0.08483300358057022
v54_h101,v54_h22,0.004123600199818611
v54_h101,v54_h41,0.004123600199818611
v54_h101,v54_h47,0.01649400033056736
v54_h101,v54_h89,0.07246199995279312
v54_h101,v54_h99,0.08070900291204453
v54_h102,v54_h39,0.012370999902486801
v54_h102,v54_h41,0.07658600062131882
v54_h102,v54_h47,0.024741999804973602
v54_h102,v54_h79,0.008247200399637222
v54_h102,v54_h89,0.08070900291204453
v54_h102,v54_h99,0.10544999688863754
v54_h104,v54_h22,0.004123600199818611
v54_h104,v54_h39,0.004123600199818611
v54_h104,v54_h41,0.024741999804973602
v54_h104,v54_h47,0.03298899903893471
v54_h104,v54_h79,0.004123600199818611
v54_h104,v54_h89,0.008247200399637222
v54_h104,v54_h99,0.01649400033056736
v54_h105,v54_h39,0.004123600199818611
v54_h105,v54_h41,0.012370999902486801
v54_h105,v54_h47,0.07246199995279312
v54_h105,v54_h89,0.008247200399637222
v54_h105,v54_h99,0.08895699679851532
v54_h106,v54_h41,0.008247200399637222
v54_h106,v54_h47,0.004123600199818611
v54_h106,v54_h89,0.004123600199818611
v54_h106,v54_h99,0.08070900291204453
v54_h107,v54_h22,0.008247200399637222
v54_h107,v54_h24,0.004123600199818611
v54_h107,v54_h39,0.004123600199818611
v54_h107,v54_h41,0.07246199995279312
v54_h107,v54_h47,0.012370999902486801
v54_h107,v54_h79,0.004123600199818611
v54_h107,v54_h89,0.004123600199818611
v54_h107,v54_h99,0.08483300358057022
v54_h108,v54_h22,0.008247200399637222
v54_h108,v54_h41,0.008247200399637222
v54_h108,v54_h47,0.008247200399637222
v54_h108,v54_h89,0.008247200399637222
v54_h108,v54_h99,0.03298899903893471
v54_h11,v54_h22,0.020617999136447906
v54_h11,v54_h24,0.012370999902486801
v54_h11,v54_h39,0.004123600199818611
v54_h11,v54_h41,0.004123600199818611
v54_h11,v54_h47,0.008247200399637222
v54_h110,v54_h41,0.004123600199818611
v54_h110,v54_h47,0.008247200399637222
v54_h110,v54_h99,0.012370999902486801
v54_h111,v54_h22,0.06833899766206741
v54_h111,v54_h41,0.004123600199818611
v54_h111,v54_h47,0.01649400033056736
v54_h112,v54_h22,0.01649400033056736
v54_h112,v54_h24,0.008247200399637222
v54_h112,v54_h41,0.008247200399637222
v54_h112,v54_h47,0.008247200399637222
v54_h112,v54_h89,0.004123600199818611
v54_h112,v54_h99,0.004123600199818611
v54_h113,v54_h22,0.09307999908924103
v54_h113,v54_h24,0.01649400033056736
v54_h113,v54_h39,0.012370999902486801
v54_h113,v54_h41,0.03298899903893471
v54_h113,v54_h47,0.10544999688863754
v54_h113,v54_h79,0.004123600199818611
v54_h113,v54_h89,0.008247200399637222
v54_h113,v54_h99,0.008247200399637222
v54_h114,v54_h22,0.020617999136447906
v54_h114,v54_h24,0.008247200399637222
v54_h114,v54_h39,0.012370999902486801
v54_h114,v54_h41,0.02886500023305416
v54_h114,v54_h47,0.10956999659538269
v54_h114,v54_h79,0.012370999902486801
v54_h114,v54_h89,0.012370999902486801
v54_h114,v54_h99,0.024741999804973602
v54_h12,v54_h22,0.08895699679851532
v54_h12,v54_h24,0.01649400033056736
v54_h12,v54_h41,0.004123600199818611
v54_h12,v54_h47,0.004123600199818611
v54_h12,v54_h89,0.008247200399637222
v54_h12,v54_h99,0.004123600199818611
v54_h13,v54_h22,0.05773000046610832
v54_h13,v54_h24,0.03298899903893471
v54_h13,v54_h41,0.008247200399637222
v54_h13,v54_h47,0.008247200399637222
v54_h13,v54_h79,0.004123600199818611
v54_h13,v54_h89,0.008247200399637222
v54_h13,v54_h99,0.01649400033056736
v54_h14,v54_h22,0.04535900056362152
v54_h14,v54_h24,0.024741999804973602
v54_h14,v54_h41,0.012370999902486801
v54_h14,v54_h47,0.020617999136447906
v54_h14,v54_h89,0.01649400033056736
v54_h15,v54_h24,0.004123600199818611
v54_h16,v54_h22,0.02886500023305416
v54_h16,v54_h24,0.08070900291204453
v54_h16,v54_h39,0.004123600199818611
v54_h16,v54_h41,0.008247200399637222
v54_h16,v54_h47,0.008247200399637222
v54_h16,v54_h99,0.004123600199818611
v54_h17,v54_h22,0.024741999804973602
v54_h17,v54_h24,0.012370999902486801
v54_h17,v54_h41,0.004123600199818611
v54_h17,v54_h89,0.004123600199818611
v54_h18,v54_h22,0.02886500023305416
v54_h18,v54_h24,0.024741999804973602
v54_h18,v54_h39,0.004123600199818611
v54_h18,v54_h41,0.008247200399637222
v54_h18,v54_h79,0.004123600199818611
v54_h18,v54_h89,0.004123600199818611
v54_h19,v54_h22,0.02886500023305416
v54_h19,v54_h24,0.020617999136447906
v54_h19,v54_h41,0.008247200399637222
v54_h19,v54_h47,0.008247200399637222
v54_h19,v54_h89,0.004123600199818611
v54_h2,v54_h22,0.012370999902486801
v54_h2,v54_h24,0.004123600199818611
v54_h2,v54_h41,0.004123600199818611
v54_h21,v54_h22,0.01649400033056736
v54_h21,v54_h24,0.012370999902486801
v54_h21,v54_h41,0.008247200399637222
v54_h21,v54_h47,0.004123600199818611
v54_h21,v54_h79,0.004123600199818611
v54_h21,v54_h89,0.07246199995279312
v54_h21,v54_h99,0.008247200399637222
v54_h22,v54_h24,0.02886500023305416
v54_h22,v54_h41,0.004123600199818611
v54_h22,v54_h47,0.008247200399637222
v54_h22,v54_h89,0.004123600199818611
v54_h24,v54_h22,0.02886500023305416
v54_h24,v54_h79,0.004123600199818611
v54_h25,v54_h22,0.10544999688863754
v54_h25,v54_h24,0.08483300358057022
v54_h25,v54_h41,0.004123600199818611
v54_h25,v54_h47,0.008247200399637222
v54_h25,v54_h89,0.004123600199818611
v54_h26,v54_h22,0.1137000024318695
v54_h26,v54_h24,0.02886500023305416
v54_h26,v54_h41,0.008247200399637222
v54_h26,v54_h47,0.020617999136447906
v54_h26,v54_h79,0.004123600199818611
v54_h26,v54_h89,0.06421499699354172
v54_h27,v54_h22,0.09720399975776672
v54_h27,v54_h24,0.01649400033056736
v54_h27,v54_h39,0.012370999902486801
v54_h27,v54_h41,0.01649400033056736
v54_h27,v54_h47,0.10956999659538269
v54_h27,v54_h89,0.004123600199818611
v54_h29,v54_h22,0.008247200399637222
v54_h29,v54_h47,0.004123600199818611
v54_h29,v54_h89,0.004123600199818611
v54_h3,v54_h22,0.04123599827289581
v54_h3,v54_h24,0.02886500023305416
v54_h3,v54_h41,0.004123600199818611
v54_h3,v54_h47,0.008247200399637222
v54_h3,v54_h79,0.004123600199818611
v54_h3,v54_h99,0.004123600199818611
v54_h31,v54_h22,0.08483300358057022
v54_h31,v54_h24,0.012370999902486801
v54_h31,v54_h89,0.004123600199818611
v54_h32,v54_h22,0.02886500023305416
v54_h32,v54_h24,0.09720399975776672
v54_h32,v54_h41,0.004123600199818611
v54_h32,v54_h89,0.004123600199818611
v54_h35,v54_h22,0.10544999688863754
v54_h35,v54_h24,0.09720399975776672
v54_h35,v54_h41,0.008247200399637222
v54_h35,v54_h47,0.004123600199818611
v54_h35,v54_h79,0.004123600199818611
v54_h35,v54_h89,0.004123600199818611
v54_h4,v54_h22,0.09307999908924103
v54_h4,v54_h24,0.01649400033056736
v54_h4,v54_h41,0.012370999902486801
v54_h4,v54_h47,0.012370999902486801
v54_h4,v54_h89,0.004123600199818611
v54_h4,v54_h99,0.004123600199818611
v54_h40,v54_h39,0.08483300358057022
v54_h40,v54_h41,0.09720399975776672
v54_h40,v54_h47,0.020617999136447906
v54_h40,v54_h79,0.004123600199818611
v54_h40,v54_h89,0.004123600199818611
v54_h40,v54_h99,0.004123600199818611
v54_h41,v54_h22,0.004123600199818611
v54_h41,v54_h39,0.08483300358057022
v54_h41,v54_h47,0.024741999804973602
v54_h41,v54_h79,0.004123600199818611
v54_h41,v54_h89,0.004123600199818611
v54_h41,v54_h99,0.008247200399637222
v54_h42,v54_h22,0.008247200399637222
v54_h42,v54_h24,0.004123600199818611
v54_h42,v54_h39,0.08070900291204453
v54_h42,v54_h41,0.08483300358057022
v54_h42,v54_h47,0.1137000024318695
v54_h42,v54_h99,0.008247200399637222
v54_h43,v54_h22,0.008247200399637222
v54_h43,v54_h39,0.08483300358057022
v54_h43,v54_h41,0.09307999908924103
v54_h43,v54_h47,0.12606999278068542
v54_h43,v54_h79,0.004123600199818611
v54_h43,v54_h89,0.004123600199818611
v54_h43,v54_h99,0.020617999136447906
v54_h44,v54_h22,0.008247200399637222
v54_h44,v54_h39,0.01649400033056736
v54_h44,v54_h41,0.03298899903893471
v54_h44,v54_h47,0.10544999688863754
v54_h44,v54_h79,0.008247200399637222
v54_h44,v54_h89,0.012370999902486801
v54_h44,v54_h99,0.004123600199818611
v54_h45,v54_h22,0.012370999902486801
v54_h45,v54_h39,0.020617999136447906
v54_h45,v54_h41,0.08895699679851532
v54_h45,v54_h47,0.12606999278068542
v54_h45,v54_h79,0.01649400033056736
v54_h45,v54_h99,0.008247200399637222
v54_h46,v54_h47,0.06421499699354172
v54_h48,v54_h39,0.008247200399637222
v54_h48,v54_h41,0.024741999804973602
v54_h48,v54_h47,0.10544999688863754
v54_h48,v54_h79,0.004123600199818611
v54_h49,v54_h22,0.024741999804973602
v54_h49,v54_h39,0.020617999136447906
v54_h49,v54_h41,0.1013299971818924
v54_h49,v54_h47,0.12606999278068542
v54_h49,v54_h79,0.004123600199818611
v54_h49,v54_h89,0.012370999902486801
v54_h49,v54_h99,0.004123600199818611
v54_h5,v54_h22,0.008247200399637222
v54_h5,v54_h41,0.004123600199818611
v54_h5,v54_h89,0.004123600199818611
v54_h50,v54_h47,0.01649400033056736
v54_h54,v54_h22,0.008247200399637222
v54_h54,v54_h24,0.004123600199818611
v54_h54,v54_h39,0.012370999902486801
v54_h54,v54_h41,0.09307999908924103
v54_h54,v54_h47,0.04123599827289581
v54_h54,v54_h79,0.06833899766206741
v54_h54,v54_h89,0.012370999902486801
v54_h54,v54_h99,0.012370999902486801
v54_h55,v54_h22,0.01649400033056736
v54_h55,v54_h24,0.008247200399637222
v54_h55,v54_h39,0.01649400033056736
v54_h55,v54_h41,0.08483300358057022
v54_h55,v54_h47,0.10544999688863754
v54_h55,v54_h79,0.01649400033056736
v54_h55,v54_h89,0.008247200399637222
v54_h55,v54_h99,0.020617999136447906
v54_h56,v54_h22,0.004123600199818611
v54_h56,v54_h39,0.07246199995279312
v54_h56,v54_h41,0.03298899903893471
v54_h56,v54_h47,0.13018999993801117
v54_h56,v54_h89,0.004123600199818611
v54_h56,v54_h99,0.01649400033056736
v54_h57,v54_h22,0.004123600199818611
v54_h57,v54_h39,0.004123600199818611
v54_h57,v54_h41,0.012370999902486801
v54_h57,v54_h47,0.1137000024318695
v54_h57,v54_h79,0.004123600199818611
v54_h57,v54_h89,0.004123600199818611
v54_h57,v54_h99,0.012370999902486801
v54_h58,v54_h22,0.008247200399637222
v54_h58,v54_h24,0.004123600199818611
v54_h58,v54_h39,0.012370999902486801
v54_h58,v54_h41,0.03298899903893471
v54_h58,v54_h47,0.04948300123214722
v54_h58,v54_h79,0.004123600199818611
v54_h58,v54_h89,0.01649400033056736
v54_h58,v54_h99,0.01649400033056736
v54_h59,v54_h22,0.01649400033056736
v54_h59,v54_h24,0.004123600199818611
v54_h59,v54_h39,0.004123600199818611
v54_h59,v54_h41,0.02886500023305416
v54_h59,v54_h47,0.12606999278068542
v54_h59,v54_h79,0.012370999902486801
v54_h59,v54_h89,0.037112001329660416
v54_h59,v54_h99,0.03298899903893471
v54_h6,v54_h22,0.1013299971818924
v54_h6,v54_h24,0.024741999804973602
v54_h6,v54_h39,0.008247200399637222
v54_h6,v54_h41,0.08070900291204453
v54_h6,v54_h47,0.01649400033056736
v54_h6,v54_h79,0.004123600199818611
v54_h6,v54_h89,0.012370999902486801
v54_h6,v54_h99,0.004123600199818611
v54_h60,v54_h39,0.004123600199818611
v54_h60,v54_h47,0.08483300358057022
v54_h60,v54_h89,0.008247200399637222
v54_h60,v54_h99,0.008247200399637222
v54_h61,v54_h39,0.004123600199818611
v54_h61,v54_h41,0.024741999804973602
v54_h61,v54_h47,0.037112001329660416
v54_h61,v54_h79,0.004123600199818611
v54_h61,v54_h89,0.008247200399637222
v54_h61,v54_h99,0.004123600199818611
v54_h62,v54_h22,0.004123600199818611
v54_h62,v54_h39,0.01649400033056736
v54_h62,v54_h41,0.08895699679851532
v54_h62,v54_h47,0.10956999659538269
v54_h62,v54_h79,0.012370999902486801
v54_h62,v54_h89,0.012370999902486801
v54_h62,v54_h99,0.008247200399637222
v54_h63,v54_h39,0.01649400033056736
v54_h63,v54_h41,0.024741999804973602
v54_h63,v54_h47,0.1013299971818924
v54_h63,v54_h79,0.012370999902486801
v54_h63,v54_h89,0.004123600199818611
v54_h63,v54_h99,0.08070900291204453
v54_h65,v54_h39,0.008247200399637222
v54_h65,v54_h41,0.020617999136447906
v54_h65,v54_h47,0.08895699679851532
v54_h65,v54_h79,0.008247200399637222
v54_h65,v54_h89,0.012370999902486801
v54_h65,v54_h99,0.020617999136447906
v54_h66,v54_h24,0.06421499699354172
v54_h66,v54_h41,0.004123600199818611
v54_h66,v54_h47,0.004123600199818611
v54_h66,v54_h79,0.1013299971818924
v54_h66,v54_h99,0.004123600199818611
v54_h67,v54_h22,0.004123600199818611
v54_h67,v54_h24,0.004123600199818611
v54_h67,v54_h79,0.08895699679851532
v54_h67,v54_h89,0.008247200399637222
v54_h69,v54_h24,0.004123600199818611
v54_h69,v54_h79,0.1013299971818924
v54_h69,v54_h99,0.008247200399637222
v54_h70,v54_h24,0.004123600199818611
v54_h70,v54_h41,0.008247200399637222
v54_h70,v54_h47,0.012370999902486801
v54_h70,v54_h79,0.1013299971818924
v54_h70,v54_h89,0.004123600199818611
v54_h70,v54_h99,0.008247200399637222
v54_h71,v54_h79,0.07658600062131882
v54_h71,v54_h99,0.004123600199818611
v54_h72,v54_h24,0.004123600199818611
v54_h72,v54_h41,0.008247200399637222
v54_h72,v54_h47,0.01649400033056736
v54_h72,v54_h79,0.09720399975776672
v54_h72,v54_h99,0.012370999902486801
v54_h73,v54_h79,0.004123600199818611
v54_h74,v54_h24,0.004123600199818611
v54_h74,v54_h79,0.08483300358057022
v54_h75,v54_h47,0.004123600199818611
v54_h75,v54_h79,0.020617999136447906
v54_h75,v54_h89,0.004123600199818611
v54_h75,v54_h99,0.004123600199818611
v54_h76,v54_h79,0.004123600199818611
v54_h77,v54_h24,0.004123600199818611
v54_h77,v54_h79,0.09720399975776672
v54_h78,v54_h24,0.004123600199818611
v54_h78,v54_h41,0.004123600199818611
v54_h78,v54_h47,0.004123600199818611
v54_h78,v54_h79,0.1013299971818924
v54_h78,v54_h99,0.004123600199818611
v54_h79,v54_h24,0.004123600199818611
v54_h79,v54_h41,0.004123600199818611
v54_h79,v54_h99,0.012370999902486801
v54_h80,v54_h22,0.008247200399637222
v54_h80,v54_h39,0.004123600199818611
v54_h80,v54_h41,0.004123600199818611
v54_h80,v54_h47,0.01649400033056736
v54_h80,v54_h79,0.024741999804973602
v54_h80,v54_h89,0.012370999902486801
v54_h80,v54_h99,0.024741999804973602
v54_h81,v54_h22,0.004123600199818611
v54_h81,v54_h39,0.004123600199818611
v54_h81,v54_h41,0.01649400033056736
v54_h81,v54_h47,0.02886500023305416
v54_h81,v54_h79,0.020617999136447906
v54_h81,v54_h89,0.07246199995279312
v54_h81,v54_h99,0.024741999804973602
v54_h83,v54_h22,0.004123600199818611
v54_h83,v54_h24,0.004123600199818611
v54_h83,v54_h41,0.012370999902486801
v54_h83,v54_h47,0.020617999136447906
v54_h83,v54_h79,0.08483300358057022
v54_h83,v54_h89,0.012370999902486801
v54_h83,v54_h99,0.08895699679851532
v54_h84,v54_h22,0.004123600199818611
v54_h84,v54_h39,0.012370999902486801
v54_h84,v54_h41,0.020617999136447906
v54_h84,v54_h47,0.02886500023305416
v54_h84,v54_h79,0.020617999136447906
v54_h84,v54_h89,0.004123600199818611
v54_h84,v54_h99,0.08895699679851532
v54_h85,v54_h22,0.004123600199818611
v54_h85,v54_h39,0.008247200399637222
v54_h85,v54_h41,0.020617999136447906
v54_h85,v54_h47,0.024741999804973602
v54_h85,v54_h79,0.08483300358057022
v54_h85,v54_h89,0.008247200399637222
v54_h85,v54_h99,0.08895699679851532
v54_h87,v54_h22,0.004123600199818611
v54_h87,v54_h39,0.012370999902486801
v54_h87,v54_h41,0.037112001329660416
v54_h87,v54_h47,0.037112001329660416
v54_h87,v54_h79,0.008247200399637222
v54_h87,v54_h89,0.012370999902486801
v54_h87,v54_h99,0.020617999136447906
v54_h89,v54_h22,0.004123600199818611
v54_h89,v54_h41,0.004123600199818611
v54_h89,v54_h47,0.004123600199818611
v54_h89,v54_h99,0.020617999136447906
v54_h9,v54_h22,0.01649400033056736
v54_h9,v54_h24,0.008247200399637222
v54_h9,v54_h89,0.004123600199818611
v54_h90,v54_h41,0.004123600199818611
v54_h90,v54_h47,0.004123600199818611
v54_h90,v54_h89,0.07658600062131882
v54_h90,v54_h99,0.004123600199818611
v54_h91,v54_h22,0.004123600199818611
v54_h91,v54_h24,0.004123600199818611
v54_h91,v54_h89,0.08070900291204453
v54_h91,v54_h99,0.004123600199818611
v54_h92,v54_h22,0.004123600199818611
v54_h92,v54_h41,0.012370999902486801
v54_h92,v54_h47,0.01649400033056736
v54_h92,v54_h79,0.004123600199818611
v54_h92,v54_h89,0.09720399975776672
v54_h92,v54_h99,0.012370999902486801
v54_h93,v54_h41,0.008247200399637222
v54_h93,v54_h47,0.01649400033056736
v54_h93,v54_h89,0.08895699679851532
v54_h93,v54_h99,0.012370999902486801
v54_h94,v54_h41,0.012370999902486801
v54_h94,v54_h47,0.024741999804973602
v54_h94,v54_h79,0.004123600199818611
v54_h94,v54_h89,0.03298899903893471
v54_h94,v54_h99,0.01649400033056736
v54_h95,v54_h47,0.01649400033056736
v54_h95,v54_h89,0.08895699679851532
v54_h95,v54_h99,0.06833899766206741
v54_h96,v54_h47,0.01649400033056736
v54_h96,v54_h89,0.09307999908924103
v54_h96,v54_h99,0.012370999902486801
v54_h97,v54_h41,0.004123600199818611
v54_h97,v54_h47,0.008247200399637222
v54_h97,v54_h89,0.08070900291204453
v54_h97,v54_h99,0.06833899766206741
v54_h98,v54_h22,0.004123600199818611
v54_h98,v54_h24,0.004123600199818611
v54_h98,v54_h39,0.004123600199818611
v54_h98,v54_h41,0.012370999902486801
v54_h98,v54_h47,0.08895699679851532
v54_h98,v54_h79,0.008247200399637222
v54_h98,v54_h89,0.08895699679851532
v54_h98,v54_h99,0.08070900291204453
v55_h1,v55_h16,0.03658600151538849
v55_h1,v55_h19,0.021341999992728233
v55_h1,v55_h34,0.021341999992728233
v55_h1,v55_h42,0.024390000849962234
v55_h1,v55_h44,0.030487999320030212
v55_h1,v55_h49,0.03963400050997734
v55_h1,v55_h133,0.015243999660015106
v55_h1,v55_h162,0.0060975998640060425
v55_h1,v55_h180,0.0030487999320030212
v55_h10,v55_h16,0.11924000084400177
v55_h10,v55_h19,0.11009000241756439
v55_h10,v55_h34,0.024390000849962234
v55_h10,v55_h42,0.051830001175403595
v55_h10,v55_h44,0.12838999927043915
v55_h10,v55_h49,0.07317099720239639
v55_h10,v55_h56,0.0060975998640060425
v55_h10,v55_h133,0.04268300160765648
v55_h10,v55_h136,0.0060975998640060425
v55_h10,v55_h162,0.0060975998640060425
v55_h10,v55_h180,0.0030487999320030212
v55_h100,v55_h16,0.055215999484062195
v55_h100,v55_h19,0.0060975998640060425
v55_h100,v55_h34,0.0060975998640060425
v55_h100,v55_h42,0.06436199694871902
v55_h100,v55_h44,0.009146399796009064
v55_h100,v55_h49,0.009146399796009064
v55_h100,v55_h133,0.015243999660015106
v55_h100,v55_h136,0.021341999992728233
v55_h100,v55_h162,0.0060975998640060425
v55_h100,v55_h180,0.0030487999320030212
v55_h101,v55_h16,0.0030487999320030212
v55_h101,v55_h42,0.009146399796009064
v55_h101,v55_h133,0.030487999320030212
v55_h101,v55_h136,0.07960599660873413
v55_h101,v55_h162,0.07350900024175644
v55_h101,v55_h180,0.012195000424981117
v55_h102,v55_h42,0.0030487999320030212
v55_h102,v55_h49,0.0030487999320030212
v55_h102,v55_h133,0.024390000849962234
v55_h102,v55_h136,0.0704599991440773
v55_h102,v55_h162,0.015243999660015106
v55_h102,v55_h180,0.0060975998640060425
v55_h104,v55_h16,0.0030487999320030212
v55_h104,v55_h49,0.0030487999320030212
v55_h104,v55_h133,0.018293000757694244
v55_h104,v55_h136,0.009146399796009064
v55_h104,v55_h162,0.012195000424981117
v55_h104,v55_h180,0.0030487999320030212
v55_h105,v55_h16,0.009146399796009064
v55_h105,v55_h19,0.009146399796009064
v55_h105,v55_h42,0.0060975998640060425
v55_h105,v55_h44,0.009146399796009064
v55_h105,v55_h49,0.0060975998640060425
v55_h105,v55_h107,0.0030487999320030212
v55_h105,v55_h133,0.08265499770641327
v55_h105,v55_h136,0.027439000084996223
v55_h105,v55_h162,0.012195000424981117
v55_h105,v55_h180,0.0030487999320030212
v55_h106,v55_h42,0.0030487999320030212
v55_h106,v55_h107,0.0060975998640060425
v55_h106,v55_h133,0.03353700041770935
v55_h106,v55_h136,0.021341999992728233
v55_h106,v55_h162,0.0060975998640060425
v55_h106,v55_h180,0.0060975998640060425
v55_h107,v55_h133,0.0060975998640060425
v55_h107,v55_h136,0.0060975998640060425
v55_h11,v55_h16,0.10095000267028809
v55_h11,v55_h19,0.04268300160765648
v55_h11,v55_h34,0.024390000849962234
v55_h11,v55_h42,0.030487999320030212
v55_h11,v55_h44,0.051830001175403595
v55_h11,v55_h49,0.10095000267028809
v55_h11,v55_h133,0.015243999660015106
v55_h110,v55_h49,0.0030487999320030212
v55_h110,v55_h107,0.0060975998640060425
v55_h110,v55_h133,0.018293000757694244
v55_h110,v55_h136,0.012195000424981117
v55_h110,v55_h162,0.0030487999320030212
v55_h111,v55_h19,0.0030487999320030212
v55_h111,v55_h44,0.0030487999320030212
v55_h111,v55_h59,0.0030487999320030212
v55_h111,v55_h107,0.05826500058174133
v55_h111,v55_h133,0.07655800133943558
v55_h111,v55_h136,0.07350900024175644
v55_h111,v55_h162,0.0060975998640060425
v55_h112,v55_h19,0.0030487999320030212
v55_h112,v55_h44,0.0030487999320030212
v55_h112,v55_h107,0.0060975998640060425
v55_h112,v55_h133,0.07960599660873413
v55_h112,v55_h136,0.0704599991440773
v55_h112,v55_h162,0.0030487999320030212
v55_h113,v55_h42,0.0030487999320030212
v55_h113,v55_h107,0.0060975998640060425
v55_h113,v55_h133,0.012195000424981117
v55_h113,v55_h136,0.012195000424981117
v55_h114,v55_h107,0.0030487999320030212
v55_h114,v55_h133,0.021341999992728233
v55_h114,v55_h136,0.012195000424981117
v55_h114,v55_h162,0.009146399796009064
v55_h12,v55_h16,0.09789899736642838
v55_h12,v55_h19,0.03963400050997734
v55_h12,v55_h34,0.021341999992728233
v55_h12,v55_h42,0.08570399880409241
v55_h12,v55_h44,0.09789899736642838
v55_h12,v55_h49,0.09180200099945068
v55_h12,v55_h133,0.018293000757694244
v55_h13,v55_h16,0.08875299990177155
v55_h13,v55_h19,0.03353700041770935
v55_h13,v55_h34,0.012195000424981117
v55_h13,v55_h42,0.08265499770641327
v55_h13,v55_h44,0.08875299990177155
v55_h13,v55_h49,0.030487999320030212
v55_h13,v55_h133,0.018293000757694244
v55_h14,v55_h16,0.09485000371932983
v55_h14,v55_h19,0.04268300160765648
v55_h14,v55_h34,0.0704599991440773
v55_h14,v55_h42,0.030487999320030212
v55_h14,v55_h44,0.10095000267028809
v55_h14,v55_h49,0.03658600151538849
v55_h14,v55_h133,0.0704599991440773
v55_h14,v55_h136,0.0030487999320030212
v55_h15,v55_h16,0.11619000136852264
v55_h15,v55_h19,0.10705000162124634
v55_h15,v55_h34,0.03353700041770935
v55_h15,v55_h42,0.09485000371932983
v55_h15,v55_h44,0.12838999927043915
v55_h15,v55_h49,0.11314000189304352
v55_h15,v55_h56,0.0030487999320030212
v55_h15,v55_h133,0.08570399880409241
v55_h15,v55_h136,0.0060975998640060425
v55_h16,v55_h19,0.10095000267028809
v55_h16,v55_h34,0.03353700041770935
v55_h16,v55_h42,0.05487800016999245
v55_h16,v55_h44,0.11924000084400177
v55_h16,v55_h49,0.11314000189304352
v55_h16,v55_h56,0.0030487999320030212
v55_h16,v55_h133,0.03353700041770935
v55_h17,v55_h16,0.10095000267028809
v55_h17,v55_h19,0.09485000371932983
v55_h17,v55_h34,0.021341999992728233
v55_h17,v55_h42,0.03353700041770935
v55_h17,v55_h44,0.10095000267028809
v55_h17,v55_h49,0.04878100007772446
v55_h17,v55_h133,0.024390000849962234
v55_h17,v55_h136,0.0060975998640060425
v55_h18,v55_h16,0.08875299990177155
v55_h18,v55_h19,0.03353700041770935
v55_h18,v55_h34,0.012195000424981117
v55_h18,v55_h42,0.08875299990177155
v55_h18,v55_h44,0.09485000371932983
v55_h18,v55_h49,0.03353700041770935
v55_h18,v55_h133,0.018293000757694244
v55_h19,v55_h16,0.10095000267028809
v55_h19,v55_h34,0.021341999992728233
v55_h19,v55_h42,0.09180200099945068
v55_h19,v55_h44,0.06402499973773956
v55_h19,v55_h49,0.04878100007772446
v55_h19,v55_h133,0.08265499770641327
v55_h19,v55_h136,0.0030487999320030212
v55_h2,v55_h16,0.10400000214576721
v55_h2,v55_h19,0.03963400050997734
v55_h2,v55_h34,0.08875299990177155
v55_h2,v55_h42,0.030487999320030212
v55_h2,v55_h44,0.06402499973773956
v55_h2,v55_h49,0.11619000136852264
v55_h2,v55_h56,0.0030487999320030212
v55_h2,v55_h133,0.021341999992728233
v55_h21,v55_h16,0.051830001175403595
v55_h21,v55_h19,0.10400000214576721
v55_h21,v55_h34,0.03353700041770935
v55_h21,v55_h42,0.10400000214576721
v55_h21,v55_h44,0.07621999830007553
v55_h21,v55_h49,0.11314000189304352
v55_h21,v55_h56,0.0030487999320030212
v55_h21,v55_h133,0.07655800133943558
v55_h21,v55_h136,0.0030487999320030212
v55_h22,v55_h16,0.11314000189304352
v55_h22,v55_h19,0.10705000162124634
v55_h22,v55_h34,0.03963400050997734
v55_h22,v55_h42,0.10400000214576721
v55_h22,v55_h44,0.12838999927043915
v55_h22,v55_h49,0.10705000162124634
v55_h22,v55_h56,0.0030487999320030212
v55_h22,v55_h133,0.07960599660873413
v55_h22,v55_h136,0.0030487999320030212
v55_h24,v55_h16,0.027439000084996223
v55_h24,v55_h19,0.07960599660873413
v55_h24,v55_h34,0.009146399796009064
v55_h24,v55_h42,0.030487999320030212
v55_h24,v55_h44,0.03353700041770935
v55_h24,v55_h49,0.030487999320030212
v55_h24,v55_h133,0.015243999660015106
v55_h25,v55_h16,0.09789899736642838
v55_h25,v55_h19,0.09485000371932983
v55_h25,v55_h34,0.015243999660015106
v55_h25,v55_h42,0.03658600151538849
v55_h25,v55_h44,0.09485000371932983
v55_h25,v55_h49,0.04268300160765648
v55_h25,v55_h133,0.03353700041770935
v55_h25,v55_h136,0.0030487999320030212
v55_h25,v55_h180,0.0030487999320030212
v55_h26,v55_h16,0.024390000849962234
v55_h26,v55_h19,0.030487999320030212
v55_h26,v55_h34,0.009146399796009064
v55_h26,v55_h42,0.021341999992728233
v55_h26,v55_h44,0.024390000849962234
v55_h26,v55_h49,0.024390000849962234
v55_h26,v55_h133,0.012195000424981117
v55_h27,v55_h16,0.11314000189304352
v55_h27,v55_h19,0.11009000241756439
v55_h27,v55_h34,0.030487999320030212
v55_h27,v55_h42,0.10400000214576721
v55_h27,v55_h44,0.12533999979496002
v55_h27,v55_h49,0.11314000189304352
v55_h27,v55_h56,0.0030487999320030212
v55_h27,v55_h133,0.030487999320030212
v55_h29,v55_h16,0.10400000214576721
v55_h29,v55_h19,0.10705000162124634
v55_h29,v55_h34,0.018293000757694244
v55_h29,v55_h42,0.03658600151538849
v55_h29,v55_h44,0.057927001267671585
v55_h29,v55_h49,0.04573199898004532
v55_h29,v55_h133,0.024390000849962234
v55_h3,v55_h16,0.10400000214576721
v55_h3,v55_h19,0.09789899736642838
v55_h3,v55_h34,0.08570399880409241
v55_h3,v55_h42,0.04268300160765648
v55_h3,v55_h44,0.0670740008354187
v55_h3,v55_h49,0.11314000189304352
v55_h3,v55_h56,0.0030487999320030212
v55_h3,v55_h133,0.0704599991440773
v55_h3,v55_h136,0.0030487999320030212
v55_h31,v55_h16,0.13447999954223633
v55_h31,v55_h19,0.11924000084400177
v55_h31,v55_h34,0.10705000162124634
v55_h31,v55_h42,0.11924000084400177
v55_h31,v55_h44,0.14972999691963196
v55_h31,v55_h49,0.1436299979686737
v55_h31,v55_h56,0.0030487999320030212
v55_h31,v55_h133,0.08875299990177155
v55_h31,v55_h136,0.0030487999320030212
v55_h32,v55_h16,0.015243999660015106
v55_h32,v55_h19,0.015243999660015106
v55_h32,v55_h34,0.012195000424981117
v55_h32,v55_h42,0.009146399796009064
v55_h32,v55_h44,0.015243999660015106
v55_h32,v55_h49,0.021341999992728233
v55_h32,v55_h133,0.0060975998640060425
v55_h35,v55_h16,0.051830001175403595
v55_h35,v55_h19,0.04878100007772446
v55_h35,v55_h34,0.09485000371932983
v55_h35,v55_h42,0.051830001175403595
v55_h35,v55_h44,0.12533999979496002
v55_h35,v55_h49,0.12838999927043915
v55_h35,v55_h56,0.0060975998640060425
v55_h35,v55_h133,0.03353700041770935
v55_h4,v55_h16,0.09485000371932983
v55_h4,v55_h19,0.024390000849962234
v55_h4,v55_h34,0.08875299990177155
v55_h4,v55_h42,0.024390000849962234
v55_h4,v55_h44,0.04878100007772446
v55_h4,v55_h49,0.11009000241756439
v55_h4,v55_h56,0.0030487999320030212
v55_h4,v55_h133,0.021341999992728233
v55_h4,v55_h136,0.0060975998640060425
v55_h40,v55_h16,0.08265499770641327
v55_h40,v55_h19,0.027439000084996223
v55_h40,v55_h34,0.030487999320030212
v55_h40,v55_h42,0.08570399880409241
v55_h40,v55_h44,0.10400000214576721
v55_h40,v55_h49,0.03963400050997734
v55_h40,v55_h56,0.0060975998640060425
v55_h40,v55_h133,0.015243999660015106
v55_h41,v55_h16,0.09789899736642838
v55_h41,v55_h19,0.08875299990177155
v55_h41,v55_h34,0.08570399880409241
v55_h41,v55_h42,0.10400000214576721
v55_h41,v55_h44,0.11314000189304352
v55_h41,v55_h49,0.06402499973773956
v55_h41,v55_h56,0.0060975998640060425
v55_h41,v55_h133,0.03353700041770935
v55_h42,v55_h16,0.05487800016999245
v55_h42,v55_h19,0.09180200099945068
v55_h42,v55_h34,0.07960599660873413
v55_h42,v55_h44,0.11619000136852264
v55_h42,v55_h49,0.05487800016999245
v55_h42,v55_h56,0.0030487999320030212
v55_h42,v55_h133,0.03353700041770935
v55_h42,v55_h136,0.009146399796009064
v55_h42,v55_h162,0.0060975998640060425
v55_h42,v55_h180,0.0060975998640060425
v55_h43,v55_h16,0.04573199898004532
v55_h43,v55_h19,0.04268300160765648
v55_h43,v55_h34,0.10095000267028809
v55_h43,v55_h42,0.10705000162124634
v55_h43,v55_h44,0.1222900003194809
v55_h43,v55_h49,0.11924000084400177
v55_h43,v55_h56,0.0030487999320030212
v55_h43,v55_h133,0.024390000849962234
v55_h43,v55_h136,0.0030487999320030212
v55_h44,v55_h16,0.11924000084400177
v55_h44,v55_h19,0.06402499973773956
v55_h44,v55_h34,0.09789899736642838
v55_h44,v55_h42,0.11619000136852264
v55_h44,v55_h49,0.13143999874591827
v55_h44,v55_h56,0.0060975998640060425
v55_h44,v55_h133,0.08265499770641327
v55_h44,v55_h136,0.0030487999320030212
v55_h45,v55_h16,0.05487800016999245
v55_h45,v55_h19,0.051830001175403595
v55_h45,v55_h34,0.10095000267028809
v55_h45,v55_h42,0.11009000241756439
v55_h45,v55_h44,0.13143999874591827
v55_h45,v55_h49,0.13143999874591827
v55_h45,v55_h56,0.0060975998640060425
v55_h45,v55_h133,0.03353700041770935
v55_h46,v55_h16,0.10705000162124634
v55_h46,v55_h19,0.09485000371932983
v55_h46,v55_h34,0.09789899736642838
v55_h46,v55_h42,0.09485000371932983
v55_h46,v55_h44,0.11924000084400177
v55_h46,v55_h49,0.11619000136852264
v55_h46,v55_h56,0.0060975998640060425
v55_h46,v55_h133,0.030487999320030212
v55_h48,v55_h16,0.057927001267671585
v55_h48,v55_h19,0.10400000214576721
v55_h48,v55_h34,0.09485000371932983
v55_h48,v55_h42,0.05487800016999245
v55_h48,v55_h44,0.12533999979496002
v55_h48,v55_h49,0.13143999874591827
v55_h48,v55_h56,0.0030487999320030212
v55_h48,v55_h59,0.0030487999320030212
v55_h48,v55_h133,0.08875299990177155
v55_h48,v55_h136,0.0060975998640060425
v55_h48,v55_h162,0.0030487999320030212
v55_h49,v55_h16,0.11314000189304352
v55_h49,v55_h19,0.04878100007772446
v55_h49,v55_h34,0.09789899736642838
v55_h49,v55_h42,0.05487800016999245
v55_h49,v55_h44,0.13143999874591827
v55_h49,v55_h56,0.0060975998640060425
v55_h49,v55_h133,0.03963400050997734
v55_h49,v55_h136,0.0030487999320030212
v55_h49,v55_h162,0.0030487999320030212
v55_h5,v55_h16,0.12533999979496002
v55_h5,v55_h19,0.10705000162124634
v55_h5,v55_h34,0.04878100007772446
v55_h5,v55_h42,0.05487800016999245
v55_h5,v55_h44,0.13752999901771545
v55_h5,v55_h49,0.13143999874591827
v55_h5,v55_h56,0.0060975998640060425
v55_h5,v55_h133,0.03963400050997734
v55_h5,v55_h136,0.0030487999320030212
v55_h5,v55_h162,0.0060975998640060425
v55_h5,v55_h180,0.0030487999320030212
v55_h50,v55_h16,0.10400000214576721
v55_h50,v55_h19,0.10705000162124634
v55_h50,v55_h34,0.024390000849962234
v55_h50,v55_h42,0.09789899736642838
v55_h50,v55_h44,0.07012200355529785
v55_h50,v55_h49,0.09789899736642838
v55_h50,v55_h56,0.0030487999320030212
v55_h50,v55_h133,0.07350900024175644
v55_h50,v55_h136,0.0030487999320030212
v55_h54,v55_h16,0.09789899736642838
v55_h54,v55_h19,0.03658600151538849
v55_h54,v55_h34,0.03658600151538849
v55_h54,v55_h42,0.09180200099945068
v55_h54,v55_h44,0.11009000241756439
v55_h54,v55_h49,0.10705000162124634
v55_h54,v55_h56,0.05826500058174133
v55_h54,v55_h133,0.07655800133943558
v55_h54,v55_h136,0.0030487999320030212
v55_h55,v55_h16,0.030487999320030212
v55_h55,v55_h19,0.021341999992728233
v55_h55,v55_h34,0.024390000849962234
v55_h55,v55_h42,0.024390000849962234
v55_h55,v55_h44,0.08875299990177155
v55_h55,v55_h49,0.08570399880409241
v55_h55,v55_h56,0.0060975998640060425
v55_h55,v55_h59,0.0030487999320030212
v55_h55,v55_h133,0.021341999992728233
v55_h55,v55_h136,0.0030487999320030212
v55_h56,v55_h16,0.0030487999320030212
v55_h56,v55_h42,0.0030487999320030212
v55_h56,v55_h44,0.0060975998640060425
v55_h56,v55_h49,0.0060975998640060425
v55_h56,v55_h133,0.0060975998640060425
v55_h57,v55_h16,0.0060975998640060425
v55_h57,v55_h19,0.0030487999320030212
v55_h57,v55_h42,0.0030487999320030212
v55_h57,v55_h44,0.0060975998640060425
v55_h57,v55_h49,0.0060975998640060425
v55_h57,v55_h56,0.0030487999320030212
v55_h57,v55_h59,0.0030487999320030212
v55_h57,v55_h133,0.009146399796009064
v55_h57,v55_h136,0.0030487999320030212
v55_h58,v55_h16,0.0030487999320030212
v55_h58,v55_h19,0.012195000424981117
v55_h58,v55_h34,0.0030487999320030212
v55_h58,v55_h44,0.012195000424981117
v55_h58,v55_h49,0.012195000424981117
v55_h58,v55_h59,0.05826500058174133
v55_h58,v55_h107,0.0030487999320030212
v55_h58,v55_h133,0.0704599991440773
v55_h58,v55_h136,0.06131400167942047
v55_h58,v55_h162,0.0030487999320030212
v55_h59,v55_h133,0.0030487999320030212
v55_h59,v55_h136,0.0030487999320030212
v55_h6,v55_h16,0.0060975998640060425
v55_h6,v55_h19,0.0060975998640060425
v55_h6,v55_h34,0.0030487999320030212
v55_h6,v55_h42,0.0030487999320030212
v55_h6,v55_h44,0.0060975998640060425
v55_h6,v55_h49,0.009146399796009064
v55_h60,v55_h16,0.0030487999320030212
v55_h60,v55_h19,0.0030487999320030212
v55_h60,v55_h42,0.0030487999320030212
v55_h60,v55_h44,0.0030487999320030212
v55_h60,v55_h49,0.0060975998640060425
v55_h60,v55_h59,0.0060975998640060425
v55_h60,v55_h133,0.009146399796009064
v55_h60,v55_h136,0.0060975998640060425
v55_h60,v55_h162,0.0030487999320030212
v55_h61,v55_h16,0.0030487999320030212
v55_h61,v55_h42,0.0030487999320030212
v55_h61,v55_h59,0.0060975998640060425
v55_h61,v55_h133,0.0030487999320030212
v55_h61,v55_h136,0.0030487999320030212
v55_h62,v55_h16,0.0060975998640060425
v55_h62,v55_h42,0.0030487999320030212
v55_h62,v55_h49,0.0030487999320030212
v55_h62,v55_h59,0.0060975998640060425
v55_h62,v55_h133,0.009146399796009064
v55_h62,v55_h136,0.0030487999320030212
v55_h63,v55_h16,0.0030487999320030212
v55_h63,v55_h19,0.0060975998640060425
v55_h63,v55_h34,0.0030487999320030212
v55_h63,v55_h44,0.0060975998640060425
v55_h63,v55_h49,0.0060975998640060425
v55_h63,v55_h59,0.0060975998640060425
v55_h63,v55_h133,0.012195000424981117
v55_h63,v55_h136,0.0030487999320030212
v55_h65,v55_h16,0.06131400167942047
v55_h65,v55_h19,0.015243999660015106
v55_h65,v55_h34,0.0030487999320030212
v55_h65,v55_h42,0.0030487999320030212
v55_h65,v55_h44,0.015243999660015106
v55_h65,v55_h49,0.06436199694871902
v55_h65,v55_h59,0.0060975998640060425
v55_h65,v55_h133,0.07350900024175644
v55_h65,v55_h136,0.0060975998640060425
v55_h65,v55_h162,0.0060975998640060425
v55_h65,v55_h180,0.0030487999320030212
v55_h66,v55_h16,0.0030487999320030212
v55_h66,v55_h19,0.0030487999320030212
v55_h66,v55_h44,0.0030487999320030212
v55_h66,v55_h49,0.0030487999320030212
v55_h66,v55_h133,0.0030487999320030212
v55_h67,v55_h16,0.0060975998640060425
v55_h67,v55_h19,0.0060975998640060425
v55_h67,v55_h42,0.0030487999320030212
v55_h67,v55_h44,0.0030487999320030212
v55_h67,v55_h49,0.009146399796009064
v55_h67,v55_h59,0.0030487999320030212
v55_h67,v55_h133,0.0060975998640060425
v55_h69,v55_h16,0.055215999484062195
v55_h69,v55_h19,0.0060975998640060425
v55_h69,v55_h44,0.0060975998640060425
v55_h69,v55_h49,0.0030487999320030212
v55_h70,v55_h19,0.0030487999320030212
v55_h71,v55_h16,0.009146399796009064
v55_h71,v55_h42,0.0030487999320030212
v55_h71,v55_h49,0.0060975998640060425
v55_h71,v55_h133,0.0030487999320030212
v55_h71,v55_h162,0.0030487999320030212
v55_h72,v55_h16,0.0030487999320030212
v55_h72,v55_h136,0.0030487999320030212
v55_h73,v55_h42,0.0030487999320030212
v55_h73,v55_h44,0.0030487999320030212
v55_h73,v55_h49,0.0030487999320030212
v55_h73,v55_h56,0.0030487999320030212
v55_h73,v55_h133,0.0060975998640060425
v55_h73,v55_h136,0.0030487999320030212
v55_h73,v55_h162,0.0030487999320030212
v55_h76,v55_h16,0.0030487999320030212
v55_h76,v55_h49,0.0030487999320030212
v55_h76,v55_h59,0.0060975998640060425
v55_h76,v55_h133,0.009146399796009064
v55_h76,v55_h136,0.0030487999320030212
v55_h79,v55_h16,0.0030487999320030212
v55_h79,v55_h162,0.0030487999320030212
v55_h81,v55_h19,0.0030487999320030212
v55_h81,v55_h34,0.0030487999320030212
v55_h81,v55_h44,0.0030487999320030212
v55_h81,v55_h49,0.0030487999320030212
v55_h81,v55_h133,0.015243999660015106
v55_h81,v55_h162,0.0030487999320030212
v55_h84,v55_h162,0.0030487999320030212
v55_h85,v55_h16,0.009146399796009064
v55_h85,v55_h19,0.0030487999320030212
v55_h85,v55_h42,0.0030487999320030212
v55_h85,v55_h49,0.0060975998640060425
v55_h85,v55_h59,0.0030487999320030212
v55_h85,v55_h133,0.0060975998640060425
v55_h85,v55_h136,0.009146399796009064
v55_h85,v55_h162,0.0060975998640060425
v55_h87,v55_h16,0.0060975998640060425
v55_h87,v55_h19,0.0030487999320030212
v55_h87,v55_h44,0.0030487999320030212
v55_h87,v55_h49,0.0030487999320030212
v55_h87,v55_h133,0.009146399796009064
v55_h87,v55_h162,0.0030487999320030212
v55_h9,v55_h16,0.009146399796009064
v55_h9,v55_h19,0.0060975998640060425
v55_h9,v55_h34,0.0030487999320030212
v55_h9,v55_h42,0.0060975998640060425
v55_h9,v55_h44,0.009146399796009064
v55_h9,v55_h49,0.0060975998640060425
v55_h9,v55_h133,0.0060975998640060425
v55_h90,v55_h19,0.0060975998640060425
v55_h90,v55_h34,0.0030487999320030212
v55_h90,v55_h44,0.0060975998640060425
v55_h90,v55_h49,0.0030487999320030212
v55_h90,v55_h133,0.0030487999320030212
v55_h92,v55_h16,0.0060975998640060425
v55_h92,v55_h42,0.0030487999320030212
v55_h92,v55_h49,0.0030487999320030212
v55_h92,v55_h59,0.0030487999320030212
v55_h92,v55_h133,0.012195000424981117
v55_h92,v55_h136,0.0060975998640060425
v55_h93,v55_h16,0.0030487999320030212
v55_h93,v55_h19,0.0030487999320030212
v55_h93,v55_h42,0.0030487999320030212
v55_h93,v55_h133,0.0060975998640060425
v55_h93,v55_h136,0.0030487999320030212
v55_h93,v55_h162,0.0030487999320030212
v55_h94,v55_h16,0.009146399796009064
v55_h94,v55_h19,0.0060975998640060425
v55_h94,v55_h42,0.009146399796009064
v55_h94,v55_h44,0.0030487999320030212
v55_h94,v55_h49,0.0030487999320030212
v55_h94,v55_h133,0.015243999660015106
v55_h94,v55_h136,0.009146399796009064
v55_h94,v55_h162,0.0030487999320030212
v55_h95,v55_h16,0.009146399796009064
v55_h95,v55_h19,0.009146399796009064
v55_h95,v55_h34,0.0030487999320030212
v55_h95,v55_h42,0.0060975998640060425
v55_h95,v55_h44,0.009146399796009064
v55_h95,v55_h49,0.009146399796009064
v55_h95,v55_h133,0.015243999660015106
v55_h95,v55_h136,0.009146399796009064
v55_h96,v55_h16,0.0030487999320030212
v55_h96,v55_h19,0.0030487999320030212
v55_h96,v55_h42,0.0030487999320030212
v55_h96,v55_h44,0.0030487999320030212
v55_h96,v55_h133,0.0030487999320030212
v55_h97,v55_h42,0.0030487999320030212
v55_h97,v55_h136,0.0060975998640060425
v55_h98,v55_h16,0.0030487999320030212
v55_h98,v55_h19,0.0030487999320030212
v55_h98,v55_h42,0.0060975998640060425
v55_h98,v55_h44,0.0030487999320030212
v55_h98,v55_h49,0.0030487999320030212
v55_h98,v55_h133,0.012195000424981117
v55_h98,v55_h136,0.012195000424981117
v55_h98,v55_h162,0.0030487999320030212
v56_h1,v56_h4,0.0835459977388382
v56_h1,v56_h51,0.004023300018161535
v56_h1,v56_h61,0.00804660003632307
v56_h1,v56_h66,0.024140000343322754
v56_h10,v56_h4,0.03218600153923035
v56_h10,v56_h51,0.016093000769615173
v56_h10,v56_h61,0.00804660003632307
v56_h10,v56_h66,0.04023300111293793
v56_h100,v56_h4,0.00804660003632307
v56_h100,v56_h51,0.07147599756717682
v56_h100,v56_h61,0.012070000171661377
v56_h100,v56_h66,0.004023300018161535
v56_h101,v56_h4,0.0754999965429306
v56_h101,v56_h51,0.012070000171661377
v56_h101,v56_h61,0.07147599756717682
v56_h101,v56_h66,0.0281629990786314
v56_h102,v56_h4,0.00804660003632307
v56_h102,v56_h51,0.016093000769615173
v56_h102,v56_h66,0.012070000171661377
v56_h104,v56_h4,0.00804660003632307
v56_h104,v56_h51,0.00804660003632307
v56_h104,v56_h61,0.012070000171661377
v56_h104,v56_h66,0.016093000769615173
v56_h105,v56_h4,0.00804660003632307
v56_h105,v56_h66,0.012070000171661377
v56_h106,v56_h4,0.00804660003632307
v56_h106,v56_h51,0.00804660003632307
v56_h106,v56_h61,0.004023300018161535
v56_h106,v56_h66,0.00804660003632307
v56_h107,v56_h4,0.012070000171661377
v56_h107,v56_h51,0.00804660003632307
v56_h107,v56_h61,0.004023300018161535
v56_h107,v56_h66,0.012070000171661377
v56_h108,v56_h4,0.004023300018161535
v56_h108,v56_h51,0.004023300018161535
v56_h108,v56_h66,0.00804660003632307
v56_h11,v56_h4,0.0281629990786314
v56_h11,v56_h51,0.004023300018161535
v56_h11,v56_h61,0.00804660003632307
v56_h11,v56_h66,0.0795229971408844
v56_h110,v56_h4,0.012070000171661377
v56_h110,v56_h51,0.00804660003632307
v56_h110,v56_h61,0.00804660003632307
v56_h110,v56_h66,0.012070000171661377
v56_h111,v56_h4,0.004023300018161535
v56_h111,v56_h51,0.004023300018161535
v56_h111,v56_h66,0.00804660003632307
v56_h112,v56_h4,0.004023300018161535
v56_h112,v56_h51,0.00804660003632307
v56_h112,v56_h66,0.0754999965429306
v56_h113,v56_h4,0.020116999745368958
v56_h113,v56_h51,0.06342999637126923
v56_h113,v56_h61,0.004023300018161535
v56_h113,v56_h66,0.016093000769615173
v56_h114,v56_h51,0.00804660003632307
v56_h114,v56_h66,0.016093000769615173
v56_h12,v56_h4,0.08756899833679199
v56_h12,v56_h51,0.016093000769615173
v56_h12,v56_h61,0.06745299696922302
v56_h12,v56_h66,0.08756899833679199
v56_h13,v56_h4,0.016093000769615173
v56_h13,v56_h51,0.004023300018161535
v56_h13,v56_h61,0.00804660003632307
v56_h13,v56_h66,0.0281629990786314
v56_h14,v56_h4,0.004023300018161535
v56_h14,v56_h51,0.004023300018161535
v56_h14,v56_h61,0.004023300018161535
v56_h14,v56_h66,0.00804660003632307
v56_h15,v56_h4,0.0281629990786314
v56_h15,v56_h51,0.00804660003632307
v56_h15,v56_h61,0.012070000171661377
v56_h15,v56_h66,0.03621000051498413
v56_h16,v56_h4,0.07147599756717682
v56_h16,v56_h66,0.09159299731254578
v56_h17,v56_h4,0.024140000343322754
v56_h17,v56_h51,0.004023300018161535
v56_h17,v56_h66,0.11170999705791473
v56_h18,v56_h4,0.03218600153923035
v56_h18,v56_h51,0.004023300018161535
v56_h18,v56_h61,0.004023300018161535
v56_h18,v56_h66,0.1076899990439415
v56_h19,v56_h4,0.0835459977388382
v56_h19,v56_h51,0.004023300018161535
v56_h19,v56_h61,0.004023300018161535
v56_h19,v56_h66,0.11573000252246857
v56_h2,v56_h4,0.09159299731254578
v56_h2,v56_h51,0.004023300018161535
v56_h2,v56_h61,0.00804660003632307
v56_h2,v56_h66,0.020116999745368958
v56_h21,v56_h4,0.024140000343322754
v56_h21,v56_h66,0.09159299731254578
v56_h24,v56_h61,0.004023300018161535
v56_h24,v56_h66,0.00804660003632307
v56_h25,v56_h4,0.0281629990786314
v56_h25,v56_h51,0.012070000171661377
v56_h25,v56_h61,0.0835459977388382
v56_h25,v56_h66,0.09963899850845337
v56_h26,v56_h4,0.020116999745368958
v56_h26,v56_h51,0.00804660003632307
v56_h26,v56_h61,0.016093000769615173
v56_h26,v56_h66,0.044256001710891724
v56_h27,v56_h4,0.012070000171661377
v56_h27,v56_h51,0.004023300018161535
v56_h27,v56_h61,0.012070000171661377
v56_h27,v56_h66,0.10366000235080719
v56_h29,v56_h4,0.004023300018161535
v56_h29,v56_h51,0.00804660003632307
v56_h29,v56_h61,0.00804660003632307
v56_h29,v56_h66,0.020116999745368958
v56_h3,v56_h4,0.00804660003632307
v56_h31,v56_h4,0.004023300018161535
v56_h31,v56_h51,0.00804660003632307
v56_h31,v56_h61,0.07147599756717682
v56_h31,v56_h66,0.0835459977388382
v56_h32,v56_h66,0.004023300018161535
v56_h35,v56_h4,0.016093000769615173
v56_h35,v56_h51,0.09561599791049957
v56_h35,v56_h61,0.012070000171661377
v56_h35,v56_h66,0.09561599791049957
v56_h4,v56_h51,0.004023300018161535
v56_h4,v56_h61,0.012070000171661377
v56_h4,v56_h66,0.09963899850845337
v56_h41,v56_h4,0.004023300018161535
v56_h41,v56_h51,0.024140000343322754
v56_h41,v56_h61,0.00804660003632307
v56_h41,v56_h66,0.0835459977388382
v56_h42,v56_h4,0.016093000769615173
v56_h42,v56_h51,0.09561599791049957
v56_h42,v56_h61,0.020116999745368958
v56_h42,v56_h66,0.020116999745368958
v56_h43,v56_h51,0.0795229971408844
v56_h43,v56_h61,0.00804660003632307
v56_h43,v56_h66,0.012070000171661377
v56_h44,v56_h51,0.020116999745368958
v56_h44,v56_h61,0.004023300018161535
v56_h45,v56_h51,0.016093000769615173
v56_h45,v56_h61,0.004023300018161535
v56_h45,v56_h66,0.00804660003632307
v56_h46,v56_h51,0.00804660003632307
v56_h48,v56_h4,0.004023300018161535
v56_h48,v56_h51,0.0835459977388382
v56_h48,v56_h61,0.00804660003632307
v56_h48,v56_h66,0.012070000171661377
v56_h49,v56_h51,0.004023300018161535
v56_h5,v56_h4,0.08756899833679199
v56_h5,v56_h51,0.004023300018161535
v56_h5,v56_h61,0.00804660003632307
v56_h5,v56_h66,0.03621000051498413
v56_h50,v56_h4,0.020116999745368958
v56_h50,v56_h51,0.09561599791049957
v56_h50,v56_h61,0.00804660003632307
v56_h50,v56_h66,0.03218600153923035
v56_h54,v56_h4,0.012070000171661377
v56_h54,v56_h51,0.020116999745368958
v56_h54,v56_h66,0.03218600153923035
v56_h55,v56_h4,0.012070000171661377
v56_h55,v56_h51,0.0795229971408844
v56_h55,v56_h61,0.012070000171661377
v56_h55,v56_h66,0.0754999965429306
v56_h56,v56_h4,0.012070000171661377
v56_h56,v56_h51,0.012070000171661377
v56_h56,v56_h61,0.00804660003632307
v56_h56,v56_h66,0.012070000171661377
v56_h57,v56_h51,0.00804660003632307
v56_h57,v56_h61,0.004023300018161535
v56_h57,v56_h66,0.00804660003632307
v56_h58,v56_h51,0.004023300018161535
v56_h58,v56_h61,0.004023300018161535
v56_h58,v56_h66,0.00804660003632307
v56_h59,v56_h4,0.004023300018161535
v56_h59,v56_h51,0.00804660003632307
v56_h59,v56_h61,0.012070000171661377
v56_h59,v56_h66,0.03218600153923035
v56_h6,v56_h4,0.012070000171661377
v56_h6,v56_h51,0.004023300018161535
v56_h6,v56_h66,0.012070000171661377
v56_h60,v56_h4,0.004023300018161535
v56_h60,v56_h51,0.00804660003632307
v56_h60,v56_h61,0.06342999637126923
v56_h61,v56_h4,0.012070000171661377
v56_h61,v56_h51,0.07147599756717682
v56_h61,v56_h66,0.012070000171661377
v56_h62,v56_h51,0.004023300018161535
v56_h63,v56_h4,0.016093000769615173
v56_h63,v56_h51,0.00804660003632307
v56_h63,v56_h61,0.07147599756717682
v56_h63,v56_h66,0.04023300111293793
v56_h65,v56_h4,0.08756899833679199
v56_h65,v56_h51,0.004023300018161535
v56_h65,v56_h61,0.012070000171661377
v56_h65,v56_h66,0.09159299731254578
v56_h66,v56_h4,0.09963899850845337
v56_h66,v56_h51,0.012070000171661377
v56_h66,v56_h61,0.012070000171661377
v56_h67,v56_h4,0.012070000171661377
v56_h67,v56_h66,0.0795229971408844
v56_h69,v56_h4,0.004023300018161535
v56_h69,v56_h51,0.012070000171661377
v56_h69,v56_h61,0.07147599756717682
v56_h69,v56_h66,0.020116999745368958
v56_h70,v56_h4,0.00804660003632307
v56_h70,v56_h51,0.012070000171661377
v56_h70,v56_h61,0.00804660003632307
v56_h70,v56_h66,0.0835459977388382
v56_h71,v56_h4,0.016093000769615173
v56_h71,v56_h51,0.016093000769615173
v56_h71,v56_h61,0.00804660003632307
v56_h71,v56_h66,0.09963899850845337
v56_h73,v56_h4,0.016093000769615173
v56_h73,v56_h51,0.004023300018161535
v56_h73,v56_h61,0.00804660003632307
v56_h73,v56_h66,0.09159299731254578
v56_h74,v56_h4,0.004023300018161535
v56_h74,v56_h61,0.004023300018161535
v56_h74,v56_h66,0.016093000769615173
v56_h75,v56_h61,0.004023300018161535
v56_h75,v56_h66,0.00804660003632307
v56_h76,v56_h4,0.004023300018161535
v56_h76,v56_h66,0.00804660003632307
v56_h77,v56_h4,0.004023300018161535
v56_h77,v56_h51,0.004023300018161535
v56_h77,v56_h61,0.004023300018161535
v56_h77,v56_h66,0.016093000769615173
v56_h78,v56_h4,0.00804660003632307
v56_h78,v56_h61,0.004023300018161535
v56_h79,v56_h4,0.00804660003632307
v56_h79,v56_h51,0.00804660003632307
v56_h79,v56_h61,0.004023300018161535
v56_h79,v56_h66,0.03218600153923035
v56_h80,v56_h4,0.020116999745368958
v56_h80,v56_h51,0.00804660003632307
v56_h80,v56_h66,0.044256001710891724
v56_h81,v56_h4,0.016093000769615173
v56_h81,v56_h51,0.004023300018161535
v56_h81,v56_h66,0.09963899850845337
v56_h83,v56_h4,0.004023300018161535
v56_h83,v56_h51,0.004023300018161535
v56_h83,v56_h66,0.016093000769615173
v56_h84,v56_h4,0.00804660003632307
v56_h84,v56_h61,0.004023300018161535
v56_h84,v56_h66,0.00804660003632307
v56_h85,v56_h4,0.016093000769615173
v56_h85,v56_h61,0.00804660003632307
v56_h85,v56_h66,0.0281629990786314
v56_h87,v56_h4,0.012070000171661377
v56_h87,v56_h51,0.004023300018161535
v56_h87,v56_h61,0.06745299696922302
v56_h87,v56_h66,0.020116999745368958
v56_h88,v56_h4,0.00804660003632307
v56_h88,v56_h61,0.004023300018161535
v56_h88,v56_h66,0.00804660003632307
v56_h89,v56_h4,0.016093000769615173
v56_h89,v56_h51,0.016093000769615173
v56_h89,v56_h61,0.004023300018161535
v56_h89,v56_h66,0.0281629990786314
v56_h90,v56_h4,0.00804660003632307
v56_h90,v56_h66,0.012070000171661377
v56_h91,v56_h66,0.012070000171661377
v56_h92,v56_h4,0.020116999745368958
v56_h92,v56_h51,0.00804660003632307
v56_h92,v56_h61,0.004023300018161535
v56_h92,v56_h66,0.020116999745368958
v56_h93,v56_h4,0.004023300018161535
v56_h93,v56_h51,0.016093000769615173
v56_h93,v56_h61,0.004023300018161535
v56_h93,v56_h66,0.016093000769615173
v56_h94,v56_h4,0.012070000171661377
v56_h94,v56_h51,0.00804660003632307
v56_h94,v56_h66,0.0281629990786314
v56_h95,v56_h4,0.00804660003632307
v56_h95,v56_h66,0.00804660003632307
v56_h96,v56_h4,0.012070000171661377
v56_h96,v56_h61,0.00804660003632307
v56_h96,v56_h66,0.016093000769615173
v56_h97,v56_h4,0.004023300018161535
v56_h97,v56_h51,0.00804660003632307
v56_h97,v56_h66,0.004023300018161535
v56_h98,v56_h4,0.06745299696922302
v56_h98,v56_h51,0.004023300018161535
v56_h98,v56_h61,0.004023300018161535
v56_h98,v56_h66,0.020116999745368958
v57_h1,v57_h10,0.021369000896811485
v57_h1,v57_h12,0.009158100001513958
v57_h1,v57_h20,0.003052700078114867
v57_h1,v57_h49,0.003052700078114867
v57_h1,v57_h52,0.006105400156229734
v57_h1,v57_h117,0.003052700078114867
v57_h1,v57_h134,0.006105400156229734
v57_h1,v57_h152,0.003052700078114867
v57_h1,v57_h182,0.003052700078114867
v57_h10,v57_h12,0.10103999823331833
v57_h10,v57_h20,0.018316000699996948
v57_h10,v57_h49,0.012210999615490437
v57_h10,v57_h52,0.012210999615490437
v57_h10,v57_h117,0.003052700078114867
v57_h10,v57_h129,0.015263999812304974
v57_h10,v57_h134,0.07661999762058258
v57_h10,v57_h152,0.0674619972705841
v57_h10,v57_h180,0.006105400156229734
v57_h10,v57_h182,0.018316000699996948
v57_h100,v57_h10,0.015263999812304974
v57_h100,v57_h12,0.009158100001513958
v57_h100,v57_h49,0.015263999812304974
v57_h100,v57_h52,0.006105400156229734
v57_h100,v57_h117,0.003052700078114867
v57_h100,v57_h121,0.06135699898004532
v57_h100,v57_h134,0.003052700078114867
v57_h100,v57_h152,0.06135699898004532
v57_h101,v57_h10,0.006105400156229734
v57_h101,v57_h20,0.06135699898004532
v57_h101,v57_h49,0.009158100001513958
v57_h101,v57_h52,0.003052700078114867
v57_h101,v57_h117,0.003052700078114867
v57_h101,v57_h121,0.003052700078114867
v57_h101,v57_h129,0.003052700078114867
v57_h101,v57_h134,0.003052700078114867
v57_h101,v57_h180,0.003052700078114867
v57_h101,v57_h182,0.003052700078114867
v57_h102,v57_h10,0.012210999615490437
v57_h102,v57_h12,0.003052700078114867
v57_h102,v57_h20,0.006105400156229734
v57_h102,v57_h49,0.003052700078114867
v57_h102,v57_h117,0.003052700078114867
v57_h102,v57_h121,0.05830400064587593
v57_h102,v57_h134,0.012210999615490437
v57_h102,v57_h152,0.006105400156229734
v57_h102,v57_h180,0.006105400156229734
v57_h102,v57_h182,0.003052700078114867
v57_h104,v57_h10,0.021369000896811485
v57_h104,v57_h12,0.006105400156229734
v57_h104,v57_h49,0.006105400156229734
v57_h104,v57_h52,0.009158100001513958
v57_h104,v57_h117,0.003052700078114867
v57_h104,v57_h121,0.006105400156229734
v57_h104,v57_h134,0.07051499933004379
v57_h104,v57_h152,0.006105400156229734
v57_h104,v57_h180,0.009158100001513958
v57_h104,v57_h182,0.009158100001513958
v57_h105,v57_h10,0.06135699898004532
v57_h105,v57_h12,0.006105400156229734
v57_h105,v57_h20,0.003052700078114867
v57_h105,v57_h52,0.003052700078114867
v57_h105,v57_h117,0.006105400156229734
v57_h105,v57_h121,0.003052700078114867
v57_h105,v57_h129,0.003052700078114867
v57_h105,v57_h134,0.021369000896811485
v57_h105,v57_h152,0.006105400156229734
v57_h105,v57_h180,0.064410001039505
v57_h105,v57_h182,0.009158100001513958
v57_h106,v57_h12,0.003052700078114867
v57_h106,v57_h49,0.006105400156229734
v57_h106,v57_h52,0.003052700078114867
v57_h106,v57_h117,0.006105400156229734
v57_h106,v57_h121,0.003052700078114867
v57_h106,v57_h134,0.003052700078114867
v57_h106,v57_h152,0.003052700078114867
v57_h106,v57_h180,0.003052700078114867
v57_h106,v57_h182,0.009158100001513958
v57_h107,v57_h10,0.015263999812304974
v57_h107,v57_h12,0.003052700078114867
v57_h107,v57_h20,0.003052700078114867
v57_h107,v57_h49,0.012210999615490437
v57_h107,v57_h52,0.012210999615490437
v57_h107,v57_h117,0.06135699898004532
v57_h107,v57_h121,0.06135699898004532
v57_h107,v57_h129,0.006105400156229734
v57_h107,v57_h134,0.006105400156229734
v57_h107,v57_h152,0.003052700078114867
v57_h107,v57_h180,0.009158100001513958
v57_h107,v57_h182,0.07051499933004379
v57_h108,v57_h12,0.003052700078114867
v57_h108,v57_h49,0.05830400064587593
v57_h108,v57_h52,0.003052700078114867
v57_h108,v57_h117,0.06135699898004532
v57_h108,v57_h121,0.006105400156229734
v57_h108,v57_h129,0.003052700078114867
v57_h108,v57_h134,0.003052700078114867
v57_h108,v57_h152,0.006105400156229734
v57_h108,v57_h182,0.07051499933004379
v57_h11,v57_h10,0.07356800138950348
v57_h11,v57_h12,0.06135699898004532
v57_h11,v57_h49,0.003052700078114867
v57_h11,v57_h52,0.009158100001513958
v57_h11,v57_h117,0.003052700078114867
v57_h11,v57_h129,0.003052700078114867
v57_h11,v57_h134,0.07356800138950348
v57_h11,v57_h152,0.006105400156229734
v57_h11,v57_h180,0.006105400156229734
v57_h11,v57_h182,0.06135699898004532
v57_h110,v57_h10,0.003052700078114867
v57_h110,v57_h12,0.003052700078114867
v57_h110,v57_h20,0.006105400156229734
v57_h110,v57_h49,0.009158100001513958
v57_h110,v57_h52,0.012210999615490437
v57_h110,v57_h117,0.009158100001513958
v57_h110,v57_h121,0.006105400156229734
v57_h110,v57_h129,0.003052700078114867
v57_h110,v57_h134,0.012210999615490437
v57_h110,v57_h152,0.003052700078114867
v57_h110,v57_h180,0.003052700078114867
v57_h110,v57_h182,0.012210999615490437
v57_h111,v57_h10,0.003052700078114867
v57_h111,v57_h20,0.006105400156229734
v57_h111,v57_h49,0.003052700078114867
v57_h111,v57_h52,0.006105400156229734
v57_h111,v57_h134,0.009158100001513958
v57_h111,v57_h152,0.006105400156229734
v57_h111,v57_h180,0.009158100001513958
v57_h111,v57_h182,0.006105400156229734
v57_h112,v57_h10,0.009158100001513958
v57_h112,v57_h12,0.006105400156229734
v57_h112,v57_h49,0.018316000699996948
v57_h112,v57_h52,0.07356800138950348
v57_h112,v57_h117,0.003052700078114867
v57_h112,v57_h134,0.05830400064587593
v57_h112,v57_h152,0.003052700078114867
v57_h112,v57_h182,0.009158100001513958
v57_h113,v57_h49,0.003052700078114867
v57_h113,v57_h52,0.003052700078114867
v57_h113,v57_h117,0.003052700078114867
v57_h113,v57_h129,0.003052700078114867
v57_h113,v57_h182,0.003052700078114867
v57_h114,v57_h10,0.003052700078114867
v57_h114,v57_h49,0.018316000699996948
v57_h114,v57_h52,0.003052700078114867
v57_h114,v57_h117,0.0674619972705841
v57_h114,v57_h121,0.06135699898004532
v57_h114,v57_h129,0.003052700078114867
v57_h114,v57_h134,0.003052700078114867
v57_h114,v57_h182,0.064410001039505
v57_h12,v57_h10,0.10103999823331833
v57_h12,v57_h20,0.012210999615490437
v57_h12,v57_h49,0.009158100001513958
v57_h12,v57_h129,0.006105400156229734
v57_h12,v57_h134,0.018316000699996948
v57_h12,v57_h152,0.006105400156229734
v57_h12,v57_h182,0.012210999615490437
v57_h13,v57_h10,0.021369000896811485
v57_h13,v57_h12,0.0674619972705841
v57_h13,v57_h20,0.006105400156229734
v57_h13,v57_h49,0.006105400156229734
v57_h13,v57_h52,0.006105400156229734
v57_h13,v57_h117,0.003052700078114867
v57_h13,v57_h134,0.003052700078114867
v57_h13,v57_h152,0.003052700078114867
v57_h13,v57_h182,0.003052700078114867
v57_h14,v57_h10,0.07356800138950348
v57_h14,v57_h12,0.024421999230980873
v57_h14,v57_h20,0.015263999812304974
v57_h14,v57_h49,0.003052700078114867
v57_h14,v57_h52,0.003052700078114867
v57_h14,v57_h117,0.003052700078114867
v57_h14,v57_h129,0.006105400156229734
v57_h14,v57_h134,0.07661999762058258
v57_h14,v57_h152,0.006105400156229734
v57_h14,v57_h180,0.055250998586416245
v57_h14,v57_h182,0.06135699898004532
v57_h15,v57_h10,0.08883100003004074
v57_h15,v57_h12,0.07661999762058258
v57_h15,v57_h20,0.012210999615490437
v57_h15,v57_h49,0.006105400156229734
v57_h15,v57_h52,0.003052700078114867
v57_h15,v57_h129,0.003052700078114867
v57_h15,v57_h134,0.015263999812304974
v57_h15,v57_h152,0.006105400156229734
v57_h15,v57_h180,0.003052700078114867
v57_h15,v57_h182,0.006105400156229734
v57_h16,v57_h10,0.08272600173950195
v57_h16,v57_h12,0.07356800138950348
v57_h16,v57_h20,0.07661999762058258
v57_h16,v57_h49,0.006105400156229734
v57_h16,v57_h52,0.009158100001513958
v57_h16,v57_h134,0.018316000699996948
v57_h16,v57_h152,0.009158100001513958
v57_h16,v57_h182,0.003052700078114867
v57_h17,v57_h10,0.09493699669837952
v57_h17,v57_h12,0.07356800138950348
v57_h17,v57_h20,0.07051499933004379
v57_h17,v57_h49,0.003052700078114867
v57_h17,v57_h52,0.003052700078114867
v57_h17,v57_h129,0.003052700078114867
v57_h17,v57_h134,0.015263999812304974
v57_h17,v57_h152,0.012210999615490437
v57_h17,v57_h180,0.003052700078114867
v57_h17,v57_h182,0.012210999615490437
v57_h18,v57_h10,0.09493699669837952
v57_h18,v57_h12,0.09188400208950043
v57_h18,v57_h20,0.07661999762058258
v57_h18,v57_h49,0.003052700078114867
v57_h18,v57_h52,0.006105400156229734
v57_h18,v57_h129,0.003052700078114867
v57_h18,v57_h134,0.07661999762058258
v57_h18,v57_h152,0.003052700078114867
v57_h18,v57_h180,0.003052700078114867
v57_h18,v57_h182,0.012210999615490437
v57_h19,v57_h10,0.07661999762058258
v57_h19,v57_h12,0.07661999762058258
v57_h19,v57_h20,0.07051499933004379
v57_h19,v57_h49,0.003052700078114867
v57_h19,v57_h52,0.003052700078114867
v57_h19,v57_h134,0.009158100001513958
v57_h19,v57_h152,0.003052700078114867
v57_h2,v57_h10,0.064410001039505
v57_h2,v57_h12,0.05830400064587593
v57_h2,v57_h20,0.006105400156229734
v57_h2,v57_h49,0.006105400156229734
v57_h2,v57_h52,0.003052700078114867
v57_h2,v57_h117,0.003052700078114867
v57_h2,v57_h134,0.012210999615490437
v57_h2,v57_h152,0.006105400156229734
v57_h2,v57_h180,0.003052700078114867
v57_h21,v57_h10,0.07051499933004379
v57_h21,v57_h12,0.024421999230980873
v57_h21,v57_h20,0.08883100003004074
v57_h21,v57_h49,0.015263999812304974
v57_h21,v57_h52,0.003052700078114867
v57_h21,v57_h121,0.003052700078114867
v57_h21,v57_h129,0.003052700078114867
v57_h21,v57_h134,0.015263999812304974
v57_h21,v57_h152,0.009158100001513958
v57_h21,v57_h180,0.003052700078114867
v57_h21,v57_h182,0.006105400156229734
v57_h22,v57_h10,0.018316000699996948
v57_h22,v57_h12,0.012210999615490437
v57_h22,v57_h20,0.07661999762058258
v57_h22,v57_h49,0.009158100001513958
v57_h22,v57_h52,0.015263999812304974
v57_h22,v57_h117,0.003052700078114867
v57_h22,v57_h129,0.003052700078114867
v57_h22,v57_h134,0.064410001039505
v57_h22,v57_h152,0.003052700078114867
v57_h22,v57_h182,0.006105400156229734
v57_h24,v57_h10,0.027473999187350273
v57_h24,v57_h12,0.015263999812304974
v57_h24,v57_h20,0.0674619972705841
v57_h24,v57_h49,0.015263999812304974
v57_h24,v57_h52,0.07356800138950348
v57_h24,v57_h117,0.003052700078114867
v57_h24,v57_h129,0.006105400156229734
v57_h24,v57_h134,0.07661999762058258
v57_h24,v57_h152,0.006105400156229734
v57_h24,v57_h180,0.006105400156229734
v57_h24,v57_h182,0.006105400156229734
v57_h25,v57_h10,0.018316000699996948
v57_h25,v57_h12,0.027473999187350273
v57_h25,v57_h20,0.015263999812304974
v57_h25,v57_h49,0.015263999812304974
v57_h25,v57_h52,0.009158100001513958
v57_h25,v57_h117,0.003052700078114867
v57_h25,v57_h121,0.003052700078114867
v57_h25,v57_h129,0.003052700078114867
v57_h25,v57_h134,0.015263999812304974
v57_h25,v57_h152,0.009158100001513958
v57_h25,v57_h182,0.009158100001513958
v57_h26,v57_h10,0.012210999615490437
v57_h26,v57_h12,0.064410001039505
v57_h26,v57_h20,0.012210999615490437
v57_h26,v57_h49,0.07051499933004379
v57_h26,v57_h52,0.009158100001513958
v57_h26,v57_h117,0.006105400156229734
v57_h26,v57_h129,0.003052700078114867
v57_h26,v57_h134,0.009158100001513958
v57_h26,v57_h152,0.015263999812304974
v57_h26,v57_h180,0.003052700078114867
v57_h26,v57_h182,0.003052700078114867
v57_h27,v57_h10,0.012210999615490437
v57_h27,v57_h12,0.012210999615490437
v57_h27,v57_h20,0.05830400064587593
v57_h27,v57_h49,0.006105400156229734
v57_h27,v57_h52,0.009158100001513958
v57_h27,v57_h117,0.003052700078114867
v57_h27,v57_h134,0.012210999615490437
v57_h27,v57_h180,0.006105400156229734
v57_h27,v57_h182,0.009158100001513958
v57_h29,v57_h10,0.0674619972705841
v57_h29,v57_h12,0.07356800138950348
v57_h29,v57_h20,0.009158100001513958
v57_h29,v57_h49,0.021369000896811485
v57_h29,v57_h52,0.003052700078114867
v57_h29,v57_h117,0.003052700078114867
v57_h29,v57_h121,0.009158100001513958
v57_h29,v57_h134,0.015263999812304974
v57_h29,v57_h152,0.009158100001513958
v57_h29,v57_h180,0.003052700078114867
v57_h29,v57_h182,0.009158100001513958
v57_h3,v57_h10,0.0674619972705841
v57_h3,v57_h12,0.012210999615490437
v57_h3,v57_h20,0.003052700078114867
v57_h3,v57_h49,0.003052700078114867
v57_h3,v57_h52,0.003052700078114867
v57_h3,v57_h134,0.07051499933004379
v57_h3,v57_h152,0.003052700078114867
v57_h3,v57_h180,0.003052700078114867
v57_h31,v57_h10,0.012210999615490437
v57_h31,v57_h12,0.015263999812304974
v57_h31,v57_h20,0.006105400156229734
v57_h31,v57_h49,0.07051499933004379
v57_h31,v57_h52,0.07051499933004379
v57_h31,v57_h129,0.003052700078114867
v57_h31,v57_h134,0.003052700078114867
v57_h31,v57_h152,0.009158100001513958
v57_h31,v57_h182,0.006105400156229734
v57_h32,v57_h10,0.018316000699996948
v57_h32,v57_h12,0.0674619972705841
v57_h32,v57_h20,0.012210999615490437
v57_h32,v57_h49,0.07967299968004227
v57_h32,v57_h52,0.021369000896811485
v57_h32,v57_h117,0.009158100001513958
v57_h32,v57_h129,0.009158100001513958
v57_h32,v57_h134,0.003052700078114867
v57_h32,v57_h152,0.009158100001513958
v57_h32,v57_h182,0.064410001039505
v57_h35,v57_h10,0.012210999615490437
v57_h35,v57_h12,0.009158100001513958
v57_h35,v57_h20,0.003052700078114867
v57_h35,v57_h49,0.003052700078114867
v57_h35,v57_h52,0.003052700078114867
v57_h35,v57_h129,0.003052700078114867
v57_h35,v57_h134,0.003052700078114867
v57_h35,v57_h152,0.006105400156229734
v57_h35,v57_h180,0.003052700078114867
v57_h35,v57_h182,0.006105400156229734
v57_h4,v57_h10,0.07661999762058258
v57_h4,v57_h12,0.07356800138950348
v57_h4,v57_h20,0.009158100001513958
v57_h4,v57_h49,0.009158100001513958
v57_h4,v57_h52,0.003052700078114867
v57_h4,v57_h117,0.003052700078114867
v57_h4,v57_h129,0.006105400156229734
v57_h4,v57_h134,0.012210999615490437
v57_h4,v57_h152,0.012210999615490437
v57_h4,v57_h182,0.006105400156229734
v57_h40,v57_h10,0.07967299968004227
v57_h40,v57_h12,0.07051499933004379
v57_h40,v57_h20,0.006105400156229734
v57_h40,v57_h49,0.009158100001513958
v57_h40,v57_h52,0.018316000699996948
v57_h40,v57_h117,0.009158100001513958
v57_h40,v57_h121,0.003052700078114867
v57_h40,v57_h129,0.064410001039505
v57_h40,v57_h134,0.015263999812304974
v57_h40,v57_h152,0.009158100001513958
v57_h40,v57_h180,0.003052700078114867
v57_h40,v57_h182,0.07661999762058258
v57_h41,v57_h10,0.015263999812304974
v57_h41,v57_h12,0.015263999812304974
v57_h41,v57_h20,0.006105400156229734
v57_h41,v57_h49,0.018316000699996948
v57_h41,v57_h52,0.009158100001513958
v57_h41,v57_h117,0.003052700078114867
v57_h41,v57_h121,0.009158100001513958
v57_h41,v57_h129,0.009158100001513958
v57_h41,v57_h134,0.003052700078114867
v57_h41,v57_h152,0.009158100001513958
v57_h41,v57_h180,0.003052700078114867
v57_h41,v57_h182,0.015263999812304974
v57_h42,v57_h10,0.018316000699996948
v57_h42,v57_h12,0.012210999615490437
v57_h42,v57_h20,0.009158100001513958
v57_h42,v57_h49,0.08883100003004074
v57_h42,v57_h52,0.07051499933004379
v57_h42,v57_h117,0.003052700078114867
v57_h42,v57_h121,0.009158100001513958
v57_h42,v57_h129,0.006105400156229734
v57_h42,v57_h134,0.003052700078114867
v57_h42,v57_h152,0.018316000699996948
v57_h42,v57_h180,0.003052700078114867
v57_h42,v57_h182,0.006105400156229734
v57_h43,v57_h10,0.021369000896811485
v57_h43,v57_h12,0.07051499933004379
v57_h43,v57_h20,0.006105400156229734
v57_h43,v57_h49,0.027473999187350273
v57_h43,v57_h52,0.015263999812304974
v57_h43,v57_h117,0.003052700078114867
v57_h43,v57_h121,0.006105400156229734
v57_h43,v57_h129,0.064410001039505
v57_h43,v57_h134,0.006105400156229734
v57_h43,v57_h152,0.006105400156229734
v57_h43,v57_h180,0.003052700078114867
v57_h43,v57_h182,0.018316000699996948
v57_h44,v57_h10,0.006105400156229734
v57_h44,v57_h12,0.015263999812304974
v57_h44,v57_h20,0.0674619972705841
v57_h44,v57_h49,0.07661999762058258
v57_h44,v57_h52,0.012210999615490437
v57_h44,v57_h117,0.003052700078114867
v57_h44,v57_h121,0.003052700078114867
v57_h44,v57_h129,0.003052700078114867
v57_h44,v57_h134,0.006105400156229734
v57_h44,v57_h152,0.006105400156229734
v57_h44,v57_h182,0.012210999615490437
v57_h45,v57_h10,0.05830400064587593
v57_h45,v57_h12,0.018316000699996948
v57_h45,v57_h20,0.009158100001513958
v57_h45,v57_h49,0.09798900038003922
v57_h45,v57_h52,0.09493699669837952
v57_h45,v57_h117,0.009158100001513958
v57_h45,v57_h121,0.009158100001513958
v57_h45,v57_h129,0.006105400156229734
v57_h45,v57_h134,0.012210999615490437
v57_h45,v57_h152,0.009158100001513958
v57_h45,v57_h182,0.018316000699996948
v57_h46,v57_h10,0.009158100001513958
v57_h46,v57_h12,0.003052700078114867
v57_h46,v57_h49,0.08577899634838104
v57_h46,v57_h52,0.08577899634838104
v57_h46,v57_h117,0.05830400064587593
v57_h46,v57_h134,0.006105400156229734
v57_h46,v57_h152,0.009158100001513958
v57_h46,v57_h180,0.003052700078114867
v57_h46,v57_h182,0.006105400156229734
v57_h48,v57_h10,0.003052700078114867
v57_h48,v57_h12,0.006105400156229734
v57_h48,v57_h20,0.003052700078114867
v57_h48,v57_h49,0.08577899634838104
v57_h48,v57_h52,0.08577899634838104
v57_h48,v57_h117,0.009158100001513958
v57_h48,v57_h121,0.003052700078114867
v57_h48,v57_h134,0.009158100001513958
v57_h48,v57_h152,0.006105400156229734
v57_h48,v57_h182,0.009158100001513958
v57_h49,v57_h10,0.012210999615490437
v57_h49,v57_h12,0.009158100001513958
v57_h49,v57_h20,0.012210999615490437
v57_h49,v57_h52,0.09188400208950043
v57_h49,v57_h117,0.015263999812304974
v57_h49,v57_h121,0.003052700078114867
v57_h49,v57_h134,0.006105400156229734
v57_h49,v57_h152,0.064410001039505
v57_h49,v57_h182,0.015263999812304974
v57_h5,v57_h10,0.07356800138950348
v57_h5,v57_h12,0.015263999812304974
v57_h5,v57_h49,0.006105400156229734
v57_h5,v57_h52,0.012210999615490437
v57_h5,v57_h129,0.003052700078114867
v57_h5,v57_h134,0.015263999812304974
v57_h5,v57_h152,0.006105400156229734
v57_h5,v57_h182,0.006105400156229734
v57_h50,v57_h10,0.003052700078114867
v57_h50,v57_h12,0.006105400156229734
v57_h50,v57_h20,0.006105400156229734
v57_h50,v57_h49,0.09493699669837952
v57_h50,v57_h52,0.07661999762058258
v57_h50,v57_h117,0.003052700078114867
v57_h50,v57_h121,0.003052700078114867
v57_h50,v57_h134,0.003052700078114867
v57_h50,v57_h152,0.006105400156229734
v57_h50,v57_h182,0.009158100001513958
v57_h55,v57_h10,0.012210999615490437
v57_h55,v57_h12,0.006105400156229734
v57_h55,v57_h20,0.009158100001513958
v57_h55,v57_h49,0.07967299968004227
v57_h55,v57_h52,0.07051499933004379
v57_h55,v57_h117,0.012210999615490437
v57_h55,v57_h129,0.006105400156229734
v57_h55,v57_h134,0.009158100001513958
v57_h55,v57_h152,0.018316000699996948
v57_h55,v57_h180,0.003052700078114867
v57_h55,v57_h182,0.003052700078114867
v57_h56,v57_h10,0.003052700078114867
v57_h56,v57_h12,0.006105400156229734
v57_h56,v57_h20,0.009158100001513958
v57_h56,v57_h49,0.08577899634838104
v57_h56,v57_h52,0.021369000896811485
v57_h56,v57_h117,0.006105400156229734
v57_h56,v57_h121,0.003052700078114867
v57_h56,v57_h129,0.006105400156229734
v57_h56,v57_h134,0.006105400156229734
v57_h56,v57_h152,0.006105400156229734
v57_h56,v57_h180,0.003052700078114867
v57_h56,v57_h182,0.012210999615490437
v57_h57,v57_h10,0.006105400156229734
v57_h57,v57_h12,0.009158100001513958
v57_h57,v57_h20,0.06135699898004532
v57_h57,v57_h49,0.03052699938416481
v57_h57,v57_h52,0.012210999615490437
v57_h57,v57_h117,0.006105400156229734
v57_h57,v57_h129,0.003052700078114867
v57_h57,v57_h134,0.003052700078114867
v57_h57,v57_h152,0.006105400156229734
v57_h57,v57_h182,0.012210999615490437
v57_h58,v57_h10,0.003052700078114867
v57_h58,v57_h12,0.009158100001513958
v57_h58,v57_h20,0.009158100001513958
v57_h58,v57_h49,0.027473999187350273
v57_h58,v57_h52,0.009158100001513958
v57_h58,v57_h117,0.009158100001513958
v57_h58,v57_h129,0.006105400156229734
v57_h58,v57_h134,0.006105400156229734
v57_h58,v57_h152,0.003052700078114867
v57_h58,v57_h182,0.06135699898004532
v57_h59,v57_h10,0.003052700078114867
v57_h59,v57_h12,0.006105400156229734
v57_h59,v57_h20,0.015263999812304974
v57_h59,v57_h49,0.09798900038003922
v57_h59,v57_h52,0.018316000699996948
v57_h59,v57_h117,0.0674619972705841
v57_h59,v57_h121,0.009158100001513958
v57_h59,v57_h129,0.003052700078114867
v57_h59,v57_h134,0.012210999615490437
v57_h59,v57_h152,0.009158100001513958
v57_h59,v57_h182,0.027473999187350273
v57_h6,v57_h10,0.015263999812304974
v57_h6,v57_h12,0.006105400156229734
v57_h6,v57_h20,0.006105400156229734
v57_h6,v57_h49,0.012210999615490437
v57_h6,v57_h52,0.012210999615490437
v57_h6,v57_h129,0.003052700078114867
v57_h6,v57_h134,0.012210999615490437
v57_h6,v57_h180,0.003052700078114867
v57_h6,v57_h182,0.003052700078114867
v57_h60,v57_h10,0.003052700078114867
v57_h60,v57_h12,0.012210999615490437
v57_h60,v57_h20,0.006105400156229734
v57_h60,v57_h49,0.07661999762058258
v57_h60,v57_h52,0.006105400156229734
v57_h60,v57_h117,0.06135699898004532
v57_h60,v57_h121,0.003052700078114867
v57_h60,v57_h134,0.003052700078114867
v57_h60,v57_h152,0.006105400156229734
v57_h60,v57_h182,0.018316000699996948
v57_h61,v57_h10,0.015263999812304974
v57_h61,v57_h12,0.006105400156229734
v57_h61,v57_h20,0.012210999615490437
v57_h61,v57_h49,0.08272600173950195
v57_h61,v57_h52,0.024421999230980873
v57_h61,v57_h117,0.021369000896811485
v57_h61,v57_h129,0.009158100001513958
v57_h61,v57_h134,0.009158100001513958
v57_h61,v57_h152,0.006105400156229734
v57_h61,v57_h182,0.064410001039505
v57_h62,v57_h20,0.003052700078114867
v57_h62,v57_h49,0.012210999615490437
v57_h62,v57_h52,0.003052700078114867
v57_h62,v57_h117,0.003052700078114867
v57_h62,v57_h152,0.003052700078114867
v57_h63,v57_h10,0.015263999812304974
v57_h63,v57_h12,0.012210999615490437
v57_h63,v57_h20,0.006105400156229734
v57_h63,v57_h49,0.018316000699996948
v57_h63,v57_h52,0.003052700078114867
v57_h63,v57_h117,0.003052700078114867
v57_h63,v57_h121,0.003052700078114867
v57_h63,v57_h129,0.003052700078114867
v57_h63,v57_h134,0.009158100001513958
v57_h63,v57_h152,0.006105400156229734
v57_h63,v57_h180,0.006105400156229734
v57_h63,v57_h182,0.015263999812304974
v57_h65,v57_h10,0.009158100001513958
v57_h65,v57_h12,0.003052700078114867
v57_h65,v57_h20,0.064410001039505
v57_h65,v57_h49,0.07967299968004227
v57_h65,v57_h52,0.015263999812304974
v57_h65,v57_h117,0.003052700078114867
v57_h65,v57_h129,0.003052700078114867
v57_h65,v57_h134,0.003052700078114867
v57_h65,v57_h152,0.006105400156229734
v57_h65,v57_h182,0.006105400156229734
v57_h66,v57_h10,0.006105400156229734
v57_h66,v57_h12,0.006105400156229734
v57_h66,v57_h20,0.003052700078114867
v57_h66,v57_h49,0.021369000896811485
v57_h66,v57_h52,0.006105400156229734
v57_h66,v57_h117,0.006105400156229734
v57_h66,v57_h121,0.006105400156229734
v57_h66,v57_h129,0.003052700078114867
v57_h66,v57_h152,0.006105400156229734
v57_h66,v57_h182,0.009158100001513958
v57_h67,v57_h10,0.009158100001513958
v57_h67,v57_h12,0.018316000699996948
v57_h67,v57_h20,0.003052700078114867
v57_h67,v57_h49,0.07356800138950348
v57_h67,v57_h52,0.018316000699996948
v57_h67,v57_h117,0.003052700078114867
v57_h67,v57_h129,0.006105400156229734
v57_h67,v57_h152,0.006105400156229734
v57_h67,v57_h182,0.009158100001513958
v57_h69,v57_h10,0.006105400156229734
v57_h69,v57_h12,0.009158100001513958
v57_h69,v57_h20,0.003052700078114867
v57_h69,v57_h49,0.021369000896811485
v57_h69,v57_h52,0.021369000896811485
v57_h69,v57_h117,0.006105400156229734
v57_h69,v57_h129,0.06135699898004532
v57_h69,v57_h134,0.006105400156229734
v57_h69,v57_h152,0.003052700078114867
v57_h69,v57_h180,0.006105400156229734
v57_h69,v57_h182,0.018316000699996948
v57_h70,v57_h10,0.012210999615490437
v57_h70,v57_h12,0.009158100001513958
v57_h70,v57_h20,0.012210999615490437
v57_h70,v57_h49,0.018316000699996948
v57_h70,v57_h52,0.064410001039505
v57_h70,v57_h117,0.06135699898004532
v57_h70,v57_h129,0.0674619972705841
v57_h70,v57_h134,0.024421999230980873
v57_h70,v57_h152,0.015263999812304974
v57_h70,v57_h180,0.003052700078114867
v57_h70,v57_h182,0.021369000896811485
v57_h71,v57_h10,0.006105400156229734
v57_h71,v57_h12,0.006105400156229734
v57_h71,v57_h20,0.003052700078114867
v57_h71,v57_h49,0.003052700078114867
v57_h71,v57_h52,0.003052700078114867
v57_h71,v57_h117,0.003052700078114867
v57_h71,v57_h121,0.003052700078114867
v57_h71,v57_h129,0.006105400156229734
v57_h71,v57_h134,0.05830400064587593
v57_h71,v57_h152,0.006105400156229734
v57_h71,v57_h180,0.003052700078114867
v57_h72,v57_h10,0.003052700078114867
v57_h72,v57_h12,0.009158100001513958
v57_h72,v57_h49,0.009158100001513958
v57_h72,v57_h52,0.009158100001513958
v57_h72,v57_h117,0.006105400156229734
v57_h72,v57_h129,0.006105400156229734
v57_h72,v57_h134,0.006105400156229734
v57_h72,v57_h152,0.003052700078114867
v57_h72,v57_h182,0.006105400156229734
v57_h73,v57_h12,0.006105400156229734
v57_h73,v57_h20,0.003052700078114867
v57_h73,v57_h49,0.009158100001513958
v57_h73,v57_h117,0.003052700078114867
v57_h73,v57_h121,0.003052700078114867
v57_h73,v57_h152,0.003052700078114867
v57_h74,v57_h10,0.012210999615490437
v57_h74,v57_h12,0.006105400156229734
v57_h74,v57_h20,0.003052700078114867
v57_h74,v57_h49,0.024421999230980873
v57_h74,v57_h52,0.009158100001513958
v57_h74,v57_h117,0.006105400156229734
v57_h74,v57_h121,0.003052700078114867
v57_h74,v57_h134,0.009158100001513958
v57_h74,v57_h152,0.003052700078114867
v57_h74,v57_h182,0.015263999812304974
v57_h75,v57_h49,0.003052700078114867
v57_h75,v57_h117,0.003052700078114867
v57_h75,v57_h182,0.003052700078114867
v57_h76,v57_h12,0.003052700078114867
v57_h76,v57_h20,0.006105400156229734
v57_h76,v57_h49,0.015263999812304974
v57_h76,v57_h52,0.006105400156229734
v57_h76,v57_h117,0.009158100001513958
v57_h76,v57_h121,0.003052700078114867
v57_h76,v57_h129,0.003052700078114867
v57_h76,v57_h134,0.003052700078114867
v57_h76,v57_h152,0.003052700078114867
v57_h76,v57_h180,0.003052700078114867
v57_h76,v57_h182,0.009158100001513958
v57_h77,v57_h10,0.006105400156229734
v57_h77,v57_h12,0.003052700078114867
v57_h77,v57_h20,0.003052700078114867
v57_h77,v57_h49,0.07051499933004379
v57_h77,v57_h52,0.018316000699996948
v57_h77,v57_h117,0.003052700078114867
v57_h77,v57_h134,0.006105400156229734
v57_h77,v57_h152,0.003052700078114867
v57_h77,v57_h180,0.006105400156229734
v57_h77,v57_h182,0.009158100001513958
v57_h78,v57_h10,0.009158100001513958
v57_h78,v57_h12,0.012210999615490437
v57_h78,v57_h20,0.006105400156229734
v57_h78,v57_h49,0.07661999762058258
v57_h78,v57_h52,0.064410001039505
v57_h78,v57_h117,0.012210999615490437
v57_h78,v57_h129,0.009158100001513958
v57_h78,v57_h134,0.003052700078114867
v57_h78,v57_h152,0.009158100001513958
v57_h78,v57_h182,0.06135699898004532
v57_h80,v57_h10,0.003052700078114867
v57_h80,v57_h20,0.064410001039505
v57_h80,v57_h49,0.07967299968004227
v57_h80,v57_h52,0.009158100001513958
v57_h80,v57_h117,0.009158100001513958
v57_h80,v57_h134,0.003052700078114867
v57_h80,v57_h152,0.006105400156229734
v57_h80,v57_h182,0.006105400156229734
v57_h81,v57_h10,0.015263999812304974
v57_h81,v57_h12,0.015263999812304974
v57_h81,v57_h20,0.003052700078114867
v57_h81,v57_h49,0.009158100001513958
v57_h81,v57_h52,0.003052700078114867
v57_h81,v57_h117,0.055250998586416245
v57_h81,v57_h134,0.003052700078114867
v57_h81,v57_h152,0.006105400156229734
v57_h81,v57_h182,0.009158100001513958
v57_h83,v57_h10,0.05830400064587593
v57_h83,v57_h12,0.012210999615490437
v57_h83,v57_h49,0.009158100001513958
v57_h83,v57_h52,0.012210999615490437
v57_h83,v57_h117,0.012210999615490437
v57_h83,v57_h121,0.006105400156229734
v57_h83,v57_h129,0.003052700078114867
v57_h83,v57_h134,0.012210999615490437
v57_h83,v57_h152,0.012210999615490437
v57_h83,v57_h182,0.012210999615490437
v57_h84,v57_h10,0.009158100001513958
v57_h84,v57_h12,0.009158100001513958
v57_h84,v57_h49,0.009158100001513958
v57_h84,v57_h52,0.009158100001513958
v57_h84,v57_h117,0.012210999615490437
v57_h84,v57_h129,0.006105400156229734
v57_h84,v57_h134,0.012210999615490437
v57_h84,v57_h152,0.009158100001513958
v57_h84,v57_h182,0.003052700078114867
v57_h85,v57_h10,0.015263999812304974
v57_h85,v57_h12,0.055250998586416245
v57_h85,v57_h20,0.003052700078114867
v57_h85,v57_h49,0.009158100001513958
v57_h85,v57_h52,0.012210999615490437
v57_h85,v57_h117,0.006105400156229734
v57_h85,v57_h129,0.006105400156229734
v57_h85,v57_h134,0.006105400156229734
v57_h85,v57_h182,0.006105400156229734
v57_h87,v57_h10,0.009158100001513958
v57_h87,v57_h12,0.012210999615490437
v57_h87,v57_h20,0.003052700078114867
v57_h87,v57_h49,0.015263999812304974
v57_h87,v57_h52,0.015263999812304974
v57_h87,v57_h117,0.006105400156229734
v57_h87,v57_h129,0.006105400156229734
v57_h87,v57_h134,0.015263999812304974
v57_h87,v57_h152,0.009158100001513958
v57_h87,v57_h180,0.003052700078114867
v57_h87,v57_h182,0.012210999615490437
v57_h88,v57_h10,0.006105400156229734
v57_h88,v57_h12,0.05830400064587593
v57_h88,v57_h20,0.006105400156229734
v57_h88,v57_h49,0.012210999615490437
v57_h88,v57_h52,0.003052700078114867
v57_h88,v57_h117,0.006105400156229734
v57_h88,v57_h129,0.006105400156229734
v57_h88,v57_h152,0.003052700078114867
v57_h88,v57_h182,0.006105400156229734
v57_h89,v57_h10,0.0674619972705841
v57_h89,v57_h12,0.015263999812304974
v57_h89,v57_h20,0.009158100001513958
v57_h89,v57_h49,0.009158100001513958
v57_h89,v57_h52,0.012210999615490437
v57_h89,v57_h117,0.003052700078114867
v57_h89,v57_h121,0.003052700078114867
v57_h89,v57_h129,0.015263999812304974
v57_h89,v57_h134,0.012210999615490437
v57_h89,v57_h152,0.009158100001513958
v57_h89,v57_h182,0.064410001039505
v57_h9,v57_h10,0.012210999615490437
v57_h9,v57_h12,0.015263999812304974
v57_h9,v57_h49,0.003052700078114867
v57_h9,v57_h52,0.009158100001513958
v57_h9,v57_h129,0.06135699898004532
v57_h9,v57_h134,0.003052700078114867
v57_h9,v57_h152,0.015263999812304974
v57_h9,v57_h182,0.009158100001513958
v57_h90,v57_h10,0.015263999812304974
v57_h90,v57_h12,0.012210999615490437
v57_h90,v57_h20,0.003052700078114867
v57_h90,v57_h49,0.018316000699996948
v57_h90,v57_h52,0.012210999615490437
v57_h90,v57_h117,0.006105400156229734
v57_h90,v57_h121,0.003052700078114867
v57_h90,v57_h129,0.009158100001513958
v57_h90,v57_h134,0.012210999615490437
v57_h90,v57_h152,0.012210999615490437
v57_h90,v57_h180,0.009158100001513958
v57_h90,v57_h182,0.012210999615490437
v57_h91,v57_h10,0.015263999812304974
v57_h91,v57_h12,0.015263999812304974
v57_h91,v57_h20,0.003052700078114867
v57_h91,v57_h49,0.07051499933004379
v57_h91,v57_h52,0.006105400156229734
v57_h91,v57_h117,0.003052700078114867
v57_h91,v57_h121,0.003052700078114867
v57_h91,v57_h129,0.003052700078114867
v57_h91,v57_h134,0.003052700078114867
v57_h91,v57_h152,0.064410001039505
v57_h91,v57_h182,0.009158100001513958
v57_h92,v57_h20,0.003052700078114867
v57_h92,v57_h49,0.003052700078114867
v57_h92,v57_h52,0.003052700078114867
v57_h92,v57_h152,0.003052700078114867
v57_h92,v57_h182,0.003052700078114867
v57_h93,v57_h10,0.009158100001513958
v57_h93,v57_h12,0.003052700078114867
v57_h93,v57_h20,0.009158100001513958
v57_h93,v57_h49,0.018316000699996948
v57_h93,v57_h117,0.003052700078114867
v57_h93,v57_h134,0.003052700078114867
v57_h93,v57_h152,0.003052700078114867
v57_h93,v57_h182,0.009158100001513958
v57_h94,v57_h10,0.006105400156229734
v57_h94,v57_h12,0.05830400064587593
v57_h94,v57_h20,0.006105400156229734
v57_h94,v57_h49,0.012210999615490437
v57_h94,v57_h52,0.006105400156229734
v57_h94,v57_h134,0.006105400156229734
v57_h94,v57_h152,0.003052700078114867
v57_h94,v57_h182,0.003052700078114867
v57_h95,v57_h10,0.003052700078114867
v57_h95,v57_h12,0.006105400156229734
v57_h95,v57_h20,0.003052700078114867
v57_h95,v57_h49,0.003052700078114867
v57_h95,v57_h52,0.006105400156229734
v57_h95,v57_h180,0.003052700078114867
v57_h95,v57_h182,0.003052700078114867
v57_h96,v57_h10,0.036632999777793884
v57_h96,v57_h12,0.021369000896811485
v57_h96,v57_h20,0.015263999812304974
v57_h96,v57_h49,0.036632999777793884
v57_h96,v57_h52,0.07661999762058258
v57_h96,v57_h117,0.012210999615490437
v57_h96,v57_h121,0.009158100001513958
v57_h96,v57_h129,0.012210999615490437
v57_h96,v57_h134,0.07661999762058258
v57_h96,v57_h152,0.027473999187350273
v57_h96,v57_h180,0.012210999615490437
v57_h96,v57_h182,0.07967299968004227
v57_h97,v57_h10,0.006105400156229734
v57_h97,v57_h20,0.009158100001513958
v57_h97,v57_h49,0.009158100001513958
v57_h97,v57_h52,0.009158100001513958
v57_h97,v57_h117,0.003052700078114867
v57_h97,v57_h121,0.006105400156229734
v57_h97,v57_h134,0.012210999615490437
v57_h97,v57_h152,0.009158100001513958
v57_h97,v57_h180,0.003052700078114867
v57_h97,v57_h182,0.012210999615490437
v57_h98,v57_h10,0.018316000699996948
v57_h98,v57_h12,0.06135699898004532
v57_h98,v57_h20,0.009158100001513958
v57_h98,v57_h49,0.006105400156229734
v57_h98,v57_h52,0.003052700078114867
v57_h98,v57_h129,0.003052700078114867
v57_h98,v57_h134,0.012210999615490437
v57_h98,v57_h152,0.006105400156229734
v57_h98,v57_h180,0.003052700078114867
v57_h98,v57_h182,0.003052700078114867
v58_h1,v58_h16,0.006960600148886442
v58_h1,v58_h52,0.017402000725269318
v58_h1,v58_h83,0.003480300074443221
v58_h1,v58_h92,0.006960600148886442
v58_h1,v58_h158,0.010440999642014503
v58_h10,v58_h16,0.010440999642014503
v58_h10,v58_h52,0.013921000063419342
v58_h10,v58_h158,0.003480300074443221
v58_h100,v58_h16,0.013921000063419342
v58_h100,v58_h52,0.017402000725269318
v58_h100,v58_h83,0.003480300074443221
v58_h100,v58_h92,0.010440999642014503
v58_h100,v58_h158,0.03480299934744835
v58_h101,v58_h16,0.006960600148886442
v58_h101,v58_h52,0.006960600148886442
v58_h101,v58_h92,0.006960600148886442
v58_h101,v58_h158,0.013921000063419342
v58_h102,v58_h16,0.010440999642014503
v58_h102,v58_h52,0.006960600148886442
v58_h102,v58_h92,0.006960600148886442
v58_h102,v58_h158,0.003480300074443221
v58_h104,v58_h16,0.010440999642014503
v58_h104,v58_h52,0.003480300074443221
v58_h104,v58_h158,0.0694350004196167
v58_h105,v58_h16,0.003480300074443221
v58_h105,v58_h52,0.006960600148886442
v58_h105,v58_h158,0.003480300074443221
v58_h106,v58_h16,0.058993998914957047
v58_h106,v58_h52,0.006960600148886442
v58_h106,v58_h158,0.013921000063419342
v58_h107,v58_h16,0.006960600148886442
v58_h107,v58_h52,0.003480300074443221
v58_h107,v58_h83,0.006960600148886442
v58_h107,v58_h92,0.006960600148886442
v58_h107,v58_h158,0.013921000063419342
v58_h108,v58_h16,0.024361999705433846
v58_h108,v58_h52,0.0694350004196167
v58_h108,v58_h92,0.006960600148886442
v58_h108,v58_h158,0.07291500270366669
v58_h11,v58_h16,0.06595499813556671
v58_h11,v58_h52,0.03132300078868866
v58_h11,v58_h158,0.010440999642014503
v58_h110,v58_h52,0.010440999642014503
v58_h110,v58_h83,0.003480300074443221
v58_h110,v58_h158,0.006960600148886442
v58_h111,v58_h52,0.003480300074443221
v58_h111,v58_h158,0.013921000063419342
v58_h112,v58_h16,0.013921000063419342
v58_h112,v58_h52,0.003480300074443221
v58_h112,v58_h92,0.010440999642014503
v58_h112,v58_h158,0.013921000063419342
v58_h113,v58_h83,0.003480300074443221
v58_h113,v58_h92,0.003480300074443221
v58_h113,v58_h158,0.003480300074443221
v58_h114,v58_h16,0.010440999642014503
v58_h114,v58_h52,0.003480300074443221
v58_h114,v58_h92,0.003480300074443221
v58_h114,v58_h158,0.006960600148886442
v58_h12,v58_h16,0.07639600336551666
v58_h12,v58_h52,0.020881999284029007
v58_h12,v58_h92,0.006960600148886442
v58_h12,v58_h158,0.010440999642014503
v58_h13,v58_h16,0.013921000063419342
v58_h13,v58_h52,0.006960600148886442
v58_h14,v58_h16,0.006960600148886442
v58_h14,v58_h52,0.003480300074443221
v58_h14,v58_h92,0.003480300074443221
v58_h14,v58_h158,0.006960600148886442
v58_h15,v58_h16,0.006960600148886442
v58_h15,v58_h52,0.003480300074443221
v58_h15,v58_h92,0.003480300074443221
v58_h15,v58_h158,0.013921000063419342
v58_h16,v58_h52,0.0694350004196167
v58_h16,v58_h92,0.006960600148886442
v58_h16,v58_h158,0.058993998914957047
v58_h17,v58_h16,0.0694350004196167
v58_h17,v58_h52,0.06595499813556671
v58_h17,v58_h158,0.003480300074443221
v58_h18,v58_h16,0.024361999705433846
v58_h18,v58_h52,0.0694350004196167
v58_h18,v58_h92,0.017402000725269318
v58_h18,v58_h158,0.010440999642014503
v58_h19,v58_h16,0.013921000063419342
v58_h19,v58_h52,0.006960600148886442
v58_h19,v58_h92,0.003480300074443221
v58_h2,v58_h52,0.006960600148886442
v58_h2,v58_h92,0.003480300074443221
v58_h2,v58_h158,0.003480300074443221
v58_h21,v58_h16,0.003480300074443221
v58_h21,v58_h92,0.003480300074443221
v58_h22,v58_h16,0.003480300074443221
v58_h22,v58_h52,0.003480300074443221
v58_h22,v58_h83,0.006960600148886442
v58_h22,v58_h92,0.010440999642014503
v58_h22,v58_h158,0.006960600148886442
v58_h24,v58_h16,0.003480300074443221
v58_h24,v58_h52,0.006960600148886442
v58_h24,v58_h92,0.006960600148886442
v58_h25,v58_h16,0.006960600148886442
v58_h25,v58_h52,0.010440999642014503
v58_h25,v58_h92,0.013921000063419342
v58_h25,v58_h158,0.003480300074443221
v58_h26,v58_h16,0.003480300074443221
v58_h26,v58_h52,0.010440999642014503
v58_h26,v58_h92,0.003480300074443221
v58_h26,v58_h158,0.003480300074443221
v58_h27,v58_h16,0.0694350004196167
v58_h27,v58_h52,0.013921000063419342
v58_h27,v58_h92,0.06247499957680702
v58_h27,v58_h158,0.006960600148886442
v58_h29,v58_h52,0.006960600148886442
v58_h29,v58_h92,0.013921000063419342
v58_h3,v58_h16,0.003480300074443221
v58_h3,v58_h52,0.07639600336551666
v58_h3,v58_h83,0.003480300074443221
v58_h3,v58_h92,0.006960600148886442
v58_h3,v58_h158,0.010440999642014503
v58_h31,v58_h16,0.003480300074443221
v58_h31,v58_h52,0.010440999642014503
v58_h31,v58_h83,0.006960600148886442
v58_h31,v58_h92,0.07639600336551666
v58_h31,v58_h158,0.006960600148886442
v58_h32,v58_h16,0.003480300074443221
v58_h32,v58_h52,0.003480300074443221
v58_h32,v58_h92,0.08335600048303604
v58_h32,v58_h158,0.003480300074443221
v58_h35,v58_h52,0.003480300074443221
v58_h35,v58_h83,0.003480300074443221
v58_h35,v58_h92,0.017402000725269318
v58_h35,v58_h158,0.003480300074443221
v58_h4,v58_h16,0.017402000725269318
v58_h4,v58_h52,0.07639600336551666
v58_h4,v58_h92,0.006960600148886442
v58_h4,v58_h158,0.010440999642014503
v58_h40,v58_h52,0.003480300074443221
v58_h40,v58_h83,0.006960600148886442
v58_h40,v58_h92,0.07639600336551666
v58_h41,v58_h16,0.010440999642014503
v58_h41,v58_h52,0.06595499813556671
v58_h41,v58_h83,0.010440999642014503
v58_h41,v58_h92,0.017402000725269318
v58_h41,v58_h158,0.006960600148886442
v58_h42,v58_h16,0.003480300074443221
v58_h42,v58_h52,0.013921000063419342
v58_h42,v58_h83,0.0694350004196167
v58_h42,v58_h92,0.017402000725269318
v58_h43,v58_h16,0.003480300074443221
v58_h43,v58_h52,0.013921000063419342
v58_h43,v58_h83,0.07639600336551666
v58_h43,v58_h92,0.02784300036728382
v58_h43,v58_h158,0.003480300074443221
v58_h44,v58_h16,0.006960600148886442
v58_h44,v58_h52,0.06595499813556671
v58_h44,v58_h83,0.006960600148886442
v58_h44,v58_h92,0.020881999284029007
v58_h45,v58_h16,0.003480300074443221
v58_h45,v58_h52,0.006960600148886442
v58_h45,v58_h83,0.003480300074443221
v58_h45,v58_h92,0.010440999642014503
v58_h46,v58_h16,0.003480300074443221
v58_h46,v58_h52,0.013921000063419342
v58_h46,v58_h83,0.017402000725269318
v58_h46,v58_h92,0.006960600148886442
v58_h46,v58_h158,0.003480300074443221
v58_h48,v58_h16,0.006960600148886442
v58_h48,v58_h52,0.0694350004196167
v58_h48,v58_h83,0.006960600148886442
v58_h48,v58_h92,0.006960600148886442
v58_h48,v58_h158,0.003480300074443221
v58_h49,v58_h16,0.003480300074443221
v58_h49,v58_h52,0.010440999642014503
v58_h49,v58_h92,0.010440999642014503
v58_h49,v58_h158,0.006960600148886442
v58_h5,v58_h16,0.013921000063419342
v58_h5,v58_h52,0.07291500270366669
v58_h5,v58_h83,0.003480300074443221
v58_h5,v58_h92,0.006960600148886442
v58_h5,v58_h158,0.06247499957680702
v58_h50,v58_h16,0.010440999642014503
v58_h50,v58_h52,0.0694350004196167
v58_h50,v58_h83,0.010440999642014503
v58_h50,v58_h92,0.010440999642014503
v58_h54,v58_h158,0.003480300074443221
v58_h55,v58_h16,0.010440999642014503
v58_h55,v58_h52,0.0694350004196167
v58_h55,v58_h158,0.003480300074443221
v58_h56,v58_h16,0.006960600148886442
v58_h56,v58_h52,0.010440999642014503
v58_h57,v58_h16,0.006960600148886442
v58_h57,v58_h52,0.010440999642014503
v58_h57,v58_h92,0.003480300074443221
v58_h58,v58_h16,0.006960600148886442
v58_h58,v58_h52,0.006960600148886442
v58_h59,v58_h52,0.003480300074443221
v58_h59,v58_h158,0.006960600148886442
v58_h6,v58_h16,0.006960600148886442
v58_h6,v58_h52,0.07291500270366669
v58_h6,v58_h158,0.006960600148886442
v58_h60,v58_h52,0.003480300074443221
v58_h61,v58_h16,0.006960600148886442
v58_h61,v58_h52,0.010440999642014503
v58_h61,v58_h83,0.003480300074443221
v58_h61,v58_h92,0.006960600148886442
v58_h62,v58_h16,0.07291500270366669
v58_h62,v58_h52,0.024361999705433846
v58_h62,v58_h158,0.006960600148886442
v58_h63,v58_h16,0.013921000063419342
v58_h63,v58_h52,0.06595499813556671
v58_h63,v58_h92,0.003480300074443221
v58_h65,v58_h16,0.010440999642014503
v58_h65,v58_h52,0.006960600148886442
v58_h65,v58_h83,0.003480300074443221
v58_h65,v58_h92,0.006960600148886442
v58_h65,v58_h158,0.010440999642014503
v58_h66,v58_h92,0.003480300074443221
v58_h67,v58_h16,0.003480300074443221
v58_h67,v58_h92,0.003480300074443221
v58_h67,v58_h158,0.003480300074443221
v58_h69,v58_h92,0.003480300074443221
v58_h69,v58_h158,0.006960600148886442
v58_h70,v58_h92,0.003480300074443221
v58_h70,v58_h158,0.006960600148886442
v58_h72,v58_h158,0.003480300074443221
v58_h73,v58_h52,0.003480300074443221
v58_h73,v58_h83,0.006960600148886442
v58_h73,v58_h92,0.07639600336551666
v58_h73,v58_h158,0.003480300074443221
v58_h74,v58_h16,0.010440999642014503
v58_h74,v58_h52,0.058993998914957047
v58_h74,v58_h83,0.020881999284029007
v58_h74,v58_h92,0.07639600336551666
v58_h74,v58_h158,0.0694350004196167
v58_h75,v58_h52,0.003480300074443221
v58_h75,v58_h83,0.07639600336551666
v58_h75,v58_h92,0.09727799892425537
v58_h75,v58_h158,0.010440999642014503
v58_h76,v58_h83,0.010440999642014503
v58_h76,v58_h92,0.07639600336551666
v58_h76,v58_h158,0.010440999642014503
v58_h77,v58_h52,0.006960600148886442
v58_h77,v58_h83,0.010440999642014503
v58_h77,v58_h92,0.090317003428936
v58_h77,v58_h158,0.010440999642014503
v58_h78,v58_h83,0.006960600148886442
v58_h78,v58_h92,0.07639600336551666
v58_h79,v58_h52,0.003480300074443221
v58_h79,v58_h83,0.006960600148886442
v58_h79,v58_h92,0.03132300078868866
v58_h79,v58_h158,0.006960600148886442
v58_h80,v58_h16,0.010440999642014503
v58_h80,v58_h52,0.006960600148886442
v58_h80,v58_h83,0.010440999642014503
v58_h80,v58_h92,0.0937969982624054
v58_h80,v58_h158,0.0694350004196167
v58_h81,v58_h52,0.003480300074443221
v58_h81,v58_h83,0.013921000063419342
v58_h81,v58_h92,0.10075999796390533
v58_h81,v58_h158,0.006960600148886442
v58_h83,v58_h92,0.010440999642014503
v58_h83,v58_h158,0.003480300074443221
v58_h84,v58_h16,0.003480300074443221
v58_h84,v58_h52,0.010440999642014503
v58_h84,v58_h83,0.07291500270366669
v58_h84,v58_h92,0.02784300036728382
v58_h84,v58_h158,0.06247499957680702
v58_h85,v58_h52,0.006960600148886442
v58_h85,v58_h83,0.08335600048303604
v58_h85,v58_h92,0.03132300078868866
v58_h85,v58_h158,0.006960600148886442
v58_h87,v58_h16,0.003480300074443221
v58_h87,v58_h52,0.013921000063419342
v58_h87,v58_h83,0.013921000063419342
v58_h87,v58_h92,0.07987599819898605
v58_h87,v58_h158,0.003480300074443221
v58_h88,v58_h52,0.010440999642014503
v58_h88,v58_h83,0.07987599819898605
v58_h88,v58_h92,0.07987599819898605
v58_h88,v58_h158,0.017402000725269318
v58_h89,v58_h52,0.003480300074443221
v58_h89,v58_h83,0.07291500270366669
v58_h89,v58_h92,0.090317003428936
v58_h9,v58_h16,0.017402000725269318
v58_h9,v58_h52,0.07987599819898605
v58_h9,v58_h83,0.003480300074443221
v58_h9,v58_h92,0.013921000063419342
v58_h9,v58_h158,0.020881999284029007
v58_h90,v58_h16,0.003480300074443221
v58_h90,v58_h52,0.006960600148886442
v58_h90,v58_h83,0.017402000725269318
v58_h90,v58_h92,0.08335600048303604
v58_h90,v58_h158,0.006960600148886442
v58_h91,v58_h16,0.006960600148886442
v58_h91,v58_h52,0.006960600148886442
v58_h91,v58_h83,0.010440999642014503
v58_h91,v58_h92,0.024361999705433846
v58_h91,v58_h158,0.003480300074443221
v58_h92,v58_h16,0.006960600148886442
v58_h92,v58_h52,0.003480300074443221
v58_h92,v58_h83,0.010440999642014503
v58_h92,v58_h158,0.006960600148886442
v58_h93,v58_h16,0.006960600148886442
v58_h93,v58_h52,0.003480300074443221
v58_h93,v58_h92,0.003480300074443221
v58_h93,v58_h158,0.06247499957680702
v58_h94,v58_h16,0.003480300074443221
v58_h94,v58_h52,0.003480300074443221
v58_h94,v58_h158,0.013921000063419342
v58_h95,v58_h16,0.010440999642014503
v58_h95,v58_h52,0.003480300074443221
v58_h95,v58_h92,0.003480300074443221
v58_h95,v58_h158,0.020881999284029007
v58_h96,v58_h16,0.010440999642014503
v58_h96,v58_h52,0.010440999642014503
v58_h96,v58_h83,0.010440999642014503
v58_h96,v58_h92,0.07987599819898605
v58_h96,v58_h158,0.010440999642014503
v58_h97,v58_h16,0.006960600148886442
v58_h97,v58_h52,0.006960600148886442
v58_h97,v58_h92,0.013921000063419342
v58_h97,v58_h158,0.010440999642014503
v58_h98,v58_h16,0.0694350004196167
v58_h98,v58_h52,0.003480300074443221
v58_h98,v58_h92,0.003480300074443221
v58_h98,v58_h158,0.017402000725269318
v59_h1,v59_h3,0.01333799958229065
v59_h1,v59_h50,0.004446099977940321
v59_h1,v59_h63,0.004446099977940321
v59_h1,v59_h129,0.004446099977940321
v59_h1,v59_h189,0.07112500071525574
v59_h1,v59_h271,0.004446099977940321
v59_h10,v59_h3,0.10668999701738358
v59_h10,v59_h129,0.004446099977940321
v59_h10,v59_h262,0.004446099977940321
v59_h10,v59_h271,0.004446099977940321
v59_h100,v59_h3,0.008892199955880642
v59_h100,v59_h181,0.01333799958229065
v59_h101,v59_h3,0.0177839994430542
v59_h101,v59_h63,0.004446099977940321
v59_h101,v59_h129,0.008892199955880642
v59_h101,v59_h181,0.008892199955880642
v59_h101,v59_h189,0.008892199955880642
v59_h102,v59_h123,0.08001799881458282
v59_h102,v59_h129,0.08446399867534637
v59_h104,v59_h3,0.004446099977940321
v59_h104,v59_h123,0.026676999405026436
v59_h104,v59_h129,0.08446399867534637
v59_h104,v59_h181,0.004446099977940321
v59_h105,v59_h3,0.004446099977940321
v59_h105,v59_h123,0.08890999853610992
v59_h105,v59_h129,0.08890999853610992
v59_h105,v59_h181,0.004446099977940321
v59_h106,v59_h123,0.07557199895381927
v59_h106,v59_h129,0.004446099977940321
v59_h107,v59_h123,0.08890999853610992
v59_h107,v59_h129,0.08001799881458282
v59_h108,v59_h123,0.10668999701738358
v59_h108,v59_h129,0.022230999544262886
v59_h11,v59_h3,0.12892000377178192
v59_h11,v59_h50,0.004446099977940321
v59_h11,v59_h63,0.004446099977940321
v59_h11,v59_h129,0.004446099977940321
v59_h11,v59_h181,0.004446099977940321
v59_h11,v59_h189,0.004446099977940321
v59_h11,v59_h262,0.004446099977940321
v59_h110,v59_h123,0.11558999866247177
v59_h110,v59_h129,0.026676999405026436
v59_h111,v59_h123,0.10225000232458115
v59_h111,v59_h129,0.01333799958229065
v59_h111,v59_h181,0.004446099977940321
v59_h112,v59_h123,0.10668999701738358
v59_h112,v59_h129,0.07557199895381927
v59_h113,v59_h3,0.004446099977940321
v59_h113,v59_h123,0.09335599839687347
v59_h113,v59_h129,0.01333799958229065
v59_h113,v59_h189,0.004446099977940321
v59_h114,v59_h3,0.004446099977940321
v59_h114,v59_h123,0.044461000710725784
v59_h114,v59_h129,0.0177839994430542
v59_h12,v59_h3,0.008892199955880642
v59_h12,v59_h50,0.004446099977940321
v59_h13,v59_h3,0.09780199825763702
v59_h13,v59_h50,0.07112500071525574
v59_h13,v59_h129,0.004446099977940321
v59_h13,v59_h262,0.004446099977940321
v59_h13,v59_h271,0.004446099977940321
v59_h14,v59_h3,0.10225000232458115
v59_h14,v59_h50,0.004446099977940321
v59_h14,v59_h262,0.004446099977940321
v59_h15,v59_h3,0.10225000232458115
v59_h15,v59_h50,0.004446099977940321
v59_h15,v59_h63,0.004446099977940321
v59_h15,v59_h123,0.004446099977940321
v59_h15,v59_h129,0.004446099977940321
v59_h15,v59_h189,0.004446099977940321
v59_h15,v59_h262,0.004446099977940321
v59_h16,v59_h3,0.08890999853610992
v59_h16,v59_h63,0.01333799958229065
v59_h16,v59_h129,0.004446099977940321
v59_h16,v59_h189,0.004446099977940321
v59_h16,v59_h262,0.004446099977940321
v59_h16,v59_h271,0.008892199955880642
v59_h17,v59_h3,0.09335599839687347
v59_h17,v59_h63,0.004446099977940321
v59_h17,v59_h189,0.004446099977940321
v59_h17,v59_h262,0.004446099977940321
v59_h18,v59_h3,0.11113999783992767
v59_h18,v59_h123,0.004446099977940321
v59_h18,v59_h262,0.004446099977940321
v59_h19,v59_h3,0.022230999544262886
v59_h19,v59_h63,0.004446099977940321
v59_h19,v59_h129,0.004446099977940321
v59_h2,v59_h3,0.13336999714374542
v59_h2,v59_h50,0.004446099977940321
v59_h2,v59_h63,0.008892199955880642
v59_h2,v59_h129,0.004446099977940321
v59_h2,v59_h189,0.004446099977940321
v59_h2,v59_h262,0.008892199955880642
v59_h21,v59_h3,0.07557199895381927
v59_h21,v59_h123,0.004446099977940321
v59_h21,v59_h129,0.004446099977940321
v59_h21,v59_h189,0.008892199955880642
v59_h21,v59_h262,0.004446099977940321
v59_h22,v59_h3,0.07557199895381927
v59_h22,v59_h262,0.004446099977940321
v59_h24,v59_h3,0.01333799958229065
v59_h24,v59_h189,0.008892199955880642
v59_h25,v59_h3,0.004446099977940321
v59_h26,v59_h3,0.008892199955880642
v59_h26,v59_h63,0.004446099977940321
v59_h26,v59_h123,0.008892199955880642
v59_h26,v59_h181,0.004446099977940321
v59_h26,v59_h189,0.004446099977940321
v59_h27,v59_h3,0.022230999544262886
v59_h27,v59_h63,0.01333799958229065
v59_h27,v59_h189,0.008892199955880642
v59_h29,v59_h3,0.008892199955880642
v59_h29,v59_h189,0.004446099977940321
v59_h3,v59_h50,0.008892199955880642
v59_h3,v59_h63,0.01333799958229065
v59_h3,v59_h123,0.004446099977940321
v59_h3,v59_h129,0.004446099977940321
v59_h3,v59_h181,0.004446099977940321
v59_h3,v59_h189,0.01333799958229065
v59_h3,v59_h262,0.07112500071525574
v59_h31,v59_h3,0.008892199955880642
v59_h31,v59_h129,0.004446099977940321
v59_h31,v59_h181,0.004446099977940321
v59_h31,v59_h189,0.008892199955880642
v59_h32,v59_h3,0.01333799958229065
v59_h32,v59_h50,0.008892199955880642
v59_h32,v59_h181,0.008892199955880642
v59_h32,v59_h189,0.07557199895381927
v59_h35,v59_h3,0.008892199955880642
v59_h35,v59_h50,0.004446099977940321
v59_h35,v59_h181,0.004446099977940321
v59_h35,v59_h189,0.008892199955880642
v59_h35,v59_h262,0.004446099977940321
v59_h4,v59_h3,0.16005000472068787
v59_h4,v59_h50,0.008892199955880642
v59_h4,v59_h63,0.008892199955880642
v59_h4,v59_h129,0.08001799881458282
v59_h4,v59_h189,0.0177839994430542
v59_h4,v59_h262,0.008892199955880642
v59_h40,v59_h3,0.008892199955880642
v59_h40,v59_h63,0.004446099977940321
v59_h40,v59_h189,0.008892199955880642
v59_h41,v59_h3,0.004446099977940321
v59_h41,v59_h50,0.008892199955880642
v59_h41,v59_h63,0.008892199955880642
v59_h41,v59_h189,0.004446099977940321
v59_h41,v59_h271,0.004446099977940321
v59_h42,v59_h3,0.0177839994430542
v59_h42,v59_h50,0.008892199955880642
v59_h42,v59_h63,0.01333799958229065
v59_h42,v59_h129,0.008892199955880642
v59_h42,v59_h189,0.004446099977940321
v59_h42,v59_h262,0.004446099977940321
v59_h43,v59_h50,0.004446099977940321
v59_h43,v59_h271,0.004446099977940321
v59_h44,v59_h50,0.008892199955880642
v59_h44,v59_h271,0.004446099977940321
v59_h45,v59_h3,0.008892199955880642
v59_h45,v59_h50,0.004446099977940321
v59_h45,v59_h63,0.004446099977940321
v59_h48,v59_h50,0.008892199955880642
v59_h48,v59_h63,0.004446099977940321
v59_h48,v59_h189,0.008892199955880642
v59_h48,v59_h262,0.004446099977940321
v59_h49,v59_h3,0.004446099977940321
v59_h49,v59_h50,0.06667900085449219
v59_h49,v59_h63,0.004446099977940321
v59_h49,v59_h189,0.004446099977940321
v59_h49,v59_h271,0.004446099977940321
v59_h5,v59_h3,0.11558999866247177
v59_h5,v59_h50,0.004446099977940321
v59_h5,v59_h63,0.004446099977940321
v59_h5,v59_h129,0.004446099977940321
v59_h5,v59_h262,0.004446099977940321
v59_h50,v59_h3,0.008892199955880642
v59_h50,v59_h189,0.004446099977940321
v59_h54,v59_h3,0.008892199955880642
v59_h54,v59_h50,0.004446099977940321
v59_h54,v59_h189,0.004446099977940321
v59_h55,v59_h3,0.08446399867534637
v59_h55,v59_h63,0.008892199955880642
v59_h55,v59_h129,0.008892199955880642
v59_h55,v59_h181,0.004446099977940321
v59_h55,v59_h189,0.004446099977940321
v59_h55,v59_h262,0.004446099977940321
v59_h56,v59_h3,0.004446099977940321
v59_h56,v59_h63,0.004446099977940321
v59_h57,v59_h3,0.004446099977940321
v59_h57,v59_h63,0.004446099977940321
v59_h58,v59_h3,0.004446099977940321
v59_h58,v59_h63,0.008892199955880642
v59_h59,v59_h3,0.004446099977940321
v59_h59,v59_h63,0.08890999853610992
v59_h6,v59_h3,0.040015000849962234
v59_h6,v59_h50,0.004446099977940321
v59_h6,v59_h189,0.004446099977940321
v59_h60,v59_h3,0.01333799958229065
v59_h60,v59_h50,0.004446099977940321
v59_h60,v59_h63,0.07557199895381927
v59_h60,v59_h189,0.004446099977940321
v59_h61,v59_h3,0.004446099977940321
v59_h61,v59_h50,0.004446099977940321
v59_h61,v59_h63,0.08001799881458282
v59_h61,v59_h129,0.004446099977940321
v59_h61,v59_h189,0.06667900085449219
v59_h61,v59_h262,0.004446099977940321
v59_h62,v59_h3,0.01333799958229065
v59_h62,v59_h63,0.08001799881458282
v59_h62,v59_h129,0.004446099977940321
v59_h62,v59_h189,0.008892199955880642
v59_h62,v59_h271,0.004446099977940321
v59_h63,v59_h3,0.01333799958229065
v59_h63,v59_h189,0.008892199955880642
v59_h65,v59_h63,0.008892199955880642
v59_h65,v59_h262,0.004446099977940321
v59_h66,v59_h3,0.008892199955880642
v59_h66,v59_h63,0.022230999544262886
v59_h67,v59_h3,0.008892199955880642
v59_h67,v59_h63,0.004446099977940321
v59_h67,v59_h129,0.004446099977940321
v59_h69,v59_h3,0.004446099977940321
v59_h69,v59_h50,0.004446099977940321
v59_h69,v59_h63,0.09335599839687347
v59_h69,v59_h181,0.004446099977940321
v59_h69,v59_h189,0.004446099977940321
v59_h69,v59_h262,0.008892199955880642
v59_h70,v59_h63,0.01333799958229065
v59_h71,v59_h3,0.004446099977940321
v59_h71,v59_h63,0.031122999265789986
v59_h71,v59_h189,0.004446099977940321
v59_h72,v59_h63,0.08446399867534637
v59_h73,v59_h3,0.008892199955880642
v59_h73,v59_h50,0.004446099977940321
v59_h73,v59_h63,0.08890999853610992
v59_h73,v59_h189,0.01333799958229065
v59_h74,v59_h63,0.09335599839687347
v59_h75,v59_h3,0.008892199955880642
v59_h75,v59_h63,0.035569000989198685
v59_h75,v59_h123,0.004446099977940321
v59_h75,v59_h129,0.004446099977940321
v59_h75,v59_h181,0.004446099977940321
v59_h76,v59_h3,0.008892199955880642
v59_h76,v59_h63,0.026676999405026436
v59_h76,v59_h181,0.004446099977940321
v59_h76,v59_h189,0.01333799958229065
v59_h76,v59_h262,0.004446099977940321
v59_h77,v59_h3,0.01333799958229065
v59_h77,v59_h63,0.004446099977940321
v59_h77,v59_h181,0.008892199955880642
v59_h77,v59_h189,0.08446399867534637
v59_h77,v59_h262,0.004446099977940321
v59_h77,v59_h271,0.008892199955880642
v59_h78,v59_h3,0.0177839994430542
v59_h78,v59_h63,0.01333799958229065
v59_h78,v59_h271,0.004446099977940321
v59_h79,v59_h3,0.08890999853610992
v59_h79,v59_h50,0.004446099977940321
v59_h79,v59_h63,0.01333799958229065
v59_h79,v59_h129,0.008892199955880642
v59_h79,v59_h181,0.004446099977940321
v59_h79,v59_h189,0.01333799958229065
v59_h79,v59_h262,0.008892199955880642
v59_h80,v59_h3,0.008892199955880642
v59_h80,v59_h63,0.004446099977940321
v59_h80,v59_h189,0.004446099977940321
v59_h81,v59_h3,0.008892199955880642
v59_h81,v59_h189,0.004446099977940321
v59_h83,v59_h189,0.004446099977940321
v59_h85,v59_h3,0.0177839994430542
v59_h85,v59_h181,0.004446099977940321
v59_h85,v59_h262,0.008892199955880642
v59_h85,v59_h271,0.004446099977940321
v59_h87,v59_h181,0.004446099977940321
v59_h88,v59_h181,0.004446099977940321
v59_h88,v59_h189,0.008892199955880642
v59_h88,v59_h262,0.004446099977940321
v59_h89,v59_h3,0.004446099977940321
v59_h89,v59_h189,0.08001799881458282
v59_h9,v59_h3,0.026676999405026436
v59_h9,v59_h189,0.004446099977940321
v59_h90,v59_h3,0.004446099977940321
v59_h90,v59_h63,0.008892199955880642
v59_h90,v59_h129,0.004446099977940321
v59_h90,v59_h181,0.008892199955880642
v59_h90,v59_h189,0.01333799958229065
v59_h90,v59_h262,0.004446099977940321
v59_h91,v59_h181,0.008892199955880642
v59_h91,v59_h189,0.01333799958229065
v59_h92,v59_h63,0.004446099977940321
v59_h92,v59_h123,0.008892199955880642
v59_h92,v59_h181,0.004446099977940321
v59_h92,v59_h189,0.01333799958229065
v59_h93,v59_h3,0.0177839994430542
v59_h93,v59_h181,0.008892199955880642
v59_h93,v59_h189,0.08001799881458282
v59_h93,v59_h262,0.004446099977940321
v59_h93,v59_h271,0.004446099977940321
v59_h94,v59_h3,0.004446099977940321
v59_h94,v59_h181,0.0177839994430542
v59_h94,v59_h189,0.01333799958229065
v59_h95,v59_h3,0.008892199955880642
v59_h95,v59_h181,0.008892199955880642
v59_h95,v59_h189,0.004446099977940321
v59_h96,v59_h3,0.004446099977940321
v59_h96,v59_h181,0.07112500071525574
v59_h96,v59_h189,0.004446099977940321
v59_h97,v59_h3,0.004446099977940321
v59_h97,v59_h63,0.004446099977940321
v59_h97,v59_h181,0.022230999544262886
v59_h97,v59_h189,0.0177839994430542
v59_h97,v59_h262,0.004446099977940321
v59_h97,v59_h271,0.004446099977940321
v59_h98,v59_h3,0.06667900085449219
v59_h98,v59_h181,0.01333799958229065
v59_h98,v59_h189,0.008892199955880642
v59_h98,v59_h262,0.008892199955880642
v59_h98,v59_h271,0.004446099977940321
v65_h100,v65_h53,0.06817299872636795
v65_h100,v65_h102,0.06817299872636795
v65_h100,v65_h105,0.02323799952864647
v65_h101,v65_h53,0.004647599998861551
v65_h101,v65_h102,0.004647599998861551
v65_h101,v65_h105,0.08676400035619736
v65_h101,v65_h277,0.004647599998861551
v65_h102,v65_h53,0.004647599998861551
v65_h104,v65_h53,0.013942999765276909
v65_h104,v65_h105,0.08211600035429001
v65_h106,v65_h53,0.004647599998861551
v65_h106,v65_h102,0.004647599998861551
v65_h106,v65_h105,0.09141100198030472
v65_h107,v65_h105,0.004647599998861551
v65_h107,v65_h277,0.004647599998861551
v65_h108,v65_h53,0.009295199997723103
v65_h108,v65_h105,0.004647599998861551
v65_h108,v65_h277,0.013942999765276909
v65_h11,v65_h53,0.004647599998861551
v65_h11,v65_h277,0.07746800035238266
v65_h110,v65_h53,0.004647599998861551
v65_h110,v65_h105,0.004647599998861551
v65_h110,v65_h277,0.02323799952864647
v65_h111,v65_h277,0.004647599998861551
v65_h112,v65_h277,0.004647599998861551
v65_h113,v65_h277,0.004647599998861551
v65_h12,v65_h277,0.009295199997723103
v65_h13,v65_h277,0.009295199997723103
v65_h14,v65_h277,0.009295199997723103
v65_h15,v65_h53,0.004647599998861551
v65_h15,v65_h277,0.10070999711751938
v65_h16,v65_h53,0.009295199997723103
v65_h17,v65_h53,0.013942999765276909
v65_h18,v65_h53,0.009295199997723103
v65_h19,v65_h53,0.08211600035429001
v65_h19,v65_h105,0.004647599998861551
v65_h21,v65_h53,0.08676400035619736
v65_h21,v65_h105,0.004647599998861551
v65_h22,v65_h53,0.09141100198030472
v65_h22,v65_h105,0.004647599998861551
v65_h22,v65_h277,0.004647599998861551
v65_h24,v65_h53,0.004647599998861551
v65_h25,v65_h105,0.004647599998861551
v65_h26,v65_h53,0.004647599998861551
v65_h26,v65_h277,0.004647599998861551
v65_h31,v65_h53,0.013942999765276909
v65_h31,v65_h277,0.004647599998861551
v65_h4,v65_h53,0.004647599998861551
v65_h41,v65_h53,0.004647599998861551
v65_h42,v65_h53,0.009295199997723103
v65_h42,v65_h277,0.004647599998861551
v65_h43,v65_h53,0.013942999765276909
v65_h43,v65_h105,0.004647599998861551
v65_h44,v65_h53,0.009295199997723103
v65_h45,v65_h53,0.004647599998861551
v65_h46,v65_h53,0.01858999952673912
v65_h48,v65_h53,0.013942999765276909
v65_h49,v65_h53,0.08211600035429001
v65_h5,v65_h53,0.004647599998861551
v65_h50,v65_h53,0.01858999952673912
v65_h54,v65_h53,0.09605900198221207
v65_h54,v65_h277,0.004647599998861551
v65_h55,v65_h53,0.01858999952673912
v65_h56,v65_h53,0.013942999765276909
v65_h57,v65_h53,0.02323799952864647
v65_h57,v65_h105,0.004647599998861551
v65_h58,v65_h53,0.004647599998861551
v65_h60,v65_h53,0.004647599998861551
v65_h60,v65_h105,0.004647599998861551
v65_h61,v65_h53,0.009295199997723103
v65_h61,v65_h105,0.004647599998861551
v65_h62,v65_h53,0.009295199997723103
v65_h63,v65_h53,0.009295199997723103
v65_h63,v65_h105,0.004647599998861551
v65_h66,v65_h53,0.009295199997723103
v65_h66,v65_h105,0.004647599998861551
v65_h67,v65_h53,0.004647599998861551
v65_h69,v65_h53,0.013942999765276909
v65_h70,v65_h53,0.06817299872636795
v65_h71,v65_h53,0.01858999952673912
v65_h72,v65_h53,0.009295199997723103
v65_h73,v65_h53,0.013942999765276909
v65_h73,v65_h105,0.004647599998861551
v65_h74,v65_h53,0.01858999952673912
v65_h74,v65_h277,0.009295199997723103
v65_h76,v65_h53,0.009295199997723103
v65_h76,v65_h105,0.009295199997723103
v65_h77,v65_h53,0.009295199997723103
v65_h77,v65_h105,0.004647599998861551
v65_h78,v65_h53,0.013942999765276909
v65_h78,v65_h105,0.013942999765276909
v65_h79,v65_h53,0.013942999765276909
v65_h79,v65_h105,0.009295199997723103
v65_h80,v65_h53,0.004647599998861551
v65_h80,v65_h105,0.004647599998861551
v65_h83,v65_h53,0.009295199997723103
v65_h84,v65_h53,0.009295199997723103
v65_h84,v65_h105,0.004647599998861551
v65_h85,v65_h53,0.013942999765276909
v65_h85,v65_h102,0.004647599998861551
v65_h85,v65_h105,0.013942999765276909
v65_h87,v65_h53,0.004647599998861551
v65_h88,v65_h53,0.013942999765276909
v65_h88,v65_h277,0.004647599998861551
v65_h89,v65_h53,0.009295199997723103
v65_h89,v65_h102,0.004647599998861551
v65_h89,v65_h105,0.01858999952673912
v65_h91,v65_h53,0.07746800035238266
v65_h92,v65_h53,0.004647599998861551
v65_h93,v65_h53,0.004647599998861551
v65_h93,v65_h105,0.08211600035429001
v65_h93,v65_h277,0.004647599998861551
v65_h94,v65_h53,0.01858999952673912
v65_h94,v65_h105,0.004647599998861551
v65_h95,v65_h53,0.004647599998861551
v65_h95,v65_h105,0.004647599998861551
v65_h96,v65_h53,0.02323799952864647
v65_h96,v65_h102,0.004647599998861551
v65_h96,v65_h105,0.01858999952673912
v65_h96,v65_h277,0.004647599998861551
v65_h97,v65_h53,0.004647599998861551
v65_h97,v65_h102,0.004647599998861551
v65_h97,v65_h105,0.08676400035619736
v65_h97,v65_h277,0.009295199997723103
v65_h98,v65_h53,0.004647599998861551
v65_h98,v65_h102,0.004647599998861551
v65_h98,v65_h105,0.08676400035619736
v66_h10,v66_h46,0.008135399781167507
v66_h10,v66_h91,0.01220299955457449
v66_h10,v66_h109,0.004067699890583754
v66_h10,v66_h165,0.004067699890583754
v66_h10,v66_h194,0.004067699890583754
v66_h100,v66_h91,0.004067699890583754
v66_h102,v66_h91,0.008135399781167507
v66_h104,v66_h46,0.008135399781167507
v66_h104,v66_h75,0.008135399781167507
v66_h104,v66_h91,0.01220299955457449
v66_h104,v66_h109,0.008135399781167507
v66_h104,v66_h165,0.004067699890583754
v66_h104,v66_h194,0.004067699890583754
v66_h105,v66_h46,0.01627100072801113
v66_h105,v66_h75,0.01220299955457449
v66_h105,v66_h91,0.02440599910914898
v66_h105,v66_h109,0.07191400229930878
v66_h105,v66_h194,0.01627100072801113
v66_h106,v66_h46,0.08004900068044662
v66_h106,v66_h75,0.008135399781167507
v66_h106,v66_h91,0.01220299955457449
v66_h106,v66_h109,0.06784600019454956
v66_h106,v66_h165,0.008135399781167507
v66_h106,v66_h194,0.01220299955457449
v66_h107,v66_h46,0.02033899910748005
v66_h107,v66_h75,0.008135399781167507
v66_h107,v66_h91,0.008135399781167507
v66_h107,v66_h109,0.008135399781167507
v66_h107,v66_h165,0.004067699890583754
v66_h108,v66_h46,0.004067699890583754
v66_h11,v66_h46,0.0759819969534874
v66_h11,v66_h91,0.008135399781167507
v66_h110,v66_h46,0.004067699890583754
v66_h110,v66_h75,0.02440599910914898
v66_h110,v66_h91,0.028473999351263046
v66_h110,v66_h165,0.01220299955457449
v66_h110,v66_h194,0.004067699890583754
v66_h111,v66_h46,0.01627100072801113
v66_h111,v66_h75,0.0963200032711029
v66_h111,v66_h91,0.05694799870252609
v66_h111,v66_h109,0.01220299955457449
v66_h111,v66_h165,0.02033899910748005
v66_h112,v66_h46,0.004067699890583754
v66_h112,v66_h75,0.08411700278520584
v66_h112,v66_h91,0.09225299954414368
v66_h112,v66_h109,0.004067699890583754
v66_h112,v66_h165,0.004067699890583754
v66_h113,v66_h75,0.01627100072801113
v66_h113,v66_h91,0.02440599910914898
v66_h113,v66_h194,0.004067699890583754
v66_h114,v66_h75,0.01220299955457449
v66_h114,v66_h91,0.08818499743938446
v66_h114,v66_h109,0.004067699890583754
v66_h12,v66_h46,0.07191400229930878
v66_h12,v66_h75,0.004067699890583754
v66_h12,v66_h109,0.004067699890583754
v66_h12,v66_h165,0.004067699890583754
v66_h13,v66_h46,0.02033899910748005
v66_h13,v66_h75,0.01220299955457449
v66_h13,v66_h91,0.008135399781167507
v66_h13,v66_h109,0.008135399781167507
v66_h13,v66_h165,0.01627100072801113
v66_h13,v66_h194,0.01220299955457449
v66_h14,v66_h46,0.01220299955457449
v66_h14,v66_h91,0.008135399781167507
v66_h14,v66_h165,0.07191400229930878
v66_h14,v66_h194,0.06784600019454956
v66_h15,v66_h46,0.01627100072801113
v66_h15,v66_h91,0.008135399781167507
v66_h15,v66_h109,0.004067699890583754
v66_h15,v66_h165,0.07191400229930878
v66_h15,v66_h194,0.008135399781167507
v66_h16,v66_h46,0.004067699890583754
v66_h16,v66_h91,0.004067699890583754
v66_h16,v66_h165,0.004067699890583754
v66_h16,v66_h194,0.004067699890583754
v66_h17,v66_h46,0.01627100072801113
v66_h17,v66_h91,0.004067699890583754
v66_h17,v66_h165,0.004067699890583754
v66_h17,v66_h194,0.004067699890583754
v66_h18,v66_h46,0.004067699890583754
v66_h18,v66_h75,0.004067699890583754
v66_h18,v66_h165,0.07191400229930878
v66_h18,v66_h194,0.008135399781167507
v66_h19,v66_h46,0.01220299955457449
v66_h19,v66_h165,0.004067699890583754
v66_h19,v66_h194,0.008135399781167507
v66_h2,v66_h46,0.004067699890583754
v66_h2,v66_h91,0.004067699890583754
v66_h21,v66_h75,0.004067699890583754
v66_h21,v66_h91,0.004067699890583754
v66_h21,v66_h165,0.008135399781167507
v66_h22,v66_h46,0.06377899646759033
v66_h22,v66_h165,0.004067699890583754
v66_h24,v66_h46,0.004067699890583754
v66_h24,v66_h91,0.01220299955457449
v66_h25,v66_h165,0.008135399781167507
v66_h25,v66_h194,0.004067699890583754
v66_h26,v66_h46,0.008135399781167507
v66_h26,v66_h75,0.008135399781167507
v66_h26,v66_h91,0.01220299955457449
v66_h26,v66_h165,0.008135399781167507
v66_h27,v66_h46,0.01220299955457449
v66_h27,v66_h75,0.004067699890583754
v66_h27,v66_h91,0.02033899910748005
v66_h27,v66_h109,0.004067699890583754
v66_h27,v66_h194,0.07191400229930878
v66_h29,v66_h46,0.008135399781167507
v66_h29,v66_h91,0.004067699890583754
v66_h29,v66_h109,0.004067699890583754
v66_h29,v66_h165,0.004067699890583754
v66_h31,v66_h46,0.008135399781167507
v66_h31,v66_h75,0.008135399781167507
v66_h31,v66_h91,0.004067699890583754
v66_h31,v66_h165,0.06784600019454956
v66_h32,v66_h46,0.004067699890583754
v66_h32,v66_h165,0.004067699890583754
v66_h35,v66_h46,0.10446000099182129
v66_h35,v66_h75,0.01627100072801113
v66_h35,v66_h91,0.08004900068044662
v66_h35,v66_h109,0.004067699890583754
v66_h35,v66_h165,0.01220299955457449
v66_h35,v66_h194,0.01220299955457449
v66_h4,v66_h46,0.004067699890583754
v66_h4,v66_h75,0.004067699890583754
v66_h4,v66_h91,0.01220299955457449
v66_h4,v66_h165,0.01627100072801113
v66_h4,v66_h194,0.008135399781167507
v66_h40,v66_h75,0.008135399781167507
v66_h40,v66_h91,0.01627100072801113
v66_h41,v66_h46,0.01627100072801113
v66_h41,v66_h75,0.004067699890583754
v66_h41,v66_h91,0.07191400229930878
v66_h41,v66_h165,0.004067699890583754
v66_h41,v66_h194,0.02033899910748005
v66_h42,v66_h46,0.08004900068044662
v66_h42,v66_h91,0.01627100072801113
v66_h42,v66_h109,0.008135399781167507
v66_h42,v66_h165,0.008135399781167507
v66_h42,v66_h194,0.0759819969534874
v66_h44,v66_h46,0.07191400229930878
v66_h44,v66_h91,0.008135399781167507
v66_h44,v66_h165,0.004067699890583754
v66_h44,v66_h194,0.01627100072801113
v66_h45,v66_h46,0.1125900000333786
v66_h45,v66_h75,0.004067699890583754
v66_h45,v66_h91,0.02440599910914898
v66_h45,v66_h194,0.01627100072801113
v66_h46,v66_h75,0.004067699890583754
v66_h46,v66_h91,0.004067699890583754
v66_h46,v66_h109,0.004067699890583754
v66_h46,v66_h194,0.008135399781167507
v66_h48,v66_h46,0.01220299955457449
v66_h48,v66_h75,0.01627100072801113
v66_h48,v66_h91,0.01627100072801113
v66_h48,v66_h109,0.004067699890583754
v66_h48,v66_h165,0.01220299955457449
v66_h48,v66_h194,0.004067699890583754
v66_h49,v66_h46,0.07191400229930878
v66_h49,v66_h75,0.004067699890583754
v66_h49,v66_h91,0.008135399781167507
v66_h49,v66_h109,0.004067699890583754
v66_h49,v66_h165,0.008135399781167507
v66_h49,v66_h194,0.004067699890583754
v66_h5,v66_h46,0.008135399781167507
v66_h5,v66_h75,0.004067699890583754
v66_h5,v66_h91,0.004067699890583754
v66_h5,v66_h109,0.004067699890583754
v66_h50,v66_h46,0.01627100072801113
v66_h50,v66_h75,0.06784600019454956
v66_h50,v66_h109,0.004067699890583754
v66_h50,v66_h165,0.06784600019454956
v66_h54,v66_h46,0.004067699890583754
v66_h54,v66_h75,0.004067699890583754
v66_h54,v66_h91,0.004067699890583754
v66_h54,v66_h109,0.008135399781167507
v66_h54,v66_h165,0.004067699890583754
v66_h55,v66_h46,0.008135399781167507
v66_h55,v66_h91,0.01220299955457449
v66_h55,v66_h109,0.008135399781167507
v66_h55,v66_h165,0.008135399781167507
v66_h56,v66_h46,0.07191400229930878
v66_h56,v66_h75,0.004067699890583754
v66_h56,v66_h91,0.01627100072801113
v66_h56,v66_h109,0.008135399781167507
v66_h56,v66_h165,0.008135399781167507
v66_h57,v66_h46,0.02033899910748005
v66_h57,v66_h75,0.004067699890583754
v66_h57,v66_h91,0.004067699890583754
v66_h57,v66_h109,0.008135399781167507
v66_h57,v66_h165,0.02033899910748005
v66_h58,v66_h46,0.008135399781167507
v66_h58,v66_h75,0.008135399781167507
v66_h58,v66_h91,0.004067699890583754
v66_h58,v66_h109,0.01627100072801113
v66_h58,v66_h165,0.004067699890583754
v66_h58,v66_h194,0.004067699890583754
v66_h59,v66_h46,0.004067699890583754
v66_h59,v66_h75,0.008135399781167507
v66_h59,v66_h91,0.01220299955457449
v66_h59,v66_h109,0.008135399781167507
v66_h59,v66_h165,0.008135399781167507
v66_h6,v66_h46,0.008135399781167507
v66_h6,v66_h109,0.004067699890583754
v66_h6,v66_h165,0.004067699890583754
v66_h60,v66_h46,0.008135399781167507
v66_h60,v66_h75,0.004067699890583754
v66_h60,v66_h91,0.004067699890583754
v66_h60,v66_h109,0.004067699890583754
v66_h60,v66_h165,0.008135399781167507
v66_h61,v66_h46,0.008135399781167507
v66_h61,v66_h75,0.008135399781167507
v66_h61,v66_h91,0.01220299955457449
v66_h61,v66_h109,0.004067699890583754
v66_h61,v66_h165,0.01220299955457449
v66_h62,v66_h46,0.008135399781167507
v66_h62,v66_h91,0.06377899646759033
v66_h62,v66_h109,0.008135399781167507
v66_h62,v66_h165,0.06784600019454956
v66_h63,v66_h46,0.008135399781167507
v66_h63,v66_h75,0.004067699890583754
v66_h63,v66_h91,0.008135399781167507
v66_h63,v66_h109,0.07191400229930878
v66_h63,v66_h165,0.008135399781167507
v66_h63,v66_h194,0.004067699890583754
v66_h65,v66_h46,0.01220299955457449
v66_h65,v66_h91,0.01220299955457449
v66_h65,v66_h109,0.06784600019454956
v66_h65,v66_h165,0.004067699890583754
v66_h66,v66_h91,0.004067699890583754
v66_h66,v66_h109,0.01220299955457449
v66_h66,v66_h165,0.004067699890583754
v66_h67,v66_h75,0.09225299954414368
v66_h67,v66_h91,0.08411700278520584
v66_h67,v66_h165,0.06784600019454956
v66_h67,v66_h194,0.004067699890583754
v66_h69,v66_h46,0.004067699890583754
v66_h69,v66_h75,0.02033899910748005
v66_h69,v66_h91,0.01627100072801113
v66_h69,v66_h165,0.004067699890583754
v66_h70,v66_h46,0.004067699890583754
v66_h70,v66_h75,0.06784600019454956
v66_h70,v66_h91,0.01220299955457449
v66_h71,v66_h46,0.008135399781167507
v66_h71,v66_h91,0.008135399781167507
v66_h72,v66_h46,0.008135399781167507
v66_h72,v66_h75,0.008135399781167507
v66_h72,v66_h91,0.004067699890583754
v66_h72,v66_h165,0.008135399781167507
v66_h73,v66_h46,0.06784600019454956
v66_h73,v66_h75,0.06784600019454956
v66_h73,v66_h91,0.01220299955457449
v66_h74,v66_h46,0.008135399781167507
v66_h74,v66_h75,0.02440599910914898
v66_h74,v66_h91,0.028473999351263046
v66_h74,v66_h109,0.004067699890583754
v66_h74,v66_h165,0.004067699890583754
v66_h74,v66_h194,0.004067699890583754
v66_h75,v66_h46,0.004067699890583754
v66_h75,v66_h91,0.02440599910914898
v66_h75,v66_h165,0.008135399781167507
v66_h75,v66_h194,0.004067699890583754
v66_h76,v66_h46,0.01220299955457449
v66_h76,v66_h75,0.08004900068044662
v66_h76,v66_h91,0.09225299954414368
v66_h76,v66_h109,0.004067699890583754
v66_h76,v66_h165,0.008135399781167507
v66_h76,v66_h194,0.008135399781167507
v66_h77,v66_h46,0.004067699890583754
v66_h77,v66_h75,0.01627100072801113
v66_h77,v66_h91,0.01627100072801113
v66_h78,v66_h75,0.01220299955457449
v66_h78,v66_h91,0.02033899910748005
v66_h78,v66_h109,0.004067699890583754
v66_h78,v66_h165,0.004067699890583754
v66_h79,v66_h46,0.01220299955457449
v66_h79,v66_h75,0.02440599910914898
v66_h79,v66_h91,0.08818499743938446
v66_h79,v66_h109,0.008135399781167507
v66_h79,v66_h165,0.004067699890583754
v66_h79,v66_h194,0.004067699890583754
v66_h80,v66_h46,0.008135399781167507
v66_h80,v66_h75,0.01627100072801113
v66_h80,v66_h91,0.08411700278520584
v66_h80,v66_h109,0.004067699890583754
v66_h80,v66_h194,0.004067699890583754
v66_h81,v66_h46,0.008135399781167507
v66_h81,v66_h75,0.01627100072801113
v66_h81,v66_h91,0.01627100072801113
v66_h81,v66_h109,0.008135399781167507
v66_h81,v66_h165,0.008135399781167507
v66_h81,v66_h194,0.004067699890583754
v66_h83,v66_h46,0.004067699890583754
v66_h83,v66_h91,0.004067699890583754
v66_h83,v66_h109,0.004067699890583754
v66_h85,v66_h46,0.004067699890583754
v66_h85,v66_h75,0.01627100072801113
v66_h85,v66_h91,0.02033899910748005
v66_h85,v66_h109,0.004067699890583754
v66_h85,v66_h165,0.004067699890583754
v66_h85,v66_h194,0.004067699890583754
v66_h87,v66_h75,0.01627100072801113
v66_h87,v66_h91,0.08818499743938446
v66_h87,v66_h165,0.004067699890583754
v66_h88,v66_h46,0.008135399781167507
v66_h88,v66_h75,0.08411700278520584
v66_h88,v66_h91,0.10446000099182129
v66_h88,v66_h165,0.004067699890583754
v66_h9,v66_h46,0.03254200145602226
v66_h9,v66_h91,0.008135399781167507
v66_h9,v66_h165,0.01220299955457449
v66_h9,v66_h194,0.008135399781167507
v66_h90,v66_h46,0.004067699890583754
v66_h90,v66_h75,0.08411700278520584
v66_h90,v66_h91,0.028473999351263046
v66_h90,v66_h165,0.008135399781167507
v66_h90,v66_h194,0.06784600019454956
v66_h91,v66_h46,0.004067699890583754
v66_h91,v66_h75,0.02440599910914898
v66_h91,v66_h165,0.01220299955457449
v66_h92,v66_h46,0.004067699890583754
v66_h92,v66_h75,0.01627100072801113
v66_h92,v66_h91,0.08818499743938446
v66_h92,v66_h109,0.008135399781167507
v66_h92,v66_h165,0.004067699890583754
v66_h92,v66_h194,0.004067699890583754
v66_h93,v66_h75,0.08411700278520584
v66_h93,v66_h91,0.08818499743938446
v66_h93,v66_h165,0.004067699890583754
v66_h93,v66_h194,0.004067699890583754
v66_h94,v66_h75,0.028473999351263046
v66_h94,v66_h91,0.03254200145602226
v66_h94,v66_h109,0.004067699890583754
v66_h94,v66_h165,0.004067699890583754
v66_h95,v66_h75,0.004067699890583754
v66_h95,v66_h91,0.004067699890583754
v66_h95,v66_h165,0.004067699890583754
v66_h96,v66_h75,0.02033899910748005
v66_h96,v66_h91,0.08818499743938446
v66_h96,v66_h194,0.004067699890583754
v66_h97,v66_h91,0.004067699890583754
v66_h98,v66_h46,0.008135399781167507
v66_h98,v66_h75,0.008135399781167507
v66_h98,v66_h91,0.07191400229930878
v66_h98,v66_h109,0.008135399781167507
v66_h98,v66_h194,0.004067699890583754
v67_h1,v67_h39,0.008487699553370476
v67_h1,v67_h54,0.00990230031311512
v67_h1,v67_h61,0.00990230031311512
v67_h1,v67_h97,0.015561000443994999
v67_h1,v67_h104,0.011316999793052673
v67_h1,v67_h110,0.053171999752521515
v67_h1,v67_h149,0.005658499896526337
v67_h1,v67_h169,0.004243900068104267
v67_h10,v67_h39,0.005658499896526337
v67_h10,v67_h54,0.008487699553370476
v67_h10,v67_h61,0.0028291998896747828
v67_h10,v67_h97,0.011316999793052673
v67_h100,v67_h61,0.0028291998896747828
v67_h100,v67_h104,0.0014145999448373914
v67_h100,v67_h110,0.0014145999448373914
v67_h101,v67_h39,0.0028291998896747828
v67_h101,v67_h54,0.0014145999448373914
v67_h101,v67_h61,0.04468400031328201
v67_h101,v67_h97,0.0014145999448373914
v67_h101,v67_h104,0.00990230031311512
v67_h101,v67_h110,0.0028291998896747828
v67_h101,v67_h149,0.004243900068104267
v67_h101,v67_h169,0.0014145999448373914
v67_h102,v67_h39,0.008487699553370476
v67_h102,v67_h54,0.004243900068104267
v67_h102,v67_h61,0.053171999752521515
v67_h102,v67_h97,0.004243900068104267
v67_h102,v67_h104,0.050342999398708344
v67_h102,v67_h110,0.00990230031311512
v67_h102,v67_h149,0.005658499896526337
v67_h102,v67_h169,0.0014145999448373914
v67_h104,v67_h39,0.005658499896526337
v67_h104,v67_h54,0.03902599960565567
v67_h104,v67_h61,0.04751399904489517
v67_h104,v67_h97,0.0014145999448373914
v67_h104,v67_h110,0.005658499896526337
v67_h104,v67_h149,0.0028291998896747828
v67_h104,v67_h169,0.0014145999448373914
v67_h105,v67_h39,0.004243900068104267
v67_h105,v67_h54,0.0014145999448373914
v67_h105,v67_h61,0.0070731001906096935
v67_h105,v67_h97,0.004243900068104267
v67_h105,v67_h104,0.011316999793052673
v67_h105,v67_h110,0.008487699553370476
v67_h105,v67_h149,0.0028291998896747828
v67_h106,v67_h39,0.0028291998896747828
v67_h106,v67_h54,0.0014145999448373914
v67_h106,v67_h61,0.00990230031311512
v67_h106,v67_h97,0.0070731001906096935
v67_h106,v67_h104,0.0014145999448373914
v67_h106,v67_h110,0.0014145999448373914
v67_h107,v67_h39,0.0028291998896747828
v67_h107,v67_h54,0.0028291998896747828
v67_h107,v67_h61,0.0028291998896747828
v67_h107,v67_h97,0.0028291998896747828
v67_h107,v67_h104,0.005658499896526337
v67_h107,v67_h110,0.048928000032901764
v67_h107,v67_h149,0.005658499896526337
v67_h107,v67_h169,0.004243900068104267
v67_h108,v67_h39,0.0028291998896747828
v67_h108,v67_h54,0.0028291998896747828
v67_h108,v67_h61,0.0014145999448373914
v67_h108,v67_h97,0.004243900068104267
v67_h108,v67_h104,0.004243900068104267
v67_h108,v67_h110,0.00990230031311512
v67_h108,v67_h149,0.0028291998896747828
v67_h108,v67_h169,0.0028291998896747828
v67_h11,v67_h39,0.021219000220298767
v67_h11,v67_h54,0.019804999232292175
v67_h11,v67_h61,0.011316999793052673
v67_h11,v67_h97,0.06448899954557419
v67_h11,v67_h104,0.0070731001906096935
v67_h11,v67_h110,0.0070731001906096935
v67_h11,v67_h149,0.0028291998896747828
v67_h11,v67_h169,0.0028291998896747828
v67_h110,v67_h39,0.004243900068104267
v67_h110,v67_h54,0.0028291998896747828
v67_h110,v67_h61,0.004243900068104267
v67_h110,v67_h97,0.0014145999448373914
v67_h110,v67_h104,0.005658499896526337
v67_h110,v67_h149,0.0070731001906096935
v67_h110,v67_h169,0.0028291998896747828
v67_h111,v67_h39,0.0014145999448373914
v67_h111,v67_h61,0.005658499896526337
v67_h111,v67_h97,0.0028291998896747828
v67_h111,v67_h104,0.004243900068104267
v67_h111,v67_h110,0.04751399904489517
v67_h111,v67_h149,0.0070731001906096935
v67_h111,v67_h169,0.004243900068104267
v67_h112,v67_h39,0.004243900068104267
v67_h112,v67_h54,0.0028291998896747828
v67_h112,v67_h61,0.00990230031311512
v67_h112,v67_h97,0.0028291998896747828
v67_h112,v67_h104,0.04609899967908859
v67_h112,v67_h110,0.05175799876451492
v67_h112,v67_h149,0.04326999932527542
v67_h112,v67_h169,0.0028291998896747828
v67_h113,v67_h39,0.0014145999448373914
v67_h113,v67_h54,0.0028291998896747828
v67_h113,v67_h61,0.0028291998896747828
v67_h113,v67_h104,0.004243900068104267
v67_h113,v67_h110,0.008487699553370476
v67_h113,v67_h149,0.0028291998896747828
v67_h113,v67_h169,0.004243900068104267
v67_h114,v67_h39,0.0028291998896747828
v67_h114,v67_h54,0.005658499896526337
v67_h114,v67_h61,0.008487699553370476
v67_h114,v67_h97,0.0028291998896747828
v67_h114,v67_h104,0.004243900068104267
v67_h114,v67_h110,0.0070731001906096935
v67_h114,v67_h149,0.0014145999448373914
v67_h114,v67_h169,0.0028291998896747828
v67_h12,v67_h39,0.011316999793052673
v67_h12,v67_h54,0.00990230031311512
v67_h12,v67_h61,0.004243900068104267
v67_h12,v67_h97,0.054586999118328094
v67_h12,v67_h104,0.0014145999448373914
v67_h12,v67_h110,0.004243900068104267
v67_h12,v67_h149,0.0014145999448373914
v67_h13,v67_h39,0.008487699553370476
v67_h13,v67_h54,0.014146000146865845
v67_h13,v67_h61,0.008487699553370476
v67_h13,v67_h97,0.015561000443994999
v67_h13,v67_h104,0.0014145999448373914
v67_h13,v67_h110,0.0014145999448373914
v67_h14,v67_h39,0.016975000500679016
v67_h14,v67_h54,0.05175799876451492
v67_h14,v67_h61,0.048928000032901764
v67_h14,v67_h97,0.025462999939918518
v67_h14,v67_h104,0.005658499896526337
v67_h14,v67_h110,0.004243900068104267
v67_h14,v67_h149,0.005658499896526337
v67_h14,v67_h169,0.0014145999448373914
v67_h15,v67_h39,0.058830998837947845
v67_h15,v67_h54,0.058830998837947845
v67_h15,v67_h61,0.054586999118328094
v67_h15,v67_h97,0.03960900008678436
v67_h15,v67_h104,0.008487699553370476
v67_h15,v67_h110,0.0014145999448373914
v67_h15,v67_h149,0.0014145999448373914
v67_h16,v67_h39,0.0070731001906096935
v67_h16,v67_h54,0.018389999866485596
v67_h16,v67_h61,0.012732000090181828
v67_h16,v67_h97,0.06024499982595444
v67_h16,v67_h104,0.004243900068104267
v67_h16,v67_h110,0.0014145999448373914
v67_h16,v67_h149,0.0028291998896747828
v67_h16,v67_h169,0.0014145999448373914
v67_h17,v67_h39,0.004243900068104267
v67_h17,v67_h54,0.011316999793052673
v67_h17,v67_h61,0.00990230031311512
v67_h17,v67_h97,0.022633999586105347
v67_h17,v67_h104,0.004243900068104267
v67_h17,v67_h110,0.0014145999448373914
v67_h17,v67_h169,0.0014145999448373914
v67_h18,v67_h39,0.00990230031311512
v67_h18,v67_h54,0.048928000032901764
v67_h18,v67_h61,0.0028291998896747828
v67_h18,v67_h97,0.022633999586105347
v67_h18,v67_h104,0.0014145999448373914
v67_h19,v67_h39,0.00990230031311512
v67_h19,v67_h54,0.011316999793052673
v67_h19,v67_h61,0.008487699553370476
v67_h19,v67_h97,0.016975000500679016
v67_h19,v67_h104,0.0028291998896747828
v67_h19,v67_h110,0.005658499896526337
v67_h2,v67_h39,0.00990230031311512
v67_h2,v67_h54,0.0070731001906096935
v67_h2,v67_h61,0.014146000146865845
v67_h2,v67_h97,0.011316999793052673
v67_h2,v67_h104,0.00990230031311512
v67_h2,v67_h110,0.050342999398708344
v67_h2,v67_h149,0.014146000146865845
v67_h2,v67_h169,0.00990230031311512
v67_h21,v67_h39,0.008487699553370476
v67_h21,v67_h54,0.050342999398708344
v67_h21,v67_h61,0.0014145999448373914
v67_h21,v67_h97,0.00990230031311512
v67_h21,v67_h104,0.0014145999448373914
v67_h22,v67_h39,0.054586999118328094
v67_h22,v67_h54,0.0630749985575676
v67_h22,v67_h61,0.015561000443994999
v67_h22,v67_h97,0.06590399891138077
v67_h22,v67_h104,0.0014145999448373914
v67_h22,v67_h110,0.004243900068104267
v67_h22,v67_h149,0.004243900068104267
v67_h22,v67_h169,0.0014145999448373914
v67_h24,v67_h39,0.005658499896526337
v67_h24,v67_h54,0.008487699553370476
v67_h24,v67_h61,0.0014145999448373914
v67_h24,v67_h97,0.019804999232292175
v67_h24,v67_h110,0.0014145999448373914
v67_h25,v67_h39,0.008487699553370476
v67_h25,v67_h54,0.008487699553370476
v67_h25,v67_h61,0.005658499896526337
v67_h25,v67_h97,0.00990230031311512
v67_h25,v67_h149,0.0014145999448373914
v67_h26,v67_h39,0.0070731001906096935
v67_h26,v67_h54,0.0070731001906096935
v67_h26,v67_h61,0.0014145999448373914
v67_h26,v67_h97,0.00990230031311512
v67_h26,v67_h149,0.0014145999448373914
v67_h27,v67_h39,0.054586999118328094
v67_h27,v67_h54,0.012732000090181828
v67_h27,v67_h61,0.0070731001906096935
v67_h27,v67_h97,0.054586999118328094
v67_h27,v67_h104,0.0014145999448373914
v67_h27,v67_h110,0.0028291998896747828
v67_h29,v67_h39,0.058830998837947845
v67_h29,v67_h54,0.057415999472141266
v67_h29,v67_h61,0.053171999752521515
v67_h29,v67_h97,0.0630749985575676
v67_h29,v67_h104,0.0070731001906096935
v67_h29,v67_h110,0.004243900068104267
v67_h29,v67_h149,0.0028291998896747828
v67_h29,v67_h169,0.0014145999448373914
v67_h3,v67_h39,0.04751399904489517
v67_h3,v67_h54,0.011316999793052673
v67_h3,v67_h61,0.011316999793052673
v67_h3,v67_h97,0.050342999398708344
v67_h3,v67_h104,0.04468400031328201
v67_h3,v67_h110,0.048928000032901764
v67_h3,v67_h149,0.004243900068104267
v67_h3,v67_h169,0.004243900068104267
v67_h31,v67_h39,0.056001000106334686
v67_h31,v67_h54,0.016975000500679016
v67_h31,v67_h61,0.00990230031311512
v67_h31,v67_h97,0.026877999305725098
v67_h31,v67_h104,0.0014145999448373914
v67_h31,v67_h110,0.0014145999448373914
v67_h31,v67_h149,0.0014145999448373914
v67_h32,v67_h39,0.053171999752521515
v67_h32,v67_h54,0.048928000032901764
v67_h32,v67_h61,0.0070731001906096935
v67_h32,v67_h97,0.015561000443994999
v67_h32,v67_h104,0.004243900068104267
v67_h32,v67_h110,0.0028291998896747828
v67_h35,v67_h39,0.012732000090181828
v67_h35,v67_h54,0.015561000443994999
v67_h35,v67_h61,0.011316999793052673
v67_h35,v67_h97,0.018389999866485596
v67_h35,v67_h104,0.0014145999448373914
v67_h4,v67_h39,0.0028291998896747828
v67_h4,v67_h61,0.0070731001906096935
v67_h4,v67_h104,0.0070731001906096935
v67_h4,v67_h110,0.008487699553370476
v67_h4,v67_h149,0.004243900068104267
v67_h4,v67_h169,0.005658499896526337
v67_h40,v67_h39,0.054586999118328094
v67_h40,v67_h54,0.011316999793052673
v67_h40,v67_h61,0.0070731001906096935
v67_h40,v67_h97,0.053171999752521515
v67_h40,v67_h104,0.0028291998896747828
v67_h40,v67_h110,0.0028291998896747828
v67_h40,v67_h149,0.0014145999448373914
v67_h40,v67_h169,0.0014145999448373914
v67_h41,v67_h39,0.048928000032901764
v67_h41,v67_h54,0.015561000443994999
v67_h41,v67_h61,0.008487699553370476
v67_h41,v67_h97,0.058830998837947845
v67_h41,v67_h110,0.0014145999448373914
v67_h42,v67_h39,0.04468400031328201
v67_h42,v67_h54,0.005658499896526337
v67_h42,v67_h61,0.0014145999448373914
v67_h42,v67_h97,0.00990230031311512
v67_h43,v67_h39,0.012732000090181828
v67_h43,v67_h54,0.011316999793052673
v67_h43,v67_h61,0.004243900068104267
v67_h43,v67_h97,0.015561000443994999
v67_h44,v67_h39,0.014146000146865845
v67_h44,v67_h54,0.019804999232292175
v67_h44,v67_h61,0.012732000090181828
v67_h44,v67_h97,0.06165999919176102
v67_h44,v67_h104,0.0028291998896747828
v67_h44,v67_h110,0.0014145999448373914
v67_h44,v67_h149,0.0014145999448373914
v67_h44,v67_h169,0.0028291998896747828
v67_h45,v67_h39,0.011316999793052673
v67_h45,v67_h54,0.050342999398708344
v67_h45,v67_h61,0.008487699553370476
v67_h45,v67_h97,0.016975000500679016
v67_h45,v67_h104,0.0014145999448373914
v67_h46,v67_h39,0.018389999866485596
v67_h46,v67_h54,0.018389999866485596
v67_h46,v67_h61,0.014146000146865845
v67_h46,v67_h97,0.06590399891138077
v67_h46,v67_h104,0.0028291998896747828
v67_h46,v67_h110,0.004243900068104267
v67_h46,v67_h149,0.004243900068104267
v67_h46,v67_h169,0.0014145999448373914
v67_h48,v67_h39,0.012732000090181828
v67_h48,v67_h54,0.018389999866485596
v67_h48,v67_h61,0.054586999118328094
v67_h48,v67_h97,0.06165999919176102
v67_h48,v67_h104,0.008487699553370476
v67_h48,v67_h110,0.0028291998896747828
v67_h48,v67_h149,0.0014145999448373914
v67_h49,v67_h39,0.012732000090181828
v67_h49,v67_h54,0.050342999398708344
v67_h49,v67_h61,0.008487699553370476
v67_h49,v67_h97,0.021219000220298767
v67_h49,v67_h104,0.0028291998896747828
v67_h49,v67_h110,0.0014145999448373914
v67_h49,v67_h149,0.0014145999448373914
v67_h5,v67_h39,0.004243900068104267
v67_h5,v67_h54,0.011316999793052673
v67_h5,v67_h61,0.0014145999448373914
v67_h5,v67_h97,0.053171999752521515
v67_h5,v67_h104,0.0028291998896747828
v67_h5,v67_h110,0.0014145999448373914
v67_h5,v67_h149,0.0028291998896747828
v67_h50,v67_h39,0.053171999752521515
v67_h50,v67_h54,0.0630749985575676
v67_h50,v67_h61,0.012732000090181828
v67_h50,v67_h97,0.06448899954557419
v67_h50,v67_h104,0.0070731001906096935
v67_h50,v67_h110,0.005658499896526337
v67_h50,v67_h149,0.0014145999448373914
v67_h50,v67_h169,0.0014145999448373914
v67_h54,v67_h39,0.011316999793052673
v67_h54,v67_h61,0.012732000090181828
v67_h54,v67_h97,0.015561000443994999
v67_h54,v67_h104,0.03902599960565567
v67_h54,v67_h110,0.0028291998896747828
v67_h54,v67_h149,0.0014145999448373914
v67_h54,v67_h169,0.0014145999448373914
v67_h55,v67_h39,0.012732000090181828
v67_h55,v67_h54,0.053171999752521515
v67_h55,v67_h61,0.00990230031311512
v67_h55,v67_h97,0.018389999866485596
v67_h55,v67_h104,0.011316999793052673
v67_h55,v67_h110,0.0028291998896747828
v67_h55,v67_h149,0.0014145999448373914
v67_h55,v67_h169,0.0014145999448373914
v67_h56,v67_h39,0.018389999866485596
v67_h56,v67_h54,0.057415999472141266
v67_h56,v67_h61,0.050342999398708344
v67_h56,v67_h97,0.06024499982595444
v67_h56,v67_h104,0.004243900068104267
v67_h56,v67_h149,0.0028291998896747828
v67_h56,v67_h169,0.0014145999448373914
v67_h57,v67_h39,0.012732000090181828
v67_h57,v67_h54,0.011316999793052673
v67_h57,v67_h61,0.008487699553370476
v67_h57,v67_h97,0.056001000106334686
v67_h57,v67_h104,0.0014145999448373914
v67_h57,v67_h110,0.0028291998896747828
v67_h57,v67_h149,0.004243900068104267
v67_h58,v67_h39,0.005658499896526337
v67_h58,v67_h54,0.004243900068104267
v67_h58,v67_h61,0.06024499982595444
v67_h58,v67_h97,0.005658499896526337
v67_h58,v67_h104,0.04609899967908859
v67_h58,v67_h110,0.0014145999448373914
v67_h58,v67_h149,0.0014145999448373914
v67_h59,v67_h39,0.0070731001906096935
v67_h59,v67_h54,0.008487699553370476
v67_h59,v67_h61,0.06165999919176102
v67_h59,v67_h97,0.008487699553370476
v67_h59,v67_h104,0.04326999932527542
v67_h59,v67_h110,0.0028291998896747828
v67_h6,v67_h39,0.004243900068104267
v67_h6,v67_h54,0.050342999398708344
v67_h6,v67_h61,0.004243900068104267
v67_h6,v67_h97,0.018389999866485596
v67_h6,v67_h104,0.0028291998896747828
v67_h6,v67_h149,0.0014145999448373914
v67_h60,v67_h39,0.0028291998896747828
v67_h60,v67_h54,0.0028291998896747828
v67_h60,v67_h61,0.05175799876451492
v67_h60,v67_h97,0.004243900068104267
v67_h60,v67_h104,0.005658499896526337
v67_h60,v67_h110,0.0014145999448373914
v67_h61,v67_h39,0.008487699553370476
v67_h61,v67_h54,0.012732000090181828
v67_h61,v67_h97,0.012732000090181828
v67_h61,v67_h104,0.04751399904489517
v67_h61,v67_h110,0.004243900068104267
v67_h61,v67_h149,0.0028291998896747828
v67_h61,v67_h169,0.0014145999448373914
v67_h62,v67_h39,0.048928000032901764
v67_h62,v67_h54,0.005658499896526337
v67_h62,v67_h61,0.054586999118328094
v67_h62,v67_h97,0.005658499896526337
v67_h62,v67_h104,0.015561000443994999
v67_h62,v67_h110,0.048928000032901764
v67_h62,v67_h149,0.005658499896526337
v67_h62,v67_h169,0.0028291998896747828
v67_h63,v67_h39,0.008487699553370476
v67_h63,v67_h54,0.0028291998896747828
v67_h63,v67_h61,0.015561000443994999
v67_h63,v67_h97,0.0028291998896747828
v67_h63,v67_h104,0.0070731001906096935
v67_h63,v67_h110,0.005658499896526337
v67_h63,v67_h149,0.0070731001906096935
v67_h65,v67_h39,0.04044099897146225
v67_h65,v67_h54,0.005658499896526337
v67_h65,v67_h61,0.054586999118328094
v67_h65,v67_h97,0.005658499896526337
v67_h65,v67_h104,0.04751399904489517
v67_h65,v67_h110,0.0070731001906096935
v67_h65,v67_h149,0.005658499896526337
v67_h65,v67_h169,0.0014145999448373914
v67_h66,v67_h39,0.0028291998896747828
v67_h66,v67_h54,0.0014145999448373914
v67_h66,v67_h61,0.0028291998896747828
v67_h66,v67_h97,0.0028291998896747828
v67_h66,v67_h104,0.0014145999448373914
v67_h66,v67_h110,0.0014145999448373914
v67_h66,v67_h149,0.0014145999448373914
v67_h67,v67_h39,0.0014145999448373914
v67_h67,v67_h54,0.03761100023984909
v67_h67,v67_h61,0.04326999932527542
v67_h67,v67_h97,0.0014145999448373914
v67_h67,v67_h104,0.005658499896526337
v67_h67,v67_h110,0.0014145999448373914
v67_h67,v67_h149,0.0014145999448373914
v67_h67,v67_h169,0.005658499896526337
v67_h69,v67_h39,0.004243900068104267
v67_h69,v67_h54,0.0070731001906096935
v67_h69,v67_h61,0.012732000090181828
v67_h69,v67_h97,0.004243900068104267
v67_h69,v67_h104,0.04326999932527542
v67_h69,v67_h110,0.008487699553370476
v67_h69,v67_h149,0.0014145999448373914
v67_h69,v67_h169,0.005658499896526337
v67_h70,v67_h39,0.004243900068104267
v67_h70,v67_h54,0.005658499896526337
v67_h70,v67_h61,0.0070731001906096935
v67_h70,v67_h97,0.008487699553370476
v67_h70,v67_h104,0.004243900068104267
v67_h70,v67_h110,0.0028291998896747828
v67_h70,v67_h149,0.004243900068104267
v67_h70,v67_h169,0.0014145999448373914
v67_h71,v67_h39,0.0014145999448373914
v67_h71,v67_h54,0.0028291998896747828
v67_h71,v67_h61,0.0014145999448373914
v67_h71,v67_h97,0.0014145999448373914
v67_h71,v67_h104,0.0028291998896747828
v67_h71,v67_h110,0.0014145999448373914
v67_h72,v67_h61,0.0028291998896747828
v67_h72,v67_h104,0.0014145999448373914
v67_h72,v67_h149,0.0014145999448373914
v67_h74,v67_h39,0.0028291998896747828
v67_h74,v67_h54,0.004243900068104267
v67_h74,v67_h61,0.012732000090181828
v67_h74,v67_h97,0.008487699553370476
v67_h74,v67_h104,0.0028291998896747828
v67_h75,v67_h39,0.056001000106334686
v67_h75,v67_h54,0.015561000443994999
v67_h75,v67_h61,0.056001000106334686
v67_h75,v67_h97,0.015561000443994999
v67_h75,v67_h104,0.050342999398708344
v67_h75,v67_h110,0.008487699553370476
v67_h75,v67_h149,0.005658499896526337
v67_h75,v67_h169,0.0028291998896747828
v67_h76,v67_h39,0.0028291998896747828
v67_h76,v67_h54,0.005658499896526337
v67_h76,v67_h61,0.056001000106334686
v67_h76,v67_h97,0.050342999398708344
v67_h76,v67_h104,0.005658499896526337
v67_h76,v67_h110,0.0014145999448373914
v67_h76,v67_h149,0.0028291998896747828
v67_h77,v67_h39,0.005658499896526337
v67_h77,v67_h54,0.0070731001906096935
v67_h77,v67_h61,0.054586999118328094
v67_h77,v67_h97,0.011316999793052673
v67_h77,v67_h104,0.005658499896526337
v67_h77,v67_h110,0.0014145999448373914
v67_h77,v67_h149,0.0014145999448373914
v67_h78,v67_h39,0.005658499896526337
v67_h78,v67_h54,0.005658499896526337
v67_h78,v67_h61,0.06448899954557419
v67_h78,v67_h97,0.015561000443994999
v67_h78,v67_h104,0.050342999398708344
v67_h78,v67_h110,0.005658499896526337
v67_h78,v67_h149,0.004243900068104267
v67_h78,v67_h169,0.0028291998896747828
v67_h79,v67_h39,0.011316999793052673
v67_h79,v67_h54,0.050342999398708344
v67_h79,v67_h61,0.06024499982595444
v67_h79,v67_h97,0.024049000814557076
v67_h79,v67_h104,0.005658499896526337
v67_h79,v67_h110,0.0028291998896747828
v67_h79,v67_h149,0.0014145999448373914
v67_h79,v67_h169,0.0014145999448373914
v67_h80,v67_h39,0.005658499896526337
v67_h80,v67_h54,0.0028291998896747828
v67_h80,v67_h61,0.058830998837947845
v67_h80,v67_h97,0.048928000032901764
v67_h80,v67_h104,0.011316999793052673
v67_h80,v67_h110,0.005658499896526337
v67_h80,v67_h149,0.0014145999448373914
v67_h81,v67_h39,0.05175799876451492
v67_h81,v67_h54,0.054586999118328094
v67_h81,v67_h61,0.06448899954557419
v67_h81,v67_h97,0.06731799989938736
v67_h81,v67_h104,0.011316999793052673
v67_h81,v67_h110,0.0070731001906096935
v67_h81,v67_h149,0.004243900068104267
v67_h81,v67_h169,0.0014145999448373914
v67_h83,v67_h39,0.00990230031311512
v67_h83,v67_h54,0.00990230031311512
v67_h83,v67_h61,0.056001000106334686
v67_h83,v67_h97,0.016975000500679016
v67_h83,v67_h104,0.0070731001906096935
v67_h83,v67_h110,0.0014145999448373914
v67_h83,v67_h149,0.0014145999448373914
v67_h84,v67_h39,0.025462999939918518
v67_h84,v67_h54,0.06448899954557419
v67_h84,v67_h61,0.00990230031311512
v67_h84,v67_h97,0.07439099997282028
v67_h84,v67_h104,0.005658499896526337
v67_h84,v67_h110,0.0014145999448373914
v67_h84,v67_h149,0.005658499896526337
v67_h84,v67_h169,0.0028291998896747828
v67_h85,v67_h39,0.005658499896526337
v67_h85,v67_h54,0.00990230031311512
v67_h85,v67_h61,0.0070731001906096935
v67_h85,v67_h97,0.050342999398708344
v67_h87,v67_h39,0.016975000500679016
v67_h87,v67_h54,0.019804999232292175
v67_h87,v67_h61,0.00990230031311512
v67_h87,v67_h97,0.06731799989938736
v67_h87,v67_h104,0.004243900068104267
v67_h87,v67_h149,0.0014145999448373914
v67_h87,v67_h169,0.0028291998896747828
v67_h88,v67_h39,0.011316999793052673
v67_h88,v67_h54,0.015561000443994999
v67_h88,v67_h61,0.004243900068104267
v67_h88,v67_h97,0.06024499982595444
v67_h88,v67_h104,0.0014145999448373914
v67_h89,v67_h39,0.00990230031311512
v67_h89,v67_h54,0.014146000146865845
v67_h89,v67_h61,0.011316999793052673
v67_h89,v67_h97,0.06873299926519394
v67_h89,v67_h104,0.0028291998896747828
v67_h89,v67_h110,0.0014145999448373914
v67_h89,v67_h149,0.0028291998896747828
v67_h9,v67_h39,0.008487699553370476
v67_h9,v67_h54,0.050342999398708344
v67_h9,v67_h61,0.04468400031328201
v67_h9,v67_h97,0.0630749985575676
v67_h9,v67_h104,0.0070731001906096935
v67_h90,v67_h39,0.04326999932527542
v67_h90,v67_h54,0.04751399904489517
v67_h90,v67_h61,0.0028291998896747828
v67_h90,v67_h97,0.053171999752521515
v67_h90,v67_h104,0.0028291998896747828
v67_h90,v67_h110,0.0028291998896747828
v67_h91,v67_h39,0.008487699553370476
v67_h91,v67_h54,0.00990230031311512
v67_h91,v67_h61,0.008487699553370476
v67_h91,v67_h97,0.021219000220298767
v67_h91,v67_h104,0.0028291998896747828
v67_h91,v67_h110,0.004243900068104267
v67_h91,v67_h149,0.0014145999448373914
v67_h92,v67_h39,0.004243900068104267
v67_h92,v67_h54,0.0070731001906096935
v67_h92,v67_h61,0.008487699553370476
v67_h92,v67_h97,0.056001000106334686
v67_h92,v67_h104,0.0014145999448373914
v67_h93,v67_h39,0.0070731001906096935
v67_h93,v67_h54,0.0070731001906096935
v67_h93,v67_h61,0.011316999793052673
v67_h93,v67_h97,0.058830998837947845
v67_h93,v67_h104,0.0028291998896747828
v67_h93,v67_h110,0.0014145999448373914
v67_h94,v67_h39,0.004243900068104267
v67_h94,v67_h54,0.005658499896526337
v67_h94,v67_h61,0.011316999793052673
v67_h94,v67_h97,0.056001000106334686
v67_h94,v67_h104,0.0028291998896747828
v67_h94,v67_h110,0.0028291998896747828
v67_h95,v67_h39,0.004243900068104267
v67_h95,v67_h54,0.005658499896526337
v67_h95,v67_h61,0.05175799876451492
v67_h95,v67_h97,0.053171999752521515
v67_h95,v67_h104,0.005658499896526337
v67_h95,v67_h110,0.0014145999448373914
v67_h96,v67_h39,0.00990230031311512
v67_h96,v67_h54,0.014146000146865845
v67_h96,v67_h61,0.00990230031311512
v67_h96,v67_h97,0.06731799989938736
v67_h96,v67_h149,0.0014145999448373914
v67_h97,v67_h39,0.012732000090181828
v67_h97,v67_h54,0.015561000443994999
v67_h97,v67_h61,0.012732000090181828
v67_h97,v67_h104,0.0014145999448373914
v67_h97,v67_h110,0.0014145999448373914
v67_h97,v67_h149,0.0014145999448373914
v67_h97,v67_h169,0.0014145999448373914
v67_h98,v67_h39,0.008487699553370476
v67_h98,v67_h54,0.04468400031328201
v67_h98,v67_h61,0.0028291998896747828
v67_h98,v67_h97,0.058830998837947845
v67_h98,v67_h104,0.004243900068104267
v67_h98,v67_h110,0.0014145999448373914
v67_h98,v67_h149,0.0014145999448373914
v67_h98,v67_h169,0.0014145999448373914
v68_h1,v68_h34,0.00681280018761754
v68_h1,v68_h45,0.00340640009380877
v68_h1,v68_h66,0.00340640009380877
v68_h1,v68_h114,0.00340640009380877
v68_h10,v68_h34,0.01362599991261959
v68_h10,v68_h93,0.00340640009380877
v68_h100,v68_h34,0.023845000192523003
v68_h100,v68_h66,0.06858299672603607
v68_h100,v68_h89,0.01362599991261959
v68_h100,v68_h93,0.017031999304890633
v68_h100,v68_h98,0.09583500027656555
v68_h100,v68_h114,0.08902200311422348
v68_h101,v68_h34,0.00340640009380877
v68_h101,v68_h66,0.00340640009380877
v68_h101,v68_h89,0.00340640009380877
v68_h101,v68_h93,0.00340640009380877
v68_h101,v68_h114,0.00340640009380877
v68_h102,v68_h34,0.08220899850130081
v68_h102,v68_h66,0.017031999304890633
v68_h102,v68_h89,0.01362599991261959
v68_h102,v68_h93,0.00681280018761754
v68_h102,v68_h94,0.00340640009380877
v68_h102,v68_h98,0.020438000559806824
v68_h102,v68_h114,0.08561500161886215
v68_h104,v68_h34,0.017031999304890633
v68_h104,v68_h66,0.023845000192523003
v68_h104,v68_h89,0.010219000279903412
v68_h104,v68_h93,0.017031999304890633
v68_h104,v68_h94,0.00340640009380877
v68_h104,v68_h98,0.09242799878120422
v68_h104,v68_h114,0.09583500027656555
v68_h105,v68_h34,0.017031999304890633
v68_h105,v68_h66,0.017031999304890633
v68_h105,v68_h89,0.00681280018761754
v68_h105,v68_h93,0.010219000279903412
v68_h105,v68_h98,0.08220899850130081
v68_h105,v68_h114,0.027250999584794044
v68_h106,v68_h34,0.0719899982213974
v68_h106,v68_h66,0.017031999304890633
v68_h106,v68_h89,0.00681280018761754
v68_h106,v68_h93,0.010219000279903412
v68_h106,v68_h98,0.0719899982213974
v68_h106,v68_h114,0.08902200311422348
v68_h107,v68_h34,0.020438000559806824
v68_h107,v68_h66,0.01362599991261959
v68_h107,v68_h89,0.00681280018761754
v68_h107,v68_h93,0.00681280018761754
v68_h107,v68_h94,0.00340640009380877
v68_h107,v68_h98,0.08220899850130081
v68_h107,v68_h114,0.08561500161886215
v68_h108,v68_h66,0.010219000279903412
v68_h108,v68_h93,0.00340640009380877
v68_h108,v68_h98,0.07539600133895874
v68_h108,v68_h114,0.020438000559806824
v68_h11,v68_h34,0.00340640009380877
v68_h11,v68_h45,0.00340640009380877
v68_h110,v68_h34,0.00681280018761754
v68_h110,v68_h66,0.06517700105905533
v68_h110,v68_h93,0.010219000279903412
v68_h110,v68_h94,0.00681280018761754
v68_h110,v68_h98,0.023845000192523003
v68_h110,v68_h114,0.010219000279903412
v68_h111,v68_h34,0.020438000559806824
v68_h111,v68_h66,0.0719899982213974
v68_h111,v68_h93,0.017031999304890633
v68_h111,v68_h94,0.010219000279903412
v68_h111,v68_h98,0.06858299672603607
v68_h111,v68_h114,0.00681280018761754
v68_h112,v68_h34,0.00681280018761754
v68_h112,v68_h45,0.00340640009380877
v68_h112,v68_h66,0.01362599991261959
v68_h112,v68_h89,0.00340640009380877
v68_h112,v68_h93,0.00340640009380877
v68_h112,v68_h98,0.00681280018761754
v68_h112,v68_h114,0.010219000279903412
v68_h113,v68_h34,0.00681280018761754
v68_h113,v68_h66,0.010219000279903412
v68_h113,v68_h89,0.00681280018761754
v68_h113,v68_h93,0.00340640009380877
v68_h113,v68_h98,0.010219000279903412
v68_h113,v68_h114,0.017031999304890633
v68_h114,v68_h34,0.01362599991261959
v68_h114,v68_h66,0.01362599991261959
v68_h114,v68_h89,0.010219000279903412
v68_h114,v68_h93,0.00681280018761754
v68_h114,v68_h98,0.0719899982213974
v68_h12,v68_h34,0.034063998609781265
v68_h12,v68_h45,0.00340640009380877
v68_h12,v68_h66,0.010219000279903412
v68_h12,v68_h89,0.00681280018761754
v68_h12,v68_h93,0.00681280018761754
v68_h12,v68_h98,0.00340640009380877
v68_h13,v68_h34,0.00340640009380877
v68_h13,v68_h45,0.00340640009380877
v68_h13,v68_h66,0.00681280018761754
v68_h13,v68_h89,0.00340640009380877
v68_h13,v68_h93,0.00340640009380877
v68_h13,v68_h114,0.00340640009380877
v68_h14,v68_h34,0.030657999217510223
v68_h14,v68_h45,0.00340640009380877
v68_h14,v68_h66,0.08220899850130081
v68_h14,v68_h89,0.023845000192523003
v68_h14,v68_h93,0.037470001727342606
v68_h14,v68_h94,0.00681280018761754
v68_h14,v68_h98,0.010219000279903412
v68_h14,v68_h114,0.06517700105905533
v68_h15,v68_h34,0.06858299672603607
v68_h15,v68_h45,0.061771001666784286
v68_h15,v68_h66,0.07880300283432007
v68_h15,v68_h89,0.020438000559806824
v68_h15,v68_h93,0.034063998609781265
v68_h15,v68_h94,0.00681280018761754
v68_h15,v68_h98,0.00340640009380877
v68_h15,v68_h114,0.00681280018761754
v68_h16,v68_h34,0.00681280018761754
v68_h16,v68_h45,0.00340640009380877
v68_h16,v68_h66,0.010219000279903412
v68_h16,v68_h89,0.00340640009380877
v68_h16,v68_h93,0.06517700105905533
v68_h16,v68_h94,0.00340640009380877
v68_h16,v68_h114,0.00340640009380877
v68_h17,v68_h34,0.00681280018761754
v68_h17,v68_h66,0.00340640009380877
v68_h17,v68_h93,0.00340640009380877
v68_h17,v68_h114,0.00340640009380877
v68_h18,v68_h34,0.027250999584794044
v68_h18,v68_h66,0.01362599991261959
v68_h18,v68_h89,0.010219000279903412
v68_h18,v68_h93,0.0719899982213974
v68_h18,v68_h94,0.00681280018761754
v68_h18,v68_h98,0.00681280018761754
v68_h18,v68_h114,0.06517700105905533
v68_h19,v68_h34,0.010219000279903412
v68_h19,v68_h98,0.00340640009380877
v68_h2,v68_h34,0.027250999584794044
v68_h2,v68_h45,0.00340640009380877
v68_h2,v68_h66,0.023845000192523003
v68_h2,v68_h89,0.00340640009380877
v68_h2,v68_h93,0.017031999304890633
v68_h2,v68_h94,0.00340640009380877
v68_h2,v68_h114,0.00681280018761754
v68_h21,v68_h34,0.00681280018761754
v68_h22,v68_h34,0.020438000559806824
v68_h22,v68_h66,0.00340640009380877
v68_h22,v68_h89,0.010219000279903412
v68_h22,v68_h93,0.00681280018761754
v68_h22,v68_h94,0.00340640009380877
v68_h22,v68_h98,0.00340640009380877
v68_h22,v68_h114,0.010219000279903412
v68_h24,v68_h34,0.01362599991261959
v68_h24,v68_h45,0.00340640009380877
v68_h24,v68_h89,0.00340640009380877
v68_h24,v68_h93,0.01362599991261959
v68_h24,v68_h94,0.00340640009380877
v68_h24,v68_h98,0.00340640009380877
v68_h24,v68_h114,0.00340640009380877
v68_h25,v68_h34,0.023845000192523003
v68_h25,v68_h45,0.00681280018761754
v68_h25,v68_h66,0.00681280018761754
v68_h25,v68_h89,0.017031999304890633
v68_h25,v68_h93,0.017031999304890633
v68_h25,v68_h94,0.00681280018761754
v68_h25,v68_h98,0.00340640009380877
v68_h26,v68_h34,0.00681280018761754
v68_h26,v68_h66,0.00340640009380877
v68_h26,v68_h89,0.00340640009380877
v68_h26,v68_h93,0.017031999304890633
v68_h26,v68_h94,0.00681280018761754
v68_h27,v68_h34,0.08220899850130081
v68_h27,v68_h45,0.00340640009380877
v68_h27,v68_h66,0.023845000192523003
v68_h27,v68_h89,0.017031999304890633
v68_h27,v68_h93,0.08561500161886215
v68_h27,v68_h94,0.017031999304890633
v68_h27,v68_h98,0.00681280018761754
v68_h27,v68_h114,0.00340640009380877
v68_h29,v68_h34,0.01362599991261959
v68_h29,v68_h66,0.07539600133895874
v68_h29,v68_h89,0.010219000279903412
v68_h29,v68_h93,0.01362599991261959
v68_h3,v68_h34,0.020438000559806824
v68_h3,v68_h45,0.00340640009380877
v68_h3,v68_h66,0.010219000279903412
v68_h3,v68_h93,0.01362599991261959
v68_h3,v68_h114,0.00681280018761754
v68_h31,v68_h34,0.01362599991261959
v68_h31,v68_h45,0.00340640009380877
v68_h31,v68_h66,0.00340640009380877
v68_h31,v68_h93,0.01362599991261959
v68_h32,v68_h34,0.07539600133895874
v68_h32,v68_h45,0.00681280018761754
v68_h32,v68_h66,0.00340640009380877
v68_h32,v68_h93,0.00681280018761754
v68_h32,v68_h98,0.00340640009380877
v68_h4,v68_h34,0.037470001727342606
v68_h4,v68_h66,0.010219000279903412
v68_h4,v68_h89,0.00681280018761754
v68_h4,v68_h93,0.061771001666784286
v68_h4,v68_h94,0.00340640009380877
v68_h4,v68_h98,0.010219000279903412
v68_h4,v68_h114,0.010219000279903412
v68_h40,v68_h34,0.09242799878120422
v68_h40,v68_h45,0.00681280018761754
v68_h40,v68_h66,0.00681280018761754
v68_h40,v68_h89,0.00340640009380877
v68_h40,v68_h93,0.01362599991261959
v68_h40,v68_h94,0.00340640009380877
v68_h41,v68_h34,0.09242799878120422
v68_h41,v68_h45,0.00681280018761754
v68_h41,v68_h66,0.07880300283432007
v68_h41,v68_h89,0.017031999304890633
v68_h41,v68_h93,0.023845000192523003
v68_h41,v68_h94,0.00681280018761754
v68_h41,v68_h114,0.00340640009380877
v68_h42,v68_h34,0.1128700003027916
v68_h42,v68_h45,0.00340640009380877
v68_h42,v68_h66,0.04428299888968468
v68_h42,v68_h89,0.020438000559806824
v68_h42,v68_h93,0.09583500027656555
v68_h42,v68_h94,0.01362599991261959
v68_h42,v68_h98,0.00340640009380877
v68_h42,v68_h114,0.00681280018761754
v68_h43,v68_h34,0.09242799878120422
v68_h43,v68_h45,0.00681280018761754
v68_h43,v68_h66,0.020438000559806824
v68_h43,v68_h89,0.00340640009380877
v68_h43,v68_h93,0.01362599991261959
v68_h43,v68_h94,0.00340640009380877
v68_h43,v68_h114,0.00340640009380877
v68_h44,v68_h34,0.08561500161886215
v68_h44,v68_h45,0.00681280018761754
v68_h44,v68_h66,0.010219000279903412
v68_h44,v68_h89,0.00340640009380877
v68_h44,v68_h93,0.017031999304890633
v68_h45,v68_h34,0.00681280018761754
v68_h45,v68_h66,0.00340640009380877
v68_h46,v68_h34,0.027250999584794044
v68_h46,v68_h45,0.00681280018761754
v68_h46,v68_h66,0.06858299672603607
v68_h46,v68_h89,0.00681280018761754
v68_h46,v68_h93,0.017031999304890633
v68_h46,v68_h94,0.00681280018761754
v68_h46,v68_h98,0.00340640009380877
v68_h49,v68_h34,0.017031999304890633
v68_h49,v68_h66,0.00681280018761754
v68_h49,v68_h93,0.010219000279903412
v68_h5,v68_h34,0.09242799878120422
v68_h5,v68_h66,0.08220899850130081
v68_h5,v68_h89,0.01362599991261959
v68_h5,v68_h93,0.027250999584794044
v68_h5,v68_h94,0.010219000279903412
v68_h5,v68_h98,0.00340640009380877
v68_h5,v68_h114,0.017031999304890633
v68_h50,v68_h34,0.010219000279903412
v68_h50,v68_h45,0.00340640009380877
v68_h50,v68_h66,0.06517700105905533
v68_h50,v68_h93,0.010219000279903412
v68_h50,v68_h114,0.00340640009380877
v68_h55,v68_h34,0.00340640009380877
v68_h55,v68_h66,0.00340640009380877
v68_h56,v68_h34,0.07880300283432007
v68_h56,v68_h45,0.00340640009380877
v68_h56,v68_h66,0.01362599991261959
v68_h56,v68_h89,0.010219000279903412
v68_h56,v68_h93,0.023845000192523003
v68_h56,v68_h94,0.010219000279903412
v68_h56,v68_h98,0.010219000279903412
v68_h56,v68_h114,0.00681280018761754
v68_h57,v68_h34,0.06858299672603607
v68_h57,v68_h45,0.00340640009380877
v68_h57,v68_h66,0.01362599991261959
v68_h57,v68_h89,0.010219000279903412
v68_h57,v68_h93,0.020438000559806824
v68_h57,v68_h94,0.00340640009380877
v68_h57,v68_h98,0.06858299672603607
v68_h57,v68_h114,0.017031999304890633
v68_h58,v68_h34,0.040876999497413635
v68_h58,v68_h45,0.00681280018761754
v68_h58,v68_h66,0.020438000559806824
v68_h58,v68_h89,0.010219000279903412
v68_h58,v68_h93,0.023845000192523003
v68_h58,v68_h94,0.010219000279903412
v68_h58,v68_h98,0.00340640009380877
v68_h59,v68_h34,0.017031999304890633
v68_h59,v68_h45,0.00340640009380877
v68_h59,v68_h66,0.034063998609781265
v68_h59,v68_h89,0.023845000192523003
v68_h59,v68_h93,0.07880300283432007
v68_h59,v68_h94,0.01362599991261959
v68_h59,v68_h114,0.010219000279903412
v68_h6,v68_h34,0.01362599991261959
v68_h6,v68_h66,0.010219000279903412
v68_h6,v68_h89,0.00681280018761754
v68_h6,v68_h93,0.010219000279903412
v68_h6,v68_h94,0.00340640009380877
v68_h6,v68_h98,0.010219000279903412
v68_h6,v68_h114,0.06858299672603607
v68_h60,v68_h34,0.020438000559806824
v68_h60,v68_h66,0.1026500016450882
v68_h60,v68_h89,0.09242799878120422
v68_h60,v68_h93,0.10604999959468842
v68_h60,v68_h94,0.01362599991261959
v68_h60,v68_h98,0.01362599991261959
v68_h60,v68_h114,0.017031999304890633
v68_h61,v68_h34,0.023845000192523003
v68_h61,v68_h66,0.09583500027656555
v68_h61,v68_h89,0.020438000559806824
v68_h61,v68_h93,0.037470001727342606
v68_h61,v68_h94,0.00681280018761754
v68_h61,v68_h98,0.00340640009380877
v68_h61,v68_h114,0.00681280018761754
v68_h62,v68_h34,0.01362599991261959
v68_h62,v68_h66,0.030657999217510223
v68_h62,v68_h89,0.023845000192523003
v68_h62,v68_h93,0.01362599991261959
v68_h62,v68_h98,0.00340640009380877
v68_h62,v68_h114,0.020438000559806824
v68_h63,v68_h34,0.023845000192523003
v68_h63,v68_h45,0.00340640009380877
v68_h63,v68_h66,0.047690000385046005
v68_h63,v68_h89,0.09583500027656555
v68_h63,v68_h93,0.037470001727342606
v68_h63,v68_h94,0.00681280018761754
v68_h63,v68_h98,0.00340640009380877
v68_h63,v68_h114,0.00340640009380877
v68_h65,v68_h89,0.00340640009380877
v68_h66,v68_h34,0.030657999217510223
v68_h66,v68_h45,0.00340640009380877
v68_h66,v68_h89,0.023845000192523003
v68_h66,v68_h93,0.08561500161886215
v68_h66,v68_h94,0.01362599991261959
v68_h66,v68_h98,0.00681280018761754
v68_h66,v68_h114,0.01362599991261959
v68_h67,v68_h34,0.010219000279903412
v68_h67,v68_h66,0.08902200311422348
v68_h67,v68_h89,0.017031999304890633
v68_h67,v68_h93,0.020438000559806824
v68_h67,v68_h94,0.00681280018761754
v68_h67,v68_h98,0.00681280018761754
v68_h67,v68_h114,0.00340640009380877
v68_h69,v68_h34,0.06858299672603607
v68_h69,v68_h66,0.09242799878120422
v68_h69,v68_h89,0.0719899982213974
v68_h69,v68_h93,0.020438000559806824
v68_h69,v68_h98,0.00681280018761754
v68_h69,v68_h114,0.05836400017142296
v68_h70,v68_h34,0.010219000279903412
v68_h70,v68_h66,0.06517700105905533
v68_h70,v68_h89,0.00340640009380877
v68_h70,v68_h93,0.00340640009380877
v68_h70,v68_h114,0.00340640009380877
v68_h71,v68_h34,0.00340640009380877
v68_h71,v68_h66,0.06858299672603607
v68_h71,v68_h89,0.00340640009380877
v68_h71,v68_h93,0.00340640009380877
v68_h71,v68_h114,0.00340640009380877
v68_h72,v68_h34,0.07880300283432007
v68_h72,v68_h66,0.09583500027656555
v68_h72,v68_h89,0.027250999584794044
v68_h72,v68_h93,0.09242799878120422
v68_h72,v68_h94,0.00340640009380877
v68_h72,v68_h98,0.00681280018761754
v68_h72,v68_h114,0.010219000279903412
v68_h73,v68_h34,0.01362599991261959
v68_h73,v68_h45,0.00340640009380877
v68_h73,v68_h66,0.023845000192523003
v68_h73,v68_h89,0.07539600133895874
v68_h73,v68_h93,0.020438000559806824
v68_h73,v68_h94,0.00340640009380877
v68_h73,v68_h98,0.00340640009380877
v68_h74,v68_h34,0.017031999304890633
v68_h74,v68_h66,0.01362599991261959
v68_h74,v68_h89,0.010219000279903412
v68_h74,v68_h93,0.010219000279903412
v68_h74,v68_h98,0.00681280018761754
v68_h74,v68_h114,0.00681280018761754
v68_h75,v68_h34,0.00681280018761754
v68_h75,v68_h45,0.00340640009380877
v68_h75,v68_h66,0.00340640009380877
v68_h75,v68_h89,0.06858299672603607
v68_h75,v68_h93,0.017031999304890633
v68_h75,v68_h98,0.00340640009380877
v68_h76,v68_h34,0.01362599991261959
v68_h76,v68_h45,0.00340640009380877
v68_h76,v68_h66,0.020438000559806824
v68_h76,v68_h89,0.027250999584794044
v68_h76,v68_h93,0.017031999304890633
v68_h76,v68_h94,0.00681280018761754
v68_h76,v68_h98,0.00681280018761754
v68_h76,v68_h114,0.00340640009380877
v68_h77,v68_h34,0.010219000279903412
v68_h77,v68_h66,0.01362599991261959
v68_h77,v68_h89,0.08220899850130081
v68_h77,v68_h93,0.0719899982213974
v68_h77,v68_h94,0.00681280018761754
v68_h77,v68_h114,0.010219000279903412
v68_h78,v68_h34,0.09583500027656555
v68_h78,v68_h45,0.00681280018761754
v68_h78,v68_h66,0.08902200311422348
v68_h78,v68_h89,0.04428299888968468
v68_h78,v68_h93,0.1026500016450882
v68_h78,v68_h94,0.017031999304890633
v68_h78,v68_h98,0.020438000559806824
v68_h78,v68_h114,0.00681280018761754
v68_h79,v68_h34,0.027250999584794044
v68_h79,v68_h45,0.00340640009380877
v68_h79,v68_h66,0.037470001727342606
v68_h79,v68_h89,0.09924100339412689
v68_h79,v68_h93,0.10604999959468842
v68_h79,v68_h94,0.020438000559806824
v68_h79,v68_h98,0.00681280018761754
v68_h79,v68_h114,0.00340640009380877
v68_h80,v68_h34,0.00340640009380877
v68_h80,v68_h66,0.017031999304890633
v68_h80,v68_h89,0.07539600133895874
v68_h80,v68_h93,0.020438000559806824
v68_h80,v68_h94,0.00340640009380877
v68_h80,v68_h98,0.00681280018761754
v68_h80,v68_h114,0.00340640009380877
v68_h81,v68_h34,0.01362599991261959
v68_h81,v68_h45,0.00340640009380877
v68_h81,v68_h66,0.017031999304890633
v68_h81,v68_h89,0.017031999304890633
v68_h81,v68_h93,0.027250999584794044
v68_h81,v68_h94,0.01362599991261959
v68_h81,v68_h114,0.00340640009380877
v68_h83,v68_h34,0.01362599991261959
v68_h83,v68_h45,0.00340640009380877
v68_h83,v68_h66,0.08561500161886215
v68_h83,v68_h89,0.07880300283432007
v68_h83,v68_h93,0.09242799878120422
v68_h83,v68_h94,0.06858299672603607
v68_h83,v68_h114,0.00681280018761754
v68_h84,v68_h34,0.00681280018761754
v68_h84,v68_h66,0.017031999304890633
v68_h84,v68_h89,0.017031999304890633
v68_h84,v68_h93,0.0719899982213974
v68_h84,v68_h94,0.00340640009380877
v68_h84,v68_h98,0.00340640009380877
v68_h85,v68_h34,0.020438000559806824
v68_h85,v68_h66,0.037470001727342606
v68_h85,v68_h89,0.09924100339412689
v68_h85,v68_h93,0.040876999497413635
v68_h85,v68_h94,0.00681280018761754
v68_h85,v68_h98,0.0719899982213974
v68_h85,v68_h114,0.027250999584794044
v68_h87,v68_h34,0.00681280018761754
v68_h87,v68_h66,0.00340640009380877
v68_h87,v68_h89,0.06858299672603607
v68_h87,v68_h93,0.017031999304890633
v68_h87,v68_h94,0.00340640009380877
v68_h87,v68_h98,0.061771001666784286
v68_h87,v68_h114,0.00681280018761754
v68_h88,v68_h34,0.01362599991261959
v68_h88,v68_h66,0.00681280018761754
v68_h88,v68_h89,0.017031999304890633
v68_h88,v68_h93,0.017031999304890633
v68_h88,v68_h94,0.00340640009380877
v68_h88,v68_h98,0.010219000279903412
v68_h88,v68_h114,0.00681280018761754
v68_h89,v68_h34,0.00681280018761754
v68_h89,v68_h66,0.023845000192523003
v68_h89,v68_h93,0.08902200311422348
v68_h89,v68_h94,0.017031999304890633
v68_h89,v68_h98,0.00681280018761754
v68_h89,v68_h114,0.010219000279903412
v68_h9,v68_h34,0.01362599991261959
v68_h9,v68_h45,0.00340640009380877
v68_h9,v68_h66,0.023845000192523003
v68_h9,v68_h89,0.017031999304890633
v68_h9,v68_h93,0.07539600133895874
v68_h9,v68_h94,0.010219000279903412
v68_h9,v68_h114,0.010219000279903412
v68_h90,v68_h34,0.07880300283432007
v68_h90,v68_h66,0.08561500161886215
v68_h90,v68_h89,0.020438000559806824
v68_h90,v68_h93,0.09924100339412689
v68_h90,v68_h94,0.07539600133895874
v68_h90,v68_h98,0.00681280018761754
v68_h90,v68_h114,0.00340640009380877
v68_h91,v68_h34,0.020438000559806824
v68_h91,v68_h45,0.00340640009380877
v68_h91,v68_h66,0.01362599991261959
v68_h91,v68_h89,0.01362599991261959
v68_h91,v68_h93,0.08220899850130081
v68_h91,v68_h94,0.07539600133895874
v68_h91,v68_h98,0.00340640009380877
v68_h92,v68_h34,0.023845000192523003
v68_h92,v68_h45,0.00681280018761754
v68_h92,v68_h66,0.034063998609781265
v68_h92,v68_h89,0.08220899850130081
v68_h92,v68_h93,0.1026500016450882
v68_h92,v68_h94,0.07539600133895874
v68_h92,v68_h98,0.00340640009380877
v68_h92,v68_h114,0.010219000279903412
v68_h93,v68_h34,0.023845000192523003
v68_h93,v68_h66,0.08561500161886215
v68_h93,v68_h89,0.08902200311422348
v68_h93,v68_h94,0.08220899850130081
v68_h93,v68_h98,0.00340640009380877
v68_h93,v68_h114,0.00681280018761754
v68_h94,v68_h34,0.00681280018761754
v68_h94,v68_h66,0.01362599991261959
v68_h94,v68_h89,0.017031999304890633
v68_h94,v68_h93,0.08220899850130081
v68_h95,v68_h34,0.020438000559806824
v68_h95,v68_h45,0.00340640009380877
v68_h95,v68_h66,0.023845000192523003
v68_h95,v68_h89,0.08902200311422348
v68_h95,v68_h93,0.09242799878120422
v68_h95,v68_h94,0.07880300283432007
v68_h95,v68_h98,0.01362599991261959
v68_h95,v68_h114,0.00681280018761754
v68_h96,v68_h34,0.010219000279903412
v68_h96,v68_h66,0.010219000279903412
v68_h96,v68_h89,0.0719899982213974
v68_h96,v68_h93,0.030657999217510223
v68_h96,v68_h94,0.010219000279903412
v68_h96,v68_h114,0.00340640009380877
v68_h97,v68_h34,0.06858299672603607
v68_h97,v68_h66,0.010219000279903412
v68_h97,v68_h89,0.010219000279903412
v68_h97,v68_h93,0.010219000279903412
v68_h97,v68_h98,0.023845000192523003
v68_h97,v68_h114,0.09583500027656555
v68_h98,v68_h34,0.010219000279903412
v68_h98,v68_h66,0.00681280018761754
v68_h98,v68_h89,0.00681280018761754
v68_h98,v68_h93,0.00340640009380877
v68_h98,v68_h114,0.0719899982213974
v69_h1,v69_h11,0.006376999896019697
v69_h1,v69_h68,0.006376999896019697
v69_h1,v69_h131,0.06284400075674057
v69_h1,v69_h174,0.0031884999480098486
v69_h10,v69_h11,0.08197499811649323
v69_h10,v69_h52,0.006376999896019697
v69_h10,v69_h58,0.0031884999480098486
v69_h10,v69_h68,0.012753999792039394
v69_h10,v69_h131,0.0031884999480098486
v69_h10,v69_h134,0.0031884999480098486
v69_h100,v69_h11,0.006376999896019697
v69_h100,v69_h52,0.009565499611198902
v69_h100,v69_h68,0.012753999792039394
v69_h100,v69_h131,0.009565499611198902
v69_h100,v69_h134,0.0031884999480098486
v69_h100,v69_h174,0.0031884999480098486
v69_h101,v69_h11,0.0031884999480098486
v69_h101,v69_h52,0.006376999896019697
v69_h101,v69_h68,0.0031884999480098486
v69_h101,v69_h174,0.0031884999480098486
v69_h102,v69_h11,0.0031884999480098486
v69_h102,v69_h52,0.0031884999480098486
v69_h102,v69_h68,0.0031884999480098486
v69_h102,v69_h134,0.0031884999480098486
v69_h104,v69_h11,0.009565499611198902
v69_h104,v69_h52,0.07559800148010254
v69_h104,v69_h68,0.0031884999480098486
v69_h104,v69_h134,0.0031884999480098486
v69_h104,v69_h174,0.006376999896019697
v69_h105,v69_h11,0.006376999896019697
v69_h105,v69_h52,0.006376999896019697
v69_h105,v69_h174,0.0031884999480098486
v69_h106,v69_h11,0.009565499611198902
v69_h106,v69_h52,0.015943000093102455
v69_h106,v69_h58,0.006376999896019697
v69_h106,v69_h68,0.009565499611198902
v69_h106,v69_h134,0.006376999896019697
v69_h108,v69_h11,0.0031884999480098486
v69_h108,v69_h52,0.0031884999480098486
v69_h108,v69_h58,0.006376999896019697
v69_h108,v69_h68,0.0724089965224266
v69_h108,v69_h131,0.0031884999480098486
v69_h108,v69_h134,0.009565499611198902
v69_h108,v69_h174,0.0031884999480098486
v69_h11,v69_h68,0.0031884999480098486
v69_h11,v69_h134,0.0031884999480098486
v69_h11,v69_h174,0.0031884999480098486
v69_h110,v69_h68,0.006376999896019697
v69_h110,v69_h134,0.0031884999480098486
v69_h111,v69_h68,0.0031884999480098486
v69_h111,v69_h134,0.0031884999480098486
v69_h112,v69_h52,0.006376999896019697
v69_h112,v69_h68,0.0724089965224266
v69_h112,v69_h131,0.0031884999480098486
v69_h112,v69_h134,0.059654999524354935
v69_h112,v69_h174,0.0031884999480098486
v69_h113,v69_h52,0.06284400075674057
v69_h113,v69_h58,0.0031884999480098486
v69_h113,v69_h68,0.0031884999480098486
v69_h113,v69_h134,0.0031884999480098486
v69_h114,v69_h68,0.009565499611198902
v69_h114,v69_h131,0.006376999896019697
v69_h114,v69_h134,0.009565499611198902
v69_h12,v69_h11,0.09154000133275986
v69_h12,v69_h68,0.009565499611198902
v69_h12,v69_h131,0.0031884999480098486
v69_h12,v69_h134,0.0031884999480098486
v69_h12,v69_h174,0.0031884999480098486
v69_h13,v69_h11,0.02232000045478344
v69_h13,v69_h68,0.006376999896019697
v69_h13,v69_h131,0.056467000395059586
v69_h14,v69_h11,0.03188500180840492
v69_h14,v69_h52,0.0031884999480098486
v69_h14,v69_h68,0.009565499611198902
v69_h14,v69_h131,0.0031884999480098486
v69_h14,v69_h134,0.0031884999480098486
v69_h15,v69_h11,0.012753999792039394
v69_h15,v69_h68,0.0031884999480098486
v69_h15,v69_h134,0.0031884999480098486
v69_h15,v69_h174,0.006376999896019697
v69_h16,v69_h11,0.02232000045478344
v69_h16,v69_h58,0.0031884999480098486
v69_h16,v69_h68,0.006376999896019697
v69_h16,v69_h134,0.015943000093102455
v69_h17,v69_h11,0.0724089965224266
v69_h17,v69_h52,0.0031884999480098486
v69_h17,v69_h68,0.0031884999480098486
v69_h17,v69_h131,0.0031884999480098486
v69_h18,v69_h11,0.012753999792039394
v69_h18,v69_h68,0.009565499611198902
v69_h18,v69_h131,0.0031884999480098486
v69_h19,v69_h11,0.019130999222397804
v69_h19,v69_h58,0.0031884999480098486
v69_h19,v69_h68,0.07559800148010254
v69_h19,v69_h131,0.059654999524354935
v69_h19,v69_h134,0.015943000093102455
v69_h2,v69_h11,0.0031884999480098486
v69_h2,v69_h68,0.0031884999480098486
v69_h2,v69_h131,0.06603199988603592
v69_h2,v69_h134,0.0031884999480098486
v69_h2,v69_h174,0.0031884999480098486
v69_h21,v69_h11,0.06922099739313126
v69_h21,v69_h68,0.0031884999480098486
v69_h21,v69_h131,0.0031884999480098486
v69_h22,v69_h11,0.0724089965224266
v69_h22,v69_h68,0.0031884999480098486
v69_h22,v69_h131,0.0031884999480098486
v69_h22,v69_h134,0.0031884999480098486
v69_h24,v69_h11,0.0724089965224266
v69_h24,v69_h52,0.0031884999480098486
v69_h24,v69_h68,0.012753999792039394
v69_h24,v69_h134,0.0031884999480098486
v69_h25,v69_h11,0.012753999792039394
v69_h25,v69_h52,0.006376999896019697
v69_h25,v69_h68,0.012753999792039394
v69_h25,v69_h134,0.006376999896019697
v69_h25,v69_h174,0.0031884999480098486
v69_h26,v69_h11,0.012753999792039394
v69_h26,v69_h52,0.0031884999480098486
v69_h26,v69_h68,0.02550799958407879
v69_h26,v69_h131,0.009565499611198902
v69_h27,v69_h11,0.006376999896019697
v69_h27,v69_h131,0.0031884999480098486
v69_h29,v69_h11,0.0031884999480098486
v69_h29,v69_h52,0.0031884999480098486
v69_h29,v69_h58,0.0031884999480098486
v69_h29,v69_h68,0.006376999896019697
v69_h3,v69_h11,0.012753999792039394
v69_h3,v69_h52,0.0031884999480098486
v69_h3,v69_h58,0.0031884999480098486
v69_h3,v69_h68,0.0031884999480098486
v69_h3,v69_h131,0.0031884999480098486
v69_h3,v69_h134,0.0031884999480098486
v69_h3,v69_h174,0.0031884999480098486
v69_h31,v69_h11,0.03507399931550026
v69_h31,v69_h52,0.0031884999480098486
v69_h31,v69_h58,0.0031884999480098486
v69_h31,v69_h68,0.015943000093102455
v69_h31,v69_h131,0.006376999896019697
v69_h31,v69_h134,0.0031884999480098486
v69_h32,v69_h11,0.08197499811649323
v69_h32,v69_h68,0.012753999792039394
v69_h32,v69_h131,0.0031884999480098486
v69_h32,v69_h134,0.0031884999480098486
v69_h35,v69_h11,0.0724089965224266
v69_h35,v69_h68,0.006376999896019697
v69_h35,v69_h134,0.0031884999480098486
v69_h4,v69_h11,0.08197499811649323
v69_h4,v69_h52,0.009565499611198902
v69_h4,v69_h68,0.015943000093102455
v69_h4,v69_h131,0.0031884999480098486
v69_h4,v69_h134,0.0031884999480098486
v69_h40,v69_h11,0.015943000093102455
v69_h40,v69_h52,0.0031884999480098486
v69_h40,v69_h58,0.0031884999480098486
v69_h40,v69_h68,0.02232000045478344
v69_h40,v69_h131,0.006376999896019697
v69_h40,v69_h134,0.009565499611198902
v69_h40,v69_h174,0.0031884999480098486
v69_h41,v69_h11,0.0031884999480098486
v69_h41,v69_h58,0.0031884999480098486
v69_h41,v69_h68,0.006376999896019697
v69_h41,v69_h131,0.0031884999480098486
v69_h41,v69_h134,0.06284400075674057
v69_h42,v69_h11,0.06603199988603592
v69_h42,v69_h68,0.009565499611198902
v69_h42,v69_h134,0.006376999896019697
v69_h42,v69_h174,0.0031884999480098486
v69_h43,v69_h11,0.009565499611198902
v69_h43,v69_h52,0.006376999896019697
v69_h43,v69_h68,0.06603199988603592
v69_h43,v69_h134,0.0031884999480098486
v69_h43,v69_h174,0.0031884999480098486
v69_h44,v69_h11,0.015943000093102455
v69_h44,v69_h52,0.0031884999480098486
v69_h44,v69_h58,0.0031884999480098486
v69_h44,v69_h68,0.015943000093102455
v69_h44,v69_h131,0.006376999896019697
v69_h44,v69_h134,0.006376999896019697
v69_h44,v69_h174,0.0031884999480098486
v69_h46,v69_h11,0.0031884999480098486
v69_h46,v69_h58,0.056467000395059586
v69_h46,v69_h68,0.0031884999480098486
v69_h46,v69_h131,0.006376999896019697
v69_h48,v69_h11,0.0031884999480098486
v69_h48,v69_h52,0.06922099739313126
v69_h48,v69_h58,0.0031884999480098486
v69_h48,v69_h68,0.0031884999480098486
v69_h49,v69_h11,0.009565499611198902
v69_h49,v69_h52,0.019130999222397804
v69_h49,v69_h58,0.0031884999480098486
v69_h49,v69_h68,0.0031884999480098486
v69_h49,v69_h131,0.0031884999480098486
v69_h5,v69_h11,0.028697000816464424
v69_h5,v69_h52,0.006376999896019697
v69_h5,v69_h68,0.009565499611198902
v69_h5,v69_h131,0.0031884999480098486
v69_h5,v69_h134,0.056467000395059586
v69_h5,v69_h174,0.0031884999480098486
v69_h50,v69_h11,0.009565499611198902
v69_h50,v69_h52,0.02232000045478344
v69_h50,v69_h58,0.0031884999480098486
v69_h50,v69_h68,0.009565499611198902
v69_h50,v69_h131,0.006376999896019697
v69_h54,v69_h11,0.0031884999480098486
v69_h54,v69_h52,0.07878600060939789
v69_h54,v69_h58,0.0031884999480098486
v69_h54,v69_h68,0.0031884999480098486
v69_h54,v69_h131,0.0031884999480098486
v69_h55,v69_h11,0.0031884999480098486
v69_h55,v69_h52,0.07559800148010254
v69_h55,v69_h58,0.0031884999480098486
v69_h56,v69_h11,0.006376999896019697
v69_h56,v69_h52,0.0724089965224266
v69_h56,v69_h58,0.0031884999480098486
v69_h56,v69_h68,0.0031884999480098486
v69_h57,v69_h11,0.006376999896019697
v69_h57,v69_h52,0.0724089965224266
v69_h58,v69_h52,0.0031884999480098486
v69_h58,v69_h134,0.0031884999480098486
v69_h59,v69_h11,0.0031884999480098486
v69_h59,v69_h58,0.0031884999480098486
v69_h59,v69_h68,0.0031884999480098486
v69_h59,v69_h131,0.006376999896019697
v69_h59,v69_h134,0.006376999896019697
v69_h6,v69_h11,0.012753999792039394
v69_h6,v69_h52,0.0031884999480098486
v69_h6,v69_h58,0.0031884999480098486
v69_h60,v69_h11,0.0031884999480098486
v69_h60,v69_h52,0.0031884999480098486
v69_h60,v69_h58,0.0031884999480098486
v69_h60,v69_h68,0.012753999792039394
v69_h60,v69_h131,0.009565499611198902
v69_h60,v69_h134,0.006376999896019697
v69_h61,v69_h11,0.02232000045478344
v69_h61,v69_h52,0.012753999792039394
v69_h61,v69_h58,0.006376999896019697
v69_h61,v69_h68,0.07878600060939789
v69_h61,v69_h131,0.012753999792039394
v69_h61,v69_h134,0.012753999792039394
v69_h61,v69_h174,0.006376999896019697
v69_h62,v69_h11,0.06922099739313126
v69_h62,v69_h52,0.006376999896019697
v69_h62,v69_h68,0.02232000045478344
v69_h62,v69_h131,0.006376999896019697
v69_h62,v69_h174,0.0031884999480098486
v69_h63,v69_h11,0.015943000093102455
v69_h63,v69_h58,0.0031884999480098486
v69_h63,v69_h68,0.08197499811649323
v69_h63,v69_h131,0.0031884999480098486
v69_h63,v69_h134,0.012753999792039394
v69_h65,v69_h11,0.006376999896019697
v69_h65,v69_h52,0.0031884999480098486
v69_h65,v69_h58,0.0031884999480098486
v69_h65,v69_h68,0.06284400075674057
v69_h66,v69_h11,0.006376999896019697
v69_h66,v69_h68,0.06922099739313126
v69_h66,v69_h134,0.0031884999480098486
v69_h66,v69_h174,0.0031884999480098486
v69_h67,v69_h11,0.0031884999480098486
v69_h67,v69_h52,0.0031884999480098486
v69_h67,v69_h58,0.006376999896019697
v69_h67,v69_h68,0.06284400075674057
v69_h67,v69_h134,0.006376999896019697
v69_h69,v69_h52,0.0031884999480098486
v69_h69,v69_h58,0.0031884999480098486
v69_h69,v69_h68,0.012753999792039394
v69_h69,v69_h131,0.0031884999480098486
v69_h69,v69_h134,0.006376999896019697
v69_h70,v69_h11,0.019130999222397804
v69_h70,v69_h52,0.056467000395059586
v69_h70,v69_h58,0.0031884999480098486
v69_h70,v69_h68,0.07878600060939789
v69_h70,v69_h131,0.006376999896019697
v69_h70,v69_h134,0.019130999222397804
v69_h70,v69_h174,0.006376999896019697
v69_h71,v69_h11,0.009565499611198902
v69_h71,v69_h68,0.06603199988603592
v69_h71,v69_h131,0.006376999896019697
v69_h71,v69_h134,0.012753999792039394
v69_h71,v69_h174,0.0031884999480098486
v69_h72,v69_h11,0.012753999792039394
v69_h72,v69_h68,0.06603199988603592
v69_h72,v69_h131,0.0031884999480098486
v69_h72,v69_h134,0.0031884999480098486
v69_h73,v69_h11,0.0031884999480098486
v69_h73,v69_h68,0.015943000093102455
v69_h73,v69_h131,0.006376999896019697
v69_h74,v69_h11,0.0724089965224266
v69_h74,v69_h68,0.006376999896019697
v69_h74,v69_h134,0.006376999896019697
v69_h74,v69_h174,0.0031884999480098486
v69_h75,v69_h11,0.0031884999480098486
v69_h75,v69_h68,0.009565499611198902
v69_h75,v69_h131,0.0031884999480098486
v69_h76,v69_h68,0.006376999896019697
v69_h77,v69_h11,0.006376999896019697
v69_h77,v69_h52,0.006376999896019697
v69_h77,v69_h58,0.0031884999480098486
v69_h77,v69_h68,0.012753999792039394
v69_h77,v69_h131,0.006376999896019697
v69_h77,v69_h134,0.006376999896019697
v69_h78,v69_h68,0.009565499611198902
v69_h80,v69_h11,0.009565499611198902
v69_h80,v69_h58,0.0031884999480098486
v69_h80,v69_h68,0.02232000045478344
v69_h80,v69_h134,0.0031884999480098486
v69_h80,v69_h174,0.0031884999480098486
v69_h81,v69_h11,0.006376999896019697
v69_h81,v69_h58,0.0031884999480098486
v69_h81,v69_h68,0.012753999792039394
v69_h81,v69_h131,0.0031884999480098486
v69_h81,v69_h134,0.0031884999480098486
v69_h81,v69_h174,0.0031884999480098486
v69_h83,v69_h11,0.012753999792039394
v69_h83,v69_h52,0.0031884999480098486
v69_h83,v69_h68,0.012753999792039394
v69_h83,v69_h174,0.0031884999480098486
v69_h84,v69_h52,0.0031884999480098486
v69_h84,v69_h68,0.06284400075674057
v69_h85,v69_h11,0.009565499611198902
v69_h85,v69_h52,0.0031884999480098486
v69_h85,v69_h58,0.0031884999480098486
v69_h85,v69_h68,0.06922099739313126
v69_h85,v69_h131,0.06922099739313126
v69_h85,v69_h134,0.02550799958407879
v69_h85,v69_h174,0.006376999896019697
v69_h87,v69_h11,0.0031884999480098486
v69_h87,v69_h68,0.009565499611198902
v69_h88,v69_h11,0.009565499611198902
v69_h88,v69_h58,0.0031884999480098486
v69_h88,v69_h68,0.06603199988603592
v69_h88,v69_h134,0.006376999896019697
v69_h89,v69_h11,0.006376999896019697
v69_h89,v69_h52,0.006376999896019697
v69_h89,v69_h58,0.006376999896019697
v69_h89,v69_h68,0.0031884999480098486
v69_h89,v69_h131,0.009565499611198902
v69_h89,v69_h134,0.0031884999480098486
v69_h9,v69_h11,0.09154000133275986
v69_h9,v69_h52,0.0031884999480098486
v69_h9,v69_h68,0.009565499611198902
v69_h9,v69_h134,0.006376999896019697
v69_h9,v69_h174,0.0031884999480098486
v69_h90,v69_h11,0.0031884999480098486
v69_h90,v69_h52,0.012753999792039394
v69_h90,v69_h58,0.006376999896019697
v69_h90,v69_h68,0.009565499611198902
v69_h90,v69_h131,0.009565499611198902
v69_h90,v69_h134,0.006376999896019697
v69_h90,v69_h174,0.0031884999480098486
v69_h91,v69_h11,0.006376999896019697
v69_h91,v69_h52,0.019130999222397804
v69_h91,v69_h58,0.0031884999480098486
v69_h91,v69_h68,0.0031884999480098486
v69_h91,v69_h131,0.009565499611198902
v69_h92,v69_h52,0.006376999896019697
v69_h92,v69_h68,0.0031884999480098486
v69_h92,v69_h134,0.0031884999480098486
v69_h93,v69_h11,0.012753999792039394
v69_h93,v69_h52,0.012753999792039394
v69_h93,v69_h68,0.009565499611198902
v69_h93,v69_h131,0.006376999896019697
v69_h93,v69_h134,0.0031884999480098486
v69_h94,v69_h11,0.006376999896019697
v69_h94,v69_h52,0.006376999896019697
v69_h94,v69_h68,0.0031884999480098486
v69_h94,v69_h131,0.0031884999480098486
v69_h94,v69_h134,0.006376999896019697
v69_h95,v69_h11,0.0031884999480098486
v69_h95,v69_h52,0.0031884999480098486
v69_h95,v69_h58,0.006376999896019697
v69_h95,v69_h131,0.0031884999480098486
v69_h96,v69_h11,0.06284400075674057
v69_h96,v69_h52,0.012753999792039394
v69_h96,v69_h58,0.006376999896019697
v69_h96,v69_h131,0.006376999896019697
v69_h96,v69_h134,0.009565499611198902
v69_h96,v69_h174,0.006376999896019697
v69_h97,v69_h11,0.009565499611198902
v69_h97,v69_h52,0.0724089965224266
v69_h97,v69_h58,0.056467000395059586
v69_h97,v69_h68,0.019130999222397804
v69_h97,v69_h131,0.0031884999480098486
v69_h97,v69_h134,0.0031884999480098486
v69_h97,v69_h174,0.0031884999480098486
v69_h98,v69_h11,0.006376999896019697
v69_h98,v69_h52,0.06603199988603592
v69_h98,v69_h68,0.012753999792039394
v69_h98,v69_h134,0.006376999896019697
v70_h1,v70_h131,0.0021065999753773212
v70_h1,v70_h165,0.0021065999753773212
v70_h1,v70_h177,0.004213300067931414
v70_h10,v70_h33,0.0021065999753773212
v70_h10,v70_h53,0.012640000320971012
v70_h10,v70_h124,0.0021065999753773212
v70_h10,v70_h131,0.0021065999753773212
v70_h10,v70_h165,0.006319900043308735
v70_h10,v70_h177,0.008426499553024769
v70_h100,v70_h33,0.006319900043308735
v70_h100,v70_h53,0.012640000320971012
v70_h100,v70_h124,0.016852999106049538
v70_h100,v70_h131,0.023173000663518906
v70_h100,v70_h165,0.014746000058948994
v70_h100,v70_h177,0.012640000320971012
v70_h101,v70_h33,0.0021065999753773212
v70_h101,v70_h53,0.008426499553024769
v70_h101,v70_h124,0.012640000320971012
v70_h101,v70_h131,0.012640000320971012
v70_h101,v70_h165,0.004213300067931414
v70_h101,v70_h177,0.006319900043308735
v70_h102,v70_h33,0.0021065999753773212
v70_h102,v70_h124,0.0021065999753773212
v70_h104,v70_h33,0.006319900043308735
v70_h104,v70_h53,0.008426499553024769
v70_h104,v70_h124,0.012640000320971012
v70_h104,v70_h131,0.014746000058948994
v70_h104,v70_h165,0.016852999106049538
v70_h104,v70_h177,0.008426499553024769
v70_h105,v70_h33,0.006319900043308735
v70_h105,v70_h53,0.010533000342547894
v70_h105,v70_h124,0.05853800103068352
v70_h105,v70_h131,0.010533000342547894
v70_h105,v70_h165,0.010533000342547894
v70_h105,v70_h177,0.008426499553024769
v70_h106,v70_h33,0.0021065999753773212
v70_h106,v70_h53,0.0021065999753773212
v70_h106,v70_h124,0.008426499553024769
v70_h106,v70_h131,0.006319900043308735
v70_h106,v70_h165,0.006319900043308735
v70_h106,v70_h177,0.0021065999753773212
v70_h107,v70_h33,0.04589800164103508
v70_h107,v70_h53,0.004213300067931414
v70_h107,v70_h124,0.008426499553024769
v70_h107,v70_h131,0.010533000342547894
v70_h107,v70_h165,0.012640000320971012
v70_h107,v70_h177,0.006319900043308735
v70_h108,v70_h33,0.0021065999753773212
v70_h108,v70_h53,0.006319900043308735
v70_h108,v70_h124,0.010533000342547894
v70_h108,v70_h131,0.0021065999753773212
v70_h108,v70_h165,0.004213300067931414
v70_h108,v70_h177,0.004213300067931414
v70_h11,v70_h33,0.006319900043308735
v70_h11,v70_h53,0.016852999106049538
v70_h11,v70_h124,0.010533000342547894
v70_h11,v70_h131,0.004213300067931414
v70_h11,v70_h165,0.010533000342547894
v70_h11,v70_h177,0.010533000342547894
v70_h110,v70_h53,0.004213300067931414
v70_h110,v70_h124,0.010533000342547894
v70_h110,v70_h131,0.010533000342547894
v70_h110,v70_h165,0.006319900043308735
v70_h110,v70_h177,0.006319900043308735
v70_h111,v70_h33,0.004213300067931414
v70_h111,v70_h124,0.0021065999753773212
v70_h111,v70_h131,0.006319900043308735
v70_h111,v70_h165,0.0021065999753773212
v70_h111,v70_h177,0.04800499975681305
v70_h112,v70_h33,0.004213300067931414
v70_h112,v70_h53,0.006319900043308735
v70_h112,v70_h124,0.0021065999753773212
v70_h112,v70_h131,0.006319900043308735
v70_h112,v70_h165,0.0021065999753773212
v70_h112,v70_h177,0.004213300067931414
v70_h113,v70_h33,0.0021065999753773212
v70_h113,v70_h124,0.004213300067931414
v70_h113,v70_h131,0.008426499553024769
v70_h113,v70_h165,0.0021065999753773212
v70_h113,v70_h177,0.0021065999753773212
v70_h114,v70_h124,0.0021065999753773212
v70_h114,v70_h131,0.0021065999753773212
v70_h12,v70_h33,0.004213300067931414
v70_h12,v70_h53,0.06275100260972977
v70_h12,v70_h124,0.012640000320971012
v70_h12,v70_h131,0.006319900043308735
v70_h12,v70_h165,0.006319900043308735
v70_h12,v70_h177,0.006319900043308735
v70_h13,v70_h33,0.05011099949479103
v70_h13,v70_h53,0.06907100230455399
v70_h13,v70_h124,0.05643099918961525
v70_h13,v70_h131,0.004213300067931414
v70_h13,v70_h165,0.010533000342547894
v70_h13,v70_h177,0.008426499553024769
v70_h14,v70_h33,0.006319900043308735
v70_h14,v70_h53,0.023173000663518906
v70_h14,v70_h124,0.0606440007686615
v70_h14,v70_h131,0.0606440007686615
v70_h14,v70_h165,0.012640000320971012
v70_h14,v70_h177,0.012640000320971012
v70_h15,v70_h33,0.012640000320971012
v70_h15,v70_h53,0.05643099918961525
v70_h15,v70_h124,0.010533000342547894
v70_h15,v70_h131,0.010533000342547894
v70_h15,v70_h165,0.004213300067931414
v70_h15,v70_h177,0.05011099949479103
v70_h16,v70_h33,0.010533000342547894
v70_h16,v70_h53,0.07749699801206589
v70_h16,v70_h124,0.018959999084472656
v70_h16,v70_h131,0.012640000320971012
v70_h16,v70_h165,0.0606440007686615
v70_h16,v70_h177,0.010533000342547894
v70_h17,v70_h53,0.010533000342547894
v70_h17,v70_h124,0.004213300067931414
v70_h17,v70_h131,0.010533000342547894
v70_h17,v70_h165,0.0021065999753773212
v70_h17,v70_h177,0.0021065999753773212
v70_h18,v70_h33,0.0522180013358593
v70_h18,v70_h53,0.014746000058948994
v70_h18,v70_h124,0.008426499553024769
v70_h18,v70_h131,0.05432499945163727
v70_h18,v70_h165,0.05853800103068352
v70_h18,v70_h177,0.008426499553024769
v70_h19,v70_h33,0.0021065999753773212
v70_h19,v70_h53,0.012640000320971012
v70_h19,v70_h124,0.004213300067931414
v70_h19,v70_h131,0.010533000342547894
v70_h19,v70_h165,0.008426499553024769
v70_h19,v70_h177,0.0522180013358593
v70_h2,v70_h33,0.0021065999753773212
v70_h2,v70_h53,0.05853800103068352
v70_h2,v70_h124,0.05432499945163727
v70_h2,v70_h131,0.0021065999753773212
v70_h2,v70_h165,0.004213300067931414
v70_h2,v70_h177,0.004213300067931414
v70_h21,v70_h33,0.008426499553024769
v70_h21,v70_h53,0.008426499553024769
v70_h21,v70_h124,0.004213300067931414
v70_h21,v70_h131,0.04800499975681305
v70_h21,v70_h165,0.008426499553024769
v70_h21,v70_h177,0.008426499553024769
v70_h22,v70_h33,0.010533000342547894
v70_h22,v70_h53,0.0606440007686615
v70_h22,v70_h124,0.010533000342547894
v70_h22,v70_h131,0.008426499553024769
v70_h22,v70_h165,0.008426499553024769
v70_h22,v70_h177,0.006319900043308735
v70_h24,v70_h33,0.05432499945163727
v70_h24,v70_h53,0.012640000320971012
v70_h24,v70_h124,0.012640000320971012
v70_h24,v70_h131,0.012640000320971012
v70_h24,v70_h165,0.010533000342547894
v70_h24,v70_h177,0.008426499553024769
v70_h25,v70_h33,0.010533000342547894
v70_h25,v70_h53,0.008426499553024769
v70_h25,v70_h124,0.004213300067931414
v70_h25,v70_h131,0.010533000342547894
v70_h25,v70_h165,0.010533000342547894
v70_h25,v70_h177,0.010533000342547894
v70_h26,v70_h33,0.006319900043308735
v70_h26,v70_h53,0.05643099918961525
v70_h26,v70_h124,0.004213300067931414
v70_h26,v70_h131,0.0021065999753773212
v70_h26,v70_h165,0.004213300067931414
v70_h26,v70_h177,0.04589800164103508
v70_h27,v70_h33,0.0021065999753773212
v70_h27,v70_h131,0.0021065999753773212
v70_h29,v70_h33,0.0522180013358593
v70_h29,v70_h53,0.004213300067931414
v70_h29,v70_h124,0.004213300067931414
v70_h29,v70_h131,0.004213300067931414
v70_h29,v70_h165,0.004213300067931414
v70_h29,v70_h177,0.004213300067931414
v70_h3,v70_h33,0.006319900043308735
v70_h3,v70_h53,0.012640000320971012
v70_h3,v70_h124,0.014746000058948994
v70_h3,v70_h131,0.018959999084472656
v70_h3,v70_h165,0.014746000058948994
v70_h3,v70_h177,0.010533000342547894
v70_h31,v70_h33,0.05432499945163727
v70_h31,v70_h124,0.010533000342547894
v70_h31,v70_h131,0.05643099918961525
v70_h31,v70_h165,0.006319900043308735
v70_h31,v70_h177,0.004213300067931414
v70_h32,v70_h33,0.05432499945163727
v70_h32,v70_h53,0.004213300067931414
v70_h32,v70_h124,0.006319900043308735
v70_h32,v70_h131,0.004213300067931414
v70_h32,v70_h165,0.006319900043308735
v70_h32,v70_h177,0.0021065999753773212
v70_h35,v70_h33,0.0606440007686615
v70_h35,v70_h53,0.016852999106049538
v70_h35,v70_h124,0.012640000320971012
v70_h35,v70_h131,0.018959999084472656
v70_h35,v70_h165,0.014746000058948994
v70_h35,v70_h177,0.06275100260972977
v70_h4,v70_h53,0.0021065999753773212
v70_h4,v70_h124,0.006319900043308735
v70_h4,v70_h131,0.004213300067931414
v70_h4,v70_h165,0.0021065999753773212
v70_h4,v70_h177,0.0021065999753773212
v70_h40,v70_h33,0.010533000342547894
v70_h40,v70_h53,0.006319900043308735
v70_h40,v70_h131,0.004213300067931414
v70_h40,v70_h165,0.0021065999753773212
v70_h40,v70_h177,0.006319900043308735
v70_h41,v70_h33,0.0021065999753773212
v70_h41,v70_h53,0.004213300067931414
v70_h41,v70_h124,0.006319900043308735
v70_h41,v70_h131,0.05853800103068352
v70_h41,v70_h165,0.004213300067931414
v70_h41,v70_h177,0.05011099949479103
v70_h42,v70_h33,0.0021065999753773212
v70_h42,v70_h53,0.0021065999753773212
v70_h42,v70_h124,0.0522180013358593
v70_h42,v70_h131,0.012640000320971012
v70_h42,v70_h177,0.004213300067931414
v70_h43,v70_h33,0.004213300067931414
v70_h43,v70_h53,0.004213300067931414
v70_h43,v70_h124,0.006319900043308735
v70_h43,v70_h131,0.012640000320971012
v70_h43,v70_h165,0.0021065999753773212
v70_h43,v70_h177,0.004213300067931414
v70_h44,v70_h33,0.004213300067931414
v70_h44,v70_h53,0.006319900043308735
v70_h44,v70_h124,0.0021065999753773212
v70_h44,v70_h131,0.05432499945163727
v70_h44,v70_h165,0.004213300067931414
v70_h44,v70_h177,0.006319900043308735
v70_h45,v70_h33,0.004213300067931414
v70_h45,v70_h53,0.004213300067931414
v70_h45,v70_h124,0.008426499553024769
v70_h45,v70_h131,0.0606440007686615
v70_h45,v70_h165,0.006319900043308735
v70_h45,v70_h177,0.006319900043308735
v70_h46,v70_h33,0.0021065999753773212
v70_h46,v70_h53,0.05011099949479103
v70_h46,v70_h124,0.006319900043308735
v70_h46,v70_h131,0.05643099918961525
v70_h46,v70_h165,0.004213300067931414
v70_h46,v70_h177,0.004213300067931414
v70_h48,v70_h33,0.0606440007686615
v70_h48,v70_h53,0.010533000342547894
v70_h48,v70_h124,0.012640000320971012
v70_h48,v70_h131,0.016852999106049538
v70_h48,v70_h165,0.016852999106049538
v70_h48,v70_h177,0.012640000320971012
v70_h49,v70_h33,0.004213300067931414
v70_h49,v70_h53,0.016852999106049538
v70_h49,v70_h124,0.0522180013358593
v70_h49,v70_h131,0.012640000320971012
v70_h49,v70_h165,0.012640000320971012
v70_h49,v70_h177,0.008426499553024769
v70_h5,v70_h53,0.0021065999753773212
v70_h5,v70_h124,0.004213300067931414
v70_h5,v70_h131,0.004213300067931414
v70_h5,v70_h165,0.0021065999753773212
v70_h5,v70_h177,0.0021065999753773212
v70_h50,v70_h33,0.008426499553024769
v70_h50,v70_h53,0.012640000320971012
v70_h50,v70_h124,0.05643099918961525
v70_h50,v70_h131,0.012640000320971012
v70_h50,v70_h165,0.010533000342547894
v70_h50,v70_h177,0.008426499553024769
v70_h54,v70_h53,0.0021065999753773212
v70_h55,v70_h33,0.004213300067931414
v70_h55,v70_h53,0.0021065999753773212
v70_h55,v70_h124,0.004213300067931414
v70_h55,v70_h165,0.008426499553024769
v70_h55,v70_h177,0.006319900043308735
v70_h56,v70_h33,0.0021065999753773212
v70_h56,v70_h53,0.004213300067931414
v70_h56,v70_h124,0.0021065999753773212
v70_h56,v70_h131,0.0021065999753773212
v70_h56,v70_h165,0.006319900043308735
v70_h56,v70_h177,0.004213300067931414
v70_h57,v70_h33,0.014746000058948994
v70_h57,v70_h53,0.006319900043308735
v70_h57,v70_h124,0.010533000342547894
v70_h57,v70_h131,0.016852999106049538
v70_h57,v70_h165,0.06485799700021744
v70_h57,v70_h177,0.06275100260972977
v70_h58,v70_h33,0.0021065999753773212
v70_h58,v70_h165,0.004213300067931414
v70_h58,v70_h177,0.0021065999753773212
v70_h59,v70_h33,0.004213300067931414
v70_h59,v70_h53,0.010533000342547894
v70_h59,v70_h124,0.010533000342547894
v70_h59,v70_h131,0.021066000685095787
v70_h59,v70_h165,0.06485799700021744
v70_h59,v70_h177,0.016852999106049538
v70_h6,v70_h33,0.0021065999753773212
v70_h6,v70_h53,0.008426499553024769
v70_h6,v70_h124,0.006319900043308735
v70_h6,v70_h131,0.010533000342547894
v70_h6,v70_h165,0.008426499553024769
v70_h6,v70_h177,0.006319900043308735
v70_h60,v70_h33,0.010533000342547894
v70_h60,v70_h53,0.008426499553024769
v70_h60,v70_h124,0.012640000320971012
v70_h60,v70_h131,0.018959999084472656
v70_h60,v70_h165,0.05643099918961525
v70_h60,v70_h177,0.05643099918961525
v70_h61,v70_h33,0.004213300067931414
v70_h61,v70_h53,0.06485799700021744
v70_h61,v70_h124,0.018959999084472656
v70_h61,v70_h131,0.016852999106049538
v70_h61,v70_h165,0.07328400015830994
v70_h61,v70_h177,0.014746000058948994
v70_h62,v70_h33,0.008426499553024769
v70_h62,v70_h53,0.018959999084472656
v70_h62,v70_h124,0.018959999084472656
v70_h62,v70_h131,0.021066000685095787
v70_h62,v70_h165,0.016852999106049538
v70_h62,v70_h177,0.006319900043308735
v70_h63,v70_h33,0.004213300067931414
v70_h63,v70_h53,0.0021065999753773212
v70_h63,v70_h124,0.008426499553024769
v70_h63,v70_h131,0.05643099918961525
v70_h63,v70_h165,0.010533000342547894
v70_h63,v70_h177,0.006319900043308735
v70_h66,v70_h33,0.0021065999753773212
v70_h66,v70_h124,0.0021065999753773212
v70_h66,v70_h131,0.004213300067931414
v70_h67,v70_h33,0.004213300067931414
v70_h67,v70_h53,0.006319900043308735
v70_h67,v70_h124,0.0021065999753773212
v70_h67,v70_h165,0.0021065999753773212
v70_h67,v70_h177,0.004213300067931414
v70_h69,v70_h33,0.0021065999753773212
v70_h69,v70_h53,0.006319900043308735
v70_h69,v70_h124,0.010533000342547894
v70_h69,v70_h131,0.05432499945163727
v70_h69,v70_h165,0.012640000320971012
v70_h69,v70_h177,0.006319900043308735
v70_h70,v70_h33,0.0021065999753773212
v70_h70,v70_h124,0.0021065999753773212
v70_h71,v70_h33,0.008426499553024769
v70_h71,v70_h53,0.012640000320971012
v70_h71,v70_h124,0.006319900043308735
v70_h71,v70_h131,0.010533000342547894
v70_h71,v70_h165,0.010533000342547894
v70_h71,v70_h177,0.006319900043308735
v70_h72,v70_h33,0.006319900043308735
v70_h72,v70_h53,0.004213300067931414
v70_h72,v70_h124,0.004213300067931414
v70_h72,v70_h131,0.010533000342547894
v70_h72,v70_h165,0.006319900043308735
v70_h72,v70_h177,0.006319900043308735
v70_h73,v70_h53,0.0021065999753773212
v70_h73,v70_h124,0.004213300067931414
v70_h73,v70_h131,0.0021065999753773212
v70_h73,v70_h165,0.0021065999753773212
v70_h73,v70_h177,0.0021065999753773212
v70_h74,v70_h33,0.04800499975681305
v70_h74,v70_h53,0.004213300067931414
v70_h74,v70_h124,0.004213300067931414
v70_h74,v70_h165,0.004213300067931414
v70_h74,v70_h177,0.004213300067931414
v70_h75,v70_h33,0.018959999084472656
v70_h75,v70_h53,0.0753910019993782
v70_h75,v70_h124,0.06696400046348572
v70_h75,v70_h131,0.037918999791145325
v70_h75,v70_h165,0.06907100230455399
v70_h75,v70_h177,0.06275100260972977
v70_h76,v70_h33,0.006319900043308735
v70_h76,v70_h53,0.008426499553024769
v70_h76,v70_h124,0.008426499553024769
v70_h76,v70_h131,0.025280000641942024
v70_h76,v70_h165,0.006319900043308735
v70_h76,v70_h177,0.004213300067931414
v70_h77,v70_h53,0.010533000342547894
v70_h77,v70_h124,0.004213300067931414
v70_h77,v70_h131,0.05432499945163727
v70_h77,v70_h165,0.008426499553024769
v70_h77,v70_h177,0.006319900043308735
v70_h78,v70_h33,0.004213300067931414
v70_h78,v70_h53,0.004213300067931414
v70_h78,v70_h131,0.0021065999753773212
v70_h78,v70_h165,0.004213300067931414
v70_h78,v70_h177,0.0021065999753773212
v70_h79,v70_h33,0.0021065999753773212
v70_h79,v70_h124,0.004213300067931414
v70_h79,v70_h131,0.012640000320971012
v70_h79,v70_h165,0.04800499975681305
v70_h79,v70_h177,0.0021065999753773212
v70_h80,v70_h33,0.006319900043308735
v70_h80,v70_h53,0.004213300067931414
v70_h80,v70_h124,0.004213300067931414
v70_h80,v70_h131,0.008426499553024769
v70_h80,v70_h165,0.008426499553024769
v70_h80,v70_h177,0.004213300067931414
v70_h81,v70_h33,0.05011099949479103
v70_h81,v70_h53,0.006319900043308735
v70_h81,v70_h124,0.008426499553024769
v70_h81,v70_h131,0.0021065999753773212
v70_h81,v70_h165,0.004213300067931414
v70_h81,v70_h177,0.0021065999753773212
v70_h83,v70_h33,0.006319900043308735
v70_h83,v70_h53,0.008426499553024769
v70_h83,v70_h124,0.016852999106049538
v70_h83,v70_h131,0.010533000342547894
v70_h83,v70_h165,0.012640000320971012
v70_h83,v70_h177,0.0021065999753773212
v70_h84,v70_h33,0.006319900043308735
v70_h84,v70_h53,0.010533000342547894
v70_h84,v70_h124,0.014746000058948994
v70_h84,v70_h131,0.05853800103068352
v70_h84,v70_h165,0.008426499553024769
v70_h84,v70_h177,0.006319900043308735
v70_h85,v70_h33,0.006319900043308735
v70_h85,v70_h53,0.0021065999753773212
v70_h85,v70_h124,0.006319900043308735
v70_h85,v70_h131,0.016852999106049538
v70_h85,v70_h165,0.004213300067931414
v70_h85,v70_h177,0.0021065999753773212
v70_h88,v70_h33,0.0021065999753773212
v70_h88,v70_h53,0.012640000320971012
v70_h88,v70_h124,0.006319900043308735
v70_h88,v70_h131,0.012640000320971012
v70_h88,v70_h165,0.0021065999753773212
v70_h88,v70_h177,0.004213300067931414
v70_h89,v70_h53,0.012640000320971012
v70_h89,v70_h124,0.0522180013358593
v70_h89,v70_h131,0.014746000058948994
v70_h89,v70_h165,0.004213300067931414
v70_h89,v70_h177,0.004213300067931414
v70_h9,v70_h33,0.0021065999753773212
v70_h9,v70_h53,0.006319900043308735
v70_h9,v70_h124,0.008426499553024769
v70_h9,v70_h131,0.004213300067931414
v70_h9,v70_h165,0.0021065999753773212
v70_h9,v70_h177,0.004213300067931414
v70_h90,v70_h33,0.0021065999753773212
v70_h90,v70_h53,0.0606440007686615
v70_h90,v70_h124,0.012640000320971012
v70_h90,v70_h131,0.014746000058948994
v70_h90,v70_h165,0.004213300067931414
v70_h90,v70_h177,0.004213300067931414
v70_h91,v70_h33,0.0021065999753773212
v70_h91,v70_h53,0.004213300067931414
v70_h91,v70_h177,0.0021065999753773212
v70_h92,v70_h33,0.008426499553024769
v70_h92,v70_h53,0.05853800103068352
v70_h92,v70_h124,0.012640000320971012
v70_h92,v70_h131,0.008426499553024769
v70_h92,v70_h165,0.008426499553024769
v70_h92,v70_h177,0.006319900043308735
v70_h93,v70_h53,0.05643099918961525
v70_h93,v70_h124,0.006319900043308735
v70_h93,v70_h131,0.004213300067931414
v70_h93,v70_h165,0.006319900043308735
v70_h93,v70_h177,0.006319900043308735
v70_h94,v70_h33,0.0021065999753773212
v70_h94,v70_h124,0.008426499553024769
v70_h94,v70_h131,0.012640000320971012
v70_h94,v70_h165,0.010533000342547894
v70_h94,v70_h177,0.006319900043308735
v70_h95,v70_h33,0.004213300067931414
v70_h95,v70_h53,0.006319900043308735
v70_h95,v70_h124,0.06696400046348572
v70_h95,v70_h131,0.07328400015830994
v70_h95,v70_h165,0.014746000058948994
v70_h95,v70_h177,0.006319900043308735
v70_h96,v70_h33,0.0021065999753773212
v70_h96,v70_h53,0.010533000342547894
v70_h96,v70_h124,0.021066000685095787
v70_h96,v70_h131,0.0753910019993782
v70_h96,v70_h165,0.014746000058948994
v70_h96,v70_h177,0.012640000320971012
v70_h97,v70_h33,0.008426499553024769
v70_h97,v70_h53,0.06907100230455399
v70_h97,v70_h124,0.025280000641942024
v70_h97,v70_h131,0.027386000379920006
v70_h97,v70_h165,0.021066000685095787
v70_h97,v70_h177,0.018959999084472656
v70_h98,v70_h53,0.004213300067931414
v70_h98,v70_h124,0.05643099918961525
v70_h98,v70_h131,0.06275100260972977
v70_h98,v70_h165,0.012640000320971012
v70_h98,v70_h177,0.0021065999753773212
v71_h1,v71_h38,0.003084199968725443
v71_h1,v71_h47,0.009252600371837616
v71_h1,v71_h53,0.003084199968725443
v71_h1,v71_h170,0.015421000309288502
v71_h1,v71_h172,0.003084199968725443
v71_h1,v71_h280,0.006168399937450886
v71_h10,v71_h47,0.003084199968725443
v71_h10,v71_h49,0.003084199968725443
v71_h10,v71_h53,0.012337000109255314
v71_h10,v71_h170,0.006168399937450886
v71_h10,v71_h280,0.009252600371837616
v71_h100,v71_h49,0.003084199968725443
v71_h100,v71_h53,0.006168399937450886
v71_h101,v71_h38,0.003084199968725443
v71_h101,v71_h47,0.003084199968725443
v71_h101,v71_h49,0.009252600371837616
v71_h101,v71_h53,0.012337000109255314
v71_h101,v71_h172,0.003084199968725443
v71_h101,v71_h280,0.003084199968725443
v71_h102,v71_h47,0.003084199968725443
v71_h102,v71_h49,0.006168399937450886
v71_h102,v71_h53,0.009252600371837616
v71_h102,v71_h280,0.003084199968725443
v71_h104,v71_h53,0.006168399937450886
v71_h105,v71_h49,0.003084199968725443
v71_h105,v71_h53,0.012337000109255314
v71_h105,v71_h170,0.009252600371837616
v71_h105,v71_h172,0.003084199968725443
v71_h106,v71_h49,0.003084199968725443
v71_h107,v71_h49,0.003084199968725443
v71_h107,v71_h53,0.009252600371837616
v71_h108,v71_h38,0.006168399937450886
v71_h108,v71_h47,0.003084199968725443
v71_h108,v71_h49,0.003084199968725443
v71_h108,v71_h170,0.009252600371837616
v71_h108,v71_h172,0.006168399937450886
v71_h108,v71_h280,0.012337000109255314
v71_h11,v71_h38,0.009252600371837616
v71_h11,v71_h280,0.003084199968725443
v71_h110,v71_h47,0.006168399937450886
v71_h110,v71_h49,0.003084199968725443
v71_h110,v71_h53,0.003084199968725443
v71_h110,v71_h170,0.006168399937450886
v71_h110,v71_h280,0.003084199968725443
v71_h111,v71_h49,0.006168399937450886
v71_h111,v71_h170,0.003084199968725443
v71_h111,v71_h172,0.003084199968725443
v71_h112,v71_h38,0.003084199968725443
v71_h112,v71_h47,0.003084199968725443
v71_h112,v71_h49,0.006168399937450886
v71_h112,v71_h53,0.003084199968725443
v71_h113,v71_h38,0.003084199968725443
v71_h113,v71_h47,0.006168399937450886
v71_h113,v71_h49,0.06170399859547615
v71_h113,v71_h53,0.012337000109255314
v71_h113,v71_h170,0.006168399937450886
v71_h113,v71_h172,0.009252600371837616
v71_h114,v71_h38,0.003084199968725443
v71_h114,v71_h172,0.06478799879550934
v71_h12,v71_h38,0.009252600371837616
v71_h12,v71_h47,0.009252600371837616
v71_h12,v71_h49,0.009252600371837616
v71_h12,v71_h53,0.015421000309288502
v71_h12,v71_h170,0.006168399937450886
v71_h12,v71_h172,0.003084199968725443
v71_h12,v71_h280,0.003084199968725443
v71_h13,v71_h47,0.003084199968725443
v71_h13,v71_h49,0.009252600371837616
v71_h13,v71_h53,0.009252600371837616
v71_h13,v71_h170,0.003084199968725443
v71_h13,v71_h280,0.015421000309288502
v71_h14,v71_h38,0.009252600371837616
v71_h14,v71_h47,0.003084199968725443
v71_h14,v71_h53,0.006168399937450886
v71_h14,v71_h170,0.009252600371837616
v71_h14,v71_h172,0.003084199968725443
v71_h14,v71_h280,0.003084199968725443
v71_h15,v71_h38,0.003084199968725443
v71_h15,v71_h47,0.006168399937450886
v71_h15,v71_h49,0.003084199968725443
v71_h15,v71_h53,0.006168399937450886
v71_h15,v71_h170,0.05861999839544296
v71_h15,v71_h172,0.003084199968725443
v71_h15,v71_h280,0.003084199968725443
v71_h16,v71_h38,0.006168399937450886
v71_h16,v71_h47,0.003084199968725443
v71_h16,v71_h170,0.009252600371837616
v71_h16,v71_h280,0.003084199968725443
v71_h17,v71_h38,0.003084199968725443
v71_h17,v71_h49,0.006168399937450886
v71_h17,v71_h170,0.006168399937450886
v71_h17,v71_h172,0.003084199968725443
v71_h17,v71_h280,0.003084199968725443
v71_h18,v71_h47,0.003084199968725443
v71_h18,v71_h49,0.006168399937450886
v71_h18,v71_h53,0.006168399937450886
v71_h18,v71_h170,0.003084199968725443
v71_h18,v71_h280,0.003084199968725443
v71_h19,v71_h38,0.006168399937450886
v71_h2,v71_h38,0.009252600371837616
v71_h2,v71_h47,0.006168399937450886
v71_h2,v71_h49,0.012337000109255314
v71_h2,v71_h170,0.06787200272083282
v71_h2,v71_h172,0.006168399937450886
v71_h2,v71_h280,0.015421000309288502
v71_h21,v71_h38,0.055535998195409775
v71_h21,v71_h47,0.009252600371837616
v71_h21,v71_h49,0.012337000109255314
v71_h21,v71_h53,0.003084199968725443
v71_h21,v71_h170,0.009252600371837616
v71_h21,v71_h172,0.009252600371837616
v71_h21,v71_h280,0.06478799879550934
v71_h22,v71_h38,0.006168399937450886
v71_h22,v71_h47,0.009252600371837616
v71_h22,v71_h170,0.003084199968725443
v71_h22,v71_h280,0.009252600371837616
v71_h24,v71_h38,0.003084199968725443
v71_h24,v71_h49,0.003084199968725443
v71_h24,v71_h53,0.006168399937450886
v71_h26,v71_h38,0.003084199968725443
v71_h26,v71_h47,0.003084199968725443
v71_h26,v71_h49,0.003084199968725443
v71_h26,v71_h53,0.06170399859547615
v71_h26,v71_h280,0.006168399937450886
v71_h27,v71_h47,0.006168399937450886
v71_h27,v71_h53,0.06170399859547615
v71_h29,v71_h49,0.05861999839544296
v71_h3,v71_h49,0.003084199968725443
v71_h3,v71_h170,0.009252600371837616
v71_h3,v71_h280,0.07712499797344208
v71_h31,v71_h38,0.012337000109255314
v71_h31,v71_h47,0.012337000109255314
v71_h31,v71_h49,0.003084199968725443
v71_h31,v71_h53,0.07404100149869919
v71_h31,v71_h170,0.006168399937450886
v71_h31,v71_h280,0.003084199968725443
v71_h32,v71_h38,0.015421000309288502
v71_h32,v71_h47,0.05861999839544296
v71_h32,v71_h49,0.003084199968725443
v71_h32,v71_h53,0.018504999577999115
v71_h32,v71_h170,0.006168399937450886
v71_h32,v71_h280,0.003084199968725443
v71_h35,v71_h38,0.06478799879550934
v71_h35,v71_h47,0.006168399937450886
v71_h35,v71_h49,0.006168399937450886
v71_h35,v71_h53,0.015421000309288502
v71_h35,v71_h170,0.012337000109255314
v71_h35,v71_h280,0.009252600371837616
v71_h4,v71_h170,0.009252600371837616
v71_h4,v71_h280,0.009252600371837616
v71_h40,v71_h38,0.003084199968725443
v71_h40,v71_h47,0.06170399859547615
v71_h40,v71_h49,0.06787200272083282
v71_h40,v71_h53,0.015421000309288502
v71_h40,v71_h170,0.006168399937450886
v71_h40,v71_h172,0.003084199968725443
v71_h40,v71_h280,0.012337000109255314
v71_h41,v71_h38,0.006168399937450886
v71_h41,v71_h47,0.08329399675130844
v71_h41,v71_h49,0.006168399937450886
v71_h41,v71_h53,0.024674000218510628
v71_h41,v71_h170,0.003084199968725443
v71_h42,v71_h38,0.003084199968725443
v71_h42,v71_h47,0.08020900189876556
v71_h42,v71_h49,0.003084199968725443
v71_h42,v71_h53,0.0709569975733757
v71_h42,v71_h170,0.006168399937450886
v71_h42,v71_h172,0.006168399937450886
v71_h43,v71_h38,0.003084199968725443
v71_h43,v71_h47,0.08946199715137482
v71_h43,v71_h49,0.06170399859547615
v71_h43,v71_h53,0.03392599895596504
v71_h43,v71_h170,0.006168399937450886
v71_h43,v71_h172,0.006168399937450886
v71_h44,v71_h38,0.006168399937450886
v71_h44,v71_h47,0.08020900189876556
v71_h44,v71_h49,0.006168399937450886
v71_h44,v71_h53,0.0709569975733757
v71_h44,v71_h170,0.009252600371837616
v71_h44,v71_h172,0.003084199968725443
v71_h44,v71_h280,0.006168399937450886
v71_h45,v71_h38,0.006168399937450886
v71_h45,v71_h47,0.07712499797344208
v71_h45,v71_h49,0.009252600371837616
v71_h45,v71_h53,0.018504999577999115
v71_h45,v71_h280,0.003084199968725443
v71_h46,v71_h38,0.003084199968725443
v71_h46,v71_h47,0.08637800067663193
v71_h46,v71_h49,0.009252600371837616
v71_h46,v71_h53,0.08329399675130844
v71_h48,v71_h47,0.006168399937450886
v71_h48,v71_h49,0.003084199968725443
v71_h48,v71_h53,0.006168399937450886
v71_h49,v71_h47,0.009252600371837616
v71_h49,v71_h53,0.009252600371837616
v71_h49,v71_h170,0.006168399937450886
v71_h49,v71_h172,0.003084199968725443
v71_h49,v71_h280,0.012337000109255314
v71_h5,v71_h49,0.003084199968725443
v71_h5,v71_h170,0.018504999577999115
v71_h5,v71_h280,0.012337000109255314
v71_h50,v71_h47,0.07712499797344208
v71_h50,v71_h49,0.06478799879550934
v71_h50,v71_h53,0.09871499985456467
v71_h50,v71_h170,0.009252600371837616
v71_h50,v71_h172,0.003084199968725443
v71_h50,v71_h280,0.003084199968725443
v71_h54,v71_h38,0.05861999839544296
v71_h54,v71_h47,0.009252600371837616
v71_h54,v71_h49,0.003084199968725443
v71_h54,v71_h53,0.07712499797344208
v71_h54,v71_h170,0.003084199968725443
v71_h54,v71_h172,0.003084199968725443
v71_h55,v71_h38,0.006168399937450886
v71_h55,v71_h47,0.009252600371837616
v71_h55,v71_h49,0.012337000109255314
v71_h55,v71_h53,0.08637800067663193
v71_h55,v71_h170,0.003084199968725443
v71_h55,v71_h280,0.006168399937450886
v71_h56,v71_h47,0.003084199968725443
v71_h56,v71_h49,0.015421000309288502
v71_h56,v71_h53,0.024674000218510628
v71_h57,v71_h49,0.009252600371837616
v71_h57,v71_h53,0.021588999778032303
v71_h58,v71_h38,0.006168399937450886
v71_h58,v71_h47,0.08020900189876556
v71_h58,v71_h49,0.012337000109255314
v71_h58,v71_h53,0.10487999767065048
v71_h59,v71_h38,0.003084199968725443
v71_h59,v71_h47,0.07712499797344208
v71_h59,v71_h49,0.009252600371837616
v71_h59,v71_h53,0.08637800067663193
v71_h59,v71_h170,0.003084199968725443
v71_h59,v71_h172,0.003084199968725443
v71_h6,v71_h170,0.009252600371837616
v71_h6,v71_h172,0.003084199968725443
v71_h6,v71_h280,0.06478799879550934
v71_h60,v71_h38,0.003084199968725443
v71_h60,v71_h49,0.003084199968725443
v71_h60,v71_h53,0.006168399937450886
v71_h61,v71_h47,0.003084199968725443
v71_h61,v71_h49,0.003084199968725443
v71_h61,v71_h53,0.009252600371837616
v71_h62,v71_h38,0.006168399937450886
v71_h62,v71_h47,0.003084199968725443
v71_h62,v71_h53,0.012337000109255314
v71_h63,v71_h53,0.009252600371837616
v71_h65,v71_h38,0.012337000109255314
v71_h65,v71_h47,0.009252600371837616
v71_h65,v71_h49,0.003084199968725443
v71_h65,v71_h53,0.08329399675130844
v71_h65,v71_h170,0.003084199968725443
v71_h65,v71_h280,0.003084199968725443
v71_h66,v71_h47,0.003084199968725443
v71_h66,v71_h53,0.015421000309288502
v71_h67,v71_h38,0.003084199968725443
v71_h67,v71_h47,0.009252600371837616
v71_h67,v71_h49,0.009252600371837616
v71_h67,v71_h53,0.030842000618577003
v71_h67,v71_h172,0.003084199968725443
v71_h67,v71_h280,0.003084199968725443
v71_h69,v71_h47,0.003084199968725443
v71_h69,v71_h53,0.06478799879550934
v71_h70,v71_h49,0.006168399937450886
v71_h70,v71_h53,0.018504999577999115
v71_h71,v71_h53,0.015421000309288502
v71_h72,v71_h47,0.003084199968725443
v71_h72,v71_h49,0.006168399937450886
v71_h72,v71_h53,0.021588999778032303
v71_h73,v71_h38,0.003084199968725443
v71_h73,v71_h47,0.006168399937450886
v71_h73,v71_h53,0.021588999778032303
v71_h74,v71_h38,0.003084199968725443
v71_h74,v71_h47,0.006168399937450886
v71_h74,v71_h53,0.06478799879550934
v71_h75,v71_h47,0.003084199968725443
v71_h75,v71_h49,0.006168399937450886
v71_h75,v71_h53,0.0709569975733757
v71_h75,v71_h280,0.006168399937450886
v71_h76,v71_h47,0.003084199968725443
v71_h76,v71_h53,0.0709569975733757
v71_h76,v71_h170,0.006168399937450886
v71_h77,v71_h53,0.003084199968725443
v71_h78,v71_h38,0.003084199968725443
v71_h78,v71_h47,0.012337000109255314
v71_h78,v71_h49,0.003084199968725443
v71_h78,v71_h53,0.08637800067663193
v71_h78,v71_h170,0.003084199968725443
v71_h78,v71_h172,0.003084199968725443
v71_h79,v71_h49,0.006168399937450886
v71_h79,v71_h53,0.021588999778032303
v71_h79,v71_h280,0.006168399937450886
v71_h80,v71_h38,0.003084199968725443
v71_h80,v71_h47,0.012337000109255314
v71_h80,v71_h49,0.003084199968725443
v71_h80,v71_h53,0.012337000109255314
v71_h81,v71_h38,0.003084199968725443
v71_h81,v71_h47,0.006168399937450886
v71_h81,v71_h49,0.006168399937450886
v71_h81,v71_h53,0.03392599895596504
v71_h83,v71_h38,0.012337000109255314
v71_h83,v71_h47,0.012337000109255314
v71_h83,v71_h49,0.009252600371837616
v71_h83,v71_h53,0.08946199715137482
v71_h83,v71_h170,0.006168399937450886
v71_h83,v71_h280,0.003084199968725443
v71_h84,v71_h38,0.003084199968725443
v71_h84,v71_h47,0.012337000109255314
v71_h84,v71_h49,0.06478799879550934
v71_h84,v71_h53,0.08329399675130844
v71_h85,v71_h47,0.009252600371837616
v71_h85,v71_h49,0.006168399937450886
v71_h85,v71_h53,0.07404100149869919
v71_h87,v71_h38,0.006168399937450886
v71_h87,v71_h47,0.012337000109255314
v71_h87,v71_h49,0.015421000309288502
v71_h87,v71_h53,0.07404100149869919
v71_h87,v71_h170,0.003084199968725443
v71_h88,v71_h47,0.003084199968725443
v71_h88,v71_h49,0.06170399859547615
v71_h88,v71_h170,0.003084199968725443
v71_h88,v71_h172,0.003084199968725443
v71_h89,v71_h47,0.003084199968725443
v71_h89,v71_h53,0.006168399937450886
v71_h89,v71_h170,0.003084199968725443
v71_h89,v71_h172,0.003084199968725443
v71_h9,v71_h38,0.003084199968725443
v71_h9,v71_h49,0.003084199968725443
v71_h9,v71_h170,0.006168399937450886
v71_h9,v71_h280,0.003084199968725443
v71_h90,v71_h49,0.003084199968725443
v71_h90,v71_h53,0.009252600371837616
v71_h90,v71_h170,0.006168399937450886
v71_h90,v71_h172,0.003084199968725443
v71_h92,v71_h49,0.003084199968725443
v71_h92,v71_h53,0.012337000109255314
v71_h93,v71_h47,0.003084199968725443
v71_h93,v71_h49,0.006168399937450886
v71_h93,v71_h53,0.009252600371837616
v71_h93,v71_h280,0.003084199968725443
v71_h94,v71_h38,0.003084199968725443
v71_h94,v71_h49,0.006168399937450886
v71_h94,v71_h53,0.006168399937450886
v71_h94,v71_h170,0.003084199968725443
v71_h94,v71_h280,0.006168399937450886
v71_h95,v71_h47,0.003084199968725443
v71_h95,v71_h49,0.003084199968725443
v71_h95,v71_h53,0.009252600371837616
v71_h96,v71_h53,0.006168399937450886
v71_h97,v71_h49,0.006168399937450886
v71_h97,v71_h53,0.009252600371837616
v71_h98,v71_h47,0.003084199968725443
v71_h98,v71_h53,0.055535998195409775
v72_h1,v72_h35,0.0022229000460356474
v72_h1,v72_h206,0.0022229000460356474
v72_h10,v72_h26,0.0022229000460356474
v72_h10,v72_h35,0.0022229000460356474
v72_h10,v72_h43,0.0022229000460356474
v72_h100,v72_h26,0.011114999651908875
v72_h100,v72_h43,0.00666880002245307
v72_h100,v72_h131,0.011114999651908875
v72_h100,v72_h206,0.004445800092071295
v72_h101,v72_h26,0.004445800092071295
v72_h101,v72_h35,0.004445800092071295
v72_h101,v72_h48,0.0022229000460356474
v72_h101,v72_h131,0.020005999132990837
v72_h101,v72_h206,0.004445800092071295
v72_h105,v72_h26,0.011114999651908875
v72_h105,v72_h35,0.0022229000460356474
v72_h105,v72_h43,0.0022229000460356474
v72_h105,v72_h48,0.004445800092071295
v72_h105,v72_h131,0.07159999758005142
v72_h105,v72_h206,0.00666880002245307
v72_h106,v72_h26,0.008891699835658073
v72_h106,v72_h35,0.004445800092071295
v72_h106,v72_h43,0.004445800092071295
v72_h106,v72_h48,0.0022229000460356474
v72_h106,v72_h131,0.06270799785852432
v72_h107,v72_h26,0.017782999202609062
v72_h107,v72_h35,0.00666880002245307
v72_h107,v72_h43,0.008891699835658073
v72_h107,v72_h48,0.004445800092071295
v72_h107,v72_h131,0.01333799958229065
v72_h107,v72_h206,0.008891699835658073
v72_h11,v72_h26,0.011114999651908875
v72_h11,v72_h35,0.008891699835658073
v72_h11,v72_h43,0.04937100037932396
v72_h11,v72_h131,0.051594000309705734
v72_h11,v72_h206,0.0022229000460356474
v72_h110,v72_h26,0.008891699835658073
v72_h110,v72_h43,0.0022229000460356474
v72_h110,v72_h131,0.00666880002245307
v72_h110,v72_h206,0.004445800092071295
v72_h111,v72_h131,0.0022229000460356474
v72_h111,v72_h206,0.0022229000460356474
v72_h112,v72_h26,0.06715399771928787
v72_h112,v72_h35,0.008891699835658073
v72_h112,v72_h43,0.008891699835658073
v72_h112,v72_h48,0.0022229000460356474
v72_h112,v72_h131,0.06270799785852432
v72_h112,v72_h206,0.004445800092071295
v72_h113,v72_h26,0.008891699835658073
v72_h113,v72_h35,0.008891699835658073
v72_h113,v72_h43,0.004445800092071295
v72_h113,v72_h48,0.0022229000460356474
v72_h113,v72_h131,0.008891699835658073
v72_h113,v72_h206,0.004445800092071295
v72_h114,v72_h26,0.004445800092071295
v72_h114,v72_h131,0.008891699835658073
v72_h114,v72_h206,0.051594000309705734
v72_h12,v72_h26,0.011114999651908875
v72_h12,v72_h35,0.060485001653432846
v72_h12,v72_h43,0.017782999202609062
v72_h12,v72_h48,0.00666880002245307
v72_h12,v72_h131,0.017782999202609062
v72_h12,v72_h206,0.0022229000460356474
v72_h13,v72_h26,0.004445800092071295
v72_h13,v72_h35,0.008891699835658073
v72_h13,v72_h43,0.011114999651908875
v72_h13,v72_h48,0.008891699835658073
v72_h13,v72_h131,0.00666880002245307
v72_h14,v72_h35,0.00666880002245307
v72_h14,v72_h43,0.004445800092071295
v72_h14,v72_h131,0.0022229000460356474
v72_h15,v72_h26,0.0022229000460356474
v72_h15,v72_h35,0.00666880002245307
v72_h15,v72_h43,0.00666880002245307
v72_h15,v72_h131,0.0022229000460356474
v72_h15,v72_h206,0.0022229000460356474
v72_h16,v72_h26,0.00666880002245307
v72_h16,v72_h35,0.060485001653432846
v72_h16,v72_h43,0.05826200172305107
v72_h16,v72_h131,0.0022229000460356474
v72_h17,v72_h26,0.011114999651908875
v72_h17,v72_h35,0.015560000203549862
v72_h17,v72_h43,0.05826200172305107
v72_h17,v72_h48,0.004445800092071295
v72_h17,v72_h131,0.06715399771928787
v72_h17,v72_h206,0.004445800092071295
v72_h19,v72_h26,0.015560000203549862
v72_h19,v72_h35,0.06270799785852432
v72_h19,v72_h43,0.017782999202609062
v72_h19,v72_h48,0.008891699835658073
v72_h19,v72_h131,0.011114999651908875
v72_h19,v72_h206,0.004445800092071295
v72_h2,v72_h26,0.0022229000460356474
v72_h2,v72_h35,0.00666880002245307
v72_h2,v72_h43,0.004445800092071295
v72_h2,v72_h48,0.0022229000460356474
v72_h2,v72_h131,0.00666880002245307
v72_h2,v72_h206,0.00666880002245307
v72_h21,v72_h26,0.00666880002245307
v72_h21,v72_h35,0.060485001653432846
v72_h21,v72_h43,0.011114999651908875
v72_h21,v72_h48,0.004445800092071295
v72_h21,v72_h131,0.00666880002245307
v72_h22,v72_h26,0.015560000203549862
v72_h22,v72_h35,0.020005999132990837
v72_h22,v72_h43,0.06270799785852432
v72_h22,v72_h48,0.01333799958229065
v72_h22,v72_h131,0.020005999132990837
v72_h22,v72_h206,0.0022229000460356474
v72_h24,v72_h131,0.0022229000460356474
v72_h25,v72_h26,0.024452000856399536
v72_h25,v72_h35,0.07159999758005142
v72_h25,v72_h43,0.07826899737119675
v72_h25,v72_h48,0.008891699835658073
v72_h25,v72_h131,0.017782999202609062
v72_h26,v72_h35,0.06937699764966965
v72_h26,v72_h43,0.07604599744081497
v72_h26,v72_h48,0.017782999202609062
v72_h26,v72_h131,0.05826200172305107
v72_h26,v72_h206,0.00666880002245307
v72_h27,v72_h26,0.08715999871492386
v72_h27,v72_h35,0.07159999758005142
v72_h27,v72_h43,0.06937699764966965
v72_h27,v72_h48,0.017782999202609062
v72_h27,v72_h131,0.011114999651908875
v72_h27,v72_h206,0.0022229000460356474
v72_h29,v72_h26,0.060485001653432846
v72_h29,v72_h35,0.01333799958229065
v72_h29,v72_h43,0.05826200172305107
v72_h29,v72_h48,0.004445800092071295
v72_h29,v72_h131,0.004445800092071295
v72_h29,v72_h206,0.0022229000460356474
v72_h3,v72_h131,0.0022229000460356474
v72_h31,v72_h26,0.0022229000460356474
v72_h31,v72_h35,0.0022229000460356474
v72_h31,v72_h43,0.0022229000460356474
v72_h31,v72_h131,0.0022229000460356474
v72_h31,v72_h206,0.008891699835658073
v72_h32,v72_h35,0.0022229000460356474
v72_h32,v72_h43,0.0022229000460356474
v72_h32,v72_h206,0.011114999651908875
v72_h35,v72_h26,0.06937699764966965
v72_h35,v72_h43,0.07159999758005142
v72_h35,v72_h48,0.020005999132990837
v72_h35,v72_h131,0.011114999651908875
v72_h35,v72_h206,0.004445800092071295
v72_h4,v72_h26,0.00666880002245307
v72_h4,v72_h35,0.0022229000460356474
v72_h4,v72_h43,0.04937100037932396
v72_h4,v72_h131,0.004445800092071295
v72_h4,v72_h206,0.0022229000460356474
v72_h40,v72_h26,0.07159999758005142
v72_h40,v72_h35,0.07604599744081497
v72_h40,v72_h43,0.07826899737119675
v72_h40,v72_h48,0.06270799785852432
v72_h40,v72_h131,0.008891699835658073
v72_h40,v72_h206,0.0022229000460356474
v72_h41,v72_h26,0.056040000170469284
v72_h41,v72_h35,0.024452000856399536
v72_h41,v72_h43,0.06715399771928787
v72_h41,v72_h48,0.008891699835658073
v72_h41,v72_h131,0.008891699835658073
v72_h42,v72_h26,0.06937699764966965
v72_h42,v72_h35,0.0738229975104332
v72_h42,v72_h43,0.07604599744081497
v72_h42,v72_h48,0.06270799785852432
v72_h42,v72_h131,0.011114999651908875
v72_h42,v72_h206,0.0022229000460356474
v72_h43,v72_h26,0.07604599744081497
v72_h43,v72_h35,0.07159999758005142
v72_h43,v72_h48,0.020005999132990837
v72_h43,v72_h131,0.011114999651908875
v72_h43,v72_h206,0.0022229000460356474
v72_h44,v72_h26,0.011114999651908875
v72_h44,v72_h35,0.011114999651908875
v72_h44,v72_h43,0.015560000203549862
v72_h44,v72_h48,0.017782999202609062
v72_h44,v72_h131,0.008891699835658073
v72_h45,v72_h26,0.008891699835658073
v72_h45,v72_h35,0.00666880002245307
v72_h45,v72_h43,0.051594000309705734
v72_h45,v72_h48,0.05826200172305107
v72_h45,v72_h131,0.0022229000460356474
v72_h46,v72_h26,0.008891699835658073
v72_h46,v72_h35,0.015560000203549862
v72_h46,v72_h43,0.060485001653432846
v72_h46,v72_h48,0.06270799785852432
v72_h46,v72_h131,0.004445800092071295
v72_h48,v72_h26,0.017782999202609062
v72_h48,v72_h35,0.020005999132990837
v72_h48,v72_h43,0.020005999132990837
v72_h48,v72_h131,0.004445800092071295
v72_h48,v72_h206,0.0022229000460356474
v72_h49,v72_h26,0.06715399771928787
v72_h49,v72_h35,0.01333799958229065
v72_h49,v72_h43,0.017782999202609062
v72_h49,v72_h48,0.011114999651908875
v72_h49,v72_h131,0.01333799958229065
v72_h50,v72_h26,0.05826200172305107
v72_h50,v72_h35,0.015560000203549862
v72_h50,v72_h43,0.01333799958229065
v72_h50,v72_h48,0.056040000170469284
v72_h50,v72_h131,0.00666880002245307
v72_h50,v72_h206,0.004445800092071295
v72_h54,v72_h26,0.017782999202609062
v72_h54,v72_h35,0.017782999202609062
v72_h54,v72_h43,0.0649309977889061
v72_h54,v72_h48,0.01333799958229065
v72_h54,v72_h131,0.008891699835658073
v72_h54,v72_h206,0.004445800092071295
v72_h55,v72_h26,0.008891699835658073
v72_h55,v72_h35,0.00666880002245307
v72_h55,v72_h43,0.008891699835658073
v72_h55,v72_h48,0.008891699835658073
v72_h55,v72_h131,0.00666880002245307
v72_h55,v72_h206,0.004445800092071295
v72_h56,v72_h26,0.015560000203549862
v72_h56,v72_h35,0.01333799958229065
v72_h56,v72_h43,0.06270799785852432
v72_h56,v72_h48,0.004445800092071295
v72_h56,v72_h131,0.0022229000460356474
v72_h57,v72_h26,0.01333799958229065
v72_h57,v72_h35,0.06937699764966965
v72_h57,v72_h43,0.06715399771928787
v72_h57,v72_h48,0.011114999651908875
v72_h57,v72_h131,0.0022229000460356474
v72_h57,v72_h206,0.0022229000460356474
v72_h58,v72_h26,0.0649309977889061
v72_h58,v72_h35,0.0738229975104332
v72_h58,v72_h43,0.02667500078678131
v72_h58,v72_h48,0.01333799958229065
v72_h58,v72_h131,0.020005999132990837
v72_h58,v72_h206,0.0022229000460356474
v72_h59,v72_h26,0.015560000203549862
v72_h59,v72_h35,0.015560000203549862
v72_h59,v72_h43,0.01333799958229065
v72_h59,v72_h48,0.05381700024008751
v72_h59,v72_h131,0.011114999651908875
v72_h60,v72_h26,0.017782999202609062
v72_h60,v72_h35,0.05381700024008751
v72_h60,v72_h43,0.017782999202609062
v72_h60,v72_h48,0.008891699835658073
v72_h60,v72_h131,0.00666880002245307
v72_h62,v72_h26,0.004445800092071295
v72_h62,v72_h35,0.00666880002245307
v72_h62,v72_h43,0.008891699835658073
v72_h62,v72_h48,0.00666880002245307
v72_h62,v72_h131,0.00666880002245307
v72_h63,v72_h26,0.015560000203549862
v72_h63,v72_h35,0.06270799785852432
v72_h63,v72_h43,0.01333799958229065
v72_h63,v72_h48,0.015560000203549862
v72_h63,v72_h131,0.011114999651908875
v72_h63,v72_h206,0.0022229000460356474
v72_h65,v72_h26,0.00666880002245307
v72_h65,v72_h35,0.01333799958229065
v72_h65,v72_h43,0.008891699835658073
v72_h65,v72_h48,0.056040000170469284
v72_h65,v72_h131,0.0022229000460356474
v72_h66,v72_h26,0.015560000203549862
v72_h66,v72_h35,0.011114999651908875
v72_h66,v72_h43,0.060485001653432846
v72_h66,v72_h48,0.008891699835658073
v72_h66,v72_h131,0.01333799958229065
v72_h66,v72_h206,0.0022229000460356474
v72_h67,v72_h26,0.004445800092071295
v72_h67,v72_h35,0.004445800092071295
v72_h67,v72_h43,0.00666880002245307
v72_h67,v72_h48,0.004445800092071295
v72_h67,v72_h131,0.00666880002245307
v72_h69,v72_h26,0.06270799785852432
v72_h69,v72_h35,0.02222900092601776
v72_h69,v72_h43,0.06715399771928787
v72_h69,v72_h48,0.00666880002245307
v72_h69,v72_h131,0.02222900092601776
v72_h69,v72_h206,0.00666880002245307
v72_h70,v72_h26,0.0022229000460356474
v72_h70,v72_h35,0.0022229000460356474
v72_h70,v72_h43,0.0022229000460356474
v72_h70,v72_h48,0.0022229000460356474
v72_h70,v72_h131,0.0022229000460356474
v72_h71,v72_h26,0.00666880002245307
v72_h71,v72_h35,0.008891699835658073
v72_h71,v72_h43,0.00666880002245307
v72_h71,v72_h48,0.00666880002245307
v72_h71,v72_h131,0.00666880002245307
v72_h72,v72_h26,0.0022229000460356474
v72_h72,v72_h35,0.0022229000460356474
v72_h72,v72_h43,0.0022229000460356474
v72_h73,v72_h26,0.01333799958229065
v72_h73,v72_h35,0.008891699835658073
v72_h73,v72_h43,0.00666880002245307
v72_h73,v72_h48,0.0022229000460356474
v72_h73,v72_h131,0.011114999651908875
v72_h74,v72_h48,0.0022229000460356474
v72_h75,v72_h26,0.0022229000460356474
v72_h75,v72_h43,0.0022229000460356474
v72_h76,v72_h26,0.00666880002245307
v72_h76,v72_h35,0.008891699835658073
v72_h76,v72_h43,0.008891699835658073
v72_h76,v72_h48,0.0022229000460356474
v72_h76,v72_h131,0.0649309977889061
v72_h76,v72_h206,0.0022229000460356474
v72_h77,v72_h26,0.01333799958229065
v72_h77,v72_h35,0.060485001653432846
v72_h77,v72_h43,0.011114999651908875
v72_h77,v72_h48,0.05826200172305107
v72_h77,v72_h131,0.011114999651908875
v72_h77,v72_h206,0.0022229000460356474
v72_h78,v72_h26,0.015560000203549862
v72_h78,v72_h35,0.02222900092601776
v72_h78,v72_h43,0.017782999202609062
v72_h78,v72_h48,0.015560000203549862
v72_h78,v72_h131,0.020005999132990837
v72_h78,v72_h206,0.00666880002245307
v72_h79,v72_h26,0.008891699835658073
v72_h79,v72_h35,0.011114999651908875
v72_h79,v72_h43,0.01333799958229065
v72_h79,v72_h48,0.011114999651908875
v72_h79,v72_h131,0.01333799958229065
v72_h80,v72_h26,0.011114999651908875
v72_h80,v72_h35,0.015560000203549862
v72_h80,v72_h43,0.015560000203549862
v72_h80,v72_h48,0.056040000170469284
v72_h80,v72_h131,0.011114999651908875
v72_h81,v72_h26,0.01333799958229065
v72_h81,v72_h35,0.020005999132990837
v72_h81,v72_h43,0.05381700024008751
v72_h81,v72_h48,0.01333799958229065
v72_h81,v72_h131,0.011114999651908875
v72_h81,v72_h206,0.004445800092071295
v72_h83,v72_h26,0.004445800092071295
v72_h83,v72_h35,0.004445800092071295
v72_h83,v72_h43,0.01333799958229065
v72_h83,v72_h48,0.00666880002245307
v72_h83,v72_h131,0.00666880002245307
v72_h83,v72_h206,0.0022229000460356474
v72_h84,v72_h26,0.00666880002245307
v72_h84,v72_h35,0.00666880002245307
v72_h84,v72_h43,0.008891699835658073
v72_h84,v72_h48,0.008891699835658073
v72_h84,v72_h131,0.00666880002245307
v72_h85,v72_h26,0.060485001653432846
v72_h85,v72_h35,0.01333799958229065
v72_h85,v72_h43,0.060485001653432846
v72_h85,v72_h48,0.011114999651908875
v72_h85,v72_h131,0.01333799958229065
v72_h85,v72_h206,0.004445800092071295
v72_h87,v72_h26,0.015560000203549862
v72_h87,v72_h35,0.004445800092071295
v72_h87,v72_h43,0.008891699835658073
v72_h87,v72_h131,0.06715399771928787
v72_h87,v72_h206,0.004445800092071295
v72_h88,v72_h26,0.008891699835658073
v72_h88,v72_h35,0.0022229000460356474
v72_h88,v72_h43,0.004445800092071295
v72_h88,v72_h48,0.0022229000460356474
v72_h88,v72_h131,0.02222900092601776
v72_h88,v72_h206,0.0022229000460356474
v72_h89,v72_h26,0.008891699835658073
v72_h89,v72_h35,0.004445800092071295
v72_h89,v72_h43,0.00666880002245307
v72_h89,v72_h48,0.00666880002245307
v72_h89,v72_h131,0.011114999651908875
v72_h89,v72_h206,0.0022229000460356474
v72_h9,v72_h35,0.0022229000460356474
v72_h9,v72_h48,0.0022229000460356474
v72_h90,v72_h26,0.00666880002245307
v72_h90,v72_h35,0.0022229000460356474
v72_h90,v72_h48,0.0022229000460356474
v72_h90,v72_h131,0.06715399771928787
v72_h90,v72_h206,0.008891699835658073
v72_h91,v72_h26,0.004445800092071295
v72_h91,v72_h43,0.00666880002245307
v72_h91,v72_h131,0.017782999202609062
v72_h91,v72_h206,0.0022229000460356474
v72_h92,v72_h26,0.024452000856399536
v72_h92,v72_h35,0.015560000203549862
v72_h92,v72_h43,0.017782999202609062
v72_h92,v72_h48,0.01333799958229065
v72_h92,v72_h131,0.09382899850606918
v72_h92,v72_h206,0.004445800092071295
v72_h93,v72_h26,0.004445800092071295
v72_h93,v72_h35,0.00666880002245307
v72_h93,v72_h43,0.00666880002245307
v72_h93,v72_h48,0.0022229000460356474
v72_h93,v72_h131,0.07159999758005142
v72_h93,v72_h206,0.0022229000460356474
v72_h94,v72_h26,0.00666880002245307
v72_h94,v72_h35,0.00666880002245307
v72_h94,v72_h43,0.008891699835658073
v72_h94,v72_h48,0.008891699835658073
v72_h94,v72_h131,0.011114999651908875
v72_h95,v72_h26,0.0022229000460356474
v72_h95,v72_h35,0.004445800092071295
v72_h95,v72_h43,0.0022229000460356474
v72_h95,v72_h131,0.004445800092071295
v72_h96,v72_h26,0.06270799785852432
v72_h96,v72_h35,0.015560000203549862
v72_h96,v72_h43,0.008891699835658073
v72_h96,v72_h48,0.011114999651908875
v72_h96,v72_h131,0.015560000203549862
v72_h96,v72_h206,0.0022229000460356474
v72_h97,v72_h26,0.011114999651908875
v72_h97,v72_h35,0.004445800092071295
v72_h97,v72_h43,0.0022229000460356474
v72_h97,v72_h48,0.0022229000460356474
v72_h97,v72_h131,0.03112100064754486
v72_h97,v72_h206,0.008891699835658073
v72_h98,v72_h26,0.060485001653432846
v72_h98,v72_h35,0.015560000203549862
v72_h98,v72_h43,0.008891699835658073
v72_h98,v72_h48,0.004445800092071295
v72_h98,v72_h131,0.024452000856399536
v73_h1,v73_h6,0.062153998762369156
v73_h1,v73_h30,0.01147099956870079
v73_h1,v73_h34,0.0028677000664174557
v73_h1,v73_h111,0.0028677000664174557
v73_h10,v73_h6,0.06502100080251694
v73_h10,v73_h30,0.008603000082075596
v73_h10,v73_h34,0.00573530001565814
v73_h10,v73_h111,0.014337999746203423
v73_h100,v73_h6,0.0028677000664174557
v73_h100,v73_h30,0.01147099956870079
v73_h100,v73_h34,0.01720600016415119
v73_h100,v73_h111,0.022941000759601593
v73_h101,v73_h6,0.00573530001565814
v73_h101,v73_h34,0.008603000082075596
v73_h101,v73_h111,0.02007400058209896
v73_h102,v73_h30,0.0028677000664174557
v73_h102,v73_h34,0.01147099956870079
v73_h102,v73_h111,0.028676999732851982
v73_h105,v73_h34,0.008603000082075596
v73_h105,v73_h111,0.07362399995326996
v73_h106,v73_h6,0.00573530001565814
v73_h106,v73_h30,0.0028677000664174557
v73_h106,v73_h34,0.07075700163841248
v73_h106,v73_h111,0.01147099956870079
v73_h107,v73_h6,0.0028677000664174557
v73_h107,v73_h30,0.008603000082075596
v73_h107,v73_h34,0.022941000759601593
v73_h107,v73_h111,0.022941000759601593
v73_h108,v73_h30,0.0028677000664174557
v73_h108,v73_h34,0.0028677000664174557
v73_h108,v73_h111,0.014337999746203423
v73_h11,v73_h6,0.01720600016415119
v73_h11,v73_h30,0.01147099956870079
v73_h11,v73_h111,0.00573530001565814
v73_h110,v73_h34,0.0028677000664174557
v73_h110,v73_h111,0.07649199664592743
v73_h111,v73_h30,0.0028677000664174557
v73_h111,v73_h34,0.00573530001565814
v73_h112,v73_h6,0.00573530001565814
v73_h112,v73_h30,0.0028677000664174557
v73_h112,v73_h34,0.0028677000664174557
v73_h112,v73_h111,0.08509500324726105
v73_h113,v73_h6,0.0028677000664174557
v73_h113,v73_h30,0.00573530001565814
v73_h113,v73_h34,0.0028677000664174557
v73_h113,v73_h111,0.06502100080251694
v73_h114,v73_h6,0.00573530001565814
v73_h114,v73_h30,0.0028677000664174557
v73_h114,v73_h34,0.0028677000664174557
v73_h114,v73_h111,0.07075700163841248
v73_h12,v73_h6,0.062153998762369156
v73_h12,v73_h30,0.06502100080251694
v73_h12,v73_h34,0.0028677000664174557
v73_h12,v73_h111,0.01147099956870079
v73_h13,v73_h6,0.06502100080251694
v73_h13,v73_h30,0.00573530001565814
v73_h13,v73_h34,0.00573530001565814
v73_h13,v73_h111,0.008603000082075596
v73_h14,v73_h6,0.008603000082075596
v73_h14,v73_h30,0.0028677000664174557
v73_h14,v73_h34,0.0028677000664174557
v73_h14,v73_h111,0.008603000082075596
v73_h15,v73_h6,0.02007400058209896
v73_h15,v73_h30,0.01147099956870079
v73_h15,v73_h34,0.0028677000664174557
v73_h15,v73_h111,0.014337999746203423
v73_h16,v73_h6,0.014337999746203423
v73_h16,v73_h30,0.062153998762369156
v73_h16,v73_h34,0.008603000082075596
v73_h16,v73_h111,0.02007400058209896
v73_h17,v73_h6,0.05928599834442139
v73_h17,v73_h30,0.00573530001565814
v73_h17,v73_h34,0.0028677000664174557
v73_h17,v73_h111,0.01720600016415119
v73_h18,v73_h6,0.01147099956870079
v73_h18,v73_h30,0.00573530001565814
v73_h18,v73_h34,0.00573530001565814
v73_h18,v73_h111,0.07649199664592743
v73_h19,v73_h6,0.02007400058209896
v73_h19,v73_h30,0.014337999746203423
v73_h19,v73_h34,0.00573530001565814
v73_h19,v73_h111,0.08509500324726105
v73_h2,v73_h6,0.06788899749517441
v73_h2,v73_h30,0.00573530001565814
v73_h2,v73_h34,0.0028677000664174557
v73_h2,v73_h111,0.02007400058209896
v73_h21,v73_h6,0.00573530001565814
v73_h21,v73_h30,0.00573530001565814
v73_h21,v73_h34,0.06788899749517441
v73_h21,v73_h111,0.07362399995326996
v73_h22,v73_h6,0.0028677000664174557
v73_h22,v73_h30,0.008603000082075596
v73_h22,v73_h34,0.00573530001565814
v73_h22,v73_h111,0.0028677000664174557
v73_h24,v73_h6,0.0028677000664174557
v73_h24,v73_h30,0.06788899749517441
v73_h24,v73_h34,0.0028677000664174557
v73_h24,v73_h111,0.01147099956870079
v73_h25,v73_h6,0.0028677000664174557
v73_h25,v73_h30,0.06502100080251694
v73_h25,v73_h34,0.0028677000664174557
v73_h25,v73_h111,0.00573530001565814
v73_h26,v73_h6,0.008603000082075596
v73_h26,v73_h30,0.00573530001565814
v73_h26,v73_h34,0.00573530001565814
v73_h26,v73_h111,0.008603000082075596
v73_h27,v73_h6,0.008603000082075596
v73_h27,v73_h30,0.008603000082075596
v73_h27,v73_h34,0.056418001651763916
v73_h27,v73_h111,0.008603000082075596
v73_h29,v73_h6,0.00573530001565814
v73_h29,v73_h30,0.01147099956870079
v73_h29,v73_h34,0.00573530001565814
v73_h29,v73_h111,0.02007400058209896
v73_h3,v73_h6,0.00573530001565814
v73_h3,v73_h30,0.0028677000664174557
v73_h31,v73_h6,0.01147099956870079
v73_h31,v73_h30,0.0793600007891655
v73_h31,v73_h34,0.01147099956870079
v73_h31,v73_h111,0.01147099956870079
v73_h32,v73_h30,0.0028677000664174557
v73_h35,v73_h30,0.0028677000664174557
v73_h35,v73_h34,0.07362399995326996
v73_h35,v73_h111,0.00573530001565814
v73_h4,v73_h6,0.028676999732851982
v73_h4,v73_h30,0.07075700163841248
v73_h4,v73_h34,0.008603000082075596
v73_h4,v73_h111,0.01720600016415119
v73_h40,v73_h6,0.0028677000664174557
v73_h40,v73_h30,0.0028677000664174557
v73_h40,v73_h34,0.00573530001565814
v73_h40,v73_h111,0.06788899749517441
v73_h41,v73_h6,0.00573530001565814
v73_h41,v73_h30,0.0028677000664174557
v73_h41,v73_h34,0.00573530001565814
v73_h41,v73_h111,0.07075700163841248
v73_h42,v73_h6,0.008603000082075596
v73_h42,v73_h30,0.008603000082075596
v73_h42,v73_h34,0.07075700163841248
v73_h42,v73_h111,0.01147099956870079
v73_h43,v73_h6,0.0028677000664174557
v73_h43,v73_h34,0.00573530001565814
v73_h43,v73_h111,0.008603000082075596
v73_h44,v73_h30,0.00573530001565814
v73_h44,v73_h34,0.07075700163841248
v73_h44,v73_h111,0.008603000082075596
v73_h45,v73_h34,0.0028677000664174557
v73_h45,v73_h111,0.0028677000664174557
v73_h46,v73_h111,0.00573530001565814
v73_h48,v73_h6,0.00573530001565814
v73_h48,v73_h30,0.02007400058209896
v73_h48,v73_h34,0.01147099956870079
v73_h48,v73_h111,0.01147099956870079
v73_h49,v73_h111,0.0028677000664174557
v73_h5,v73_h6,0.06788899749517441
v73_h5,v73_h30,0.0028677000664174557
v73_h5,v73_h34,0.00573530001565814
v73_h5,v73_h111,0.00573530001565814
v73_h50,v73_h111,0.0028677000664174557
v73_h54,v73_h6,0.00573530001565814
v73_h54,v73_h30,0.06502100080251694
v73_h54,v73_h34,0.062153998762369156
v73_h54,v73_h111,0.06502100080251694
v73_h55,v73_h30,0.00573530001565814
v73_h55,v73_h34,0.008603000082075596
v73_h55,v73_h111,0.00573530001565814
v73_h56,v73_h30,0.00573530001565814
v73_h58,v73_h6,0.0028677000664174557
v73_h58,v73_h30,0.07362399995326996
v73_h58,v73_h34,0.0028677000664174557
v73_h58,v73_h111,0.008603000082075596
v73_h59,v73_h6,0.0028677000664174557
v73_h59,v73_h30,0.02007400058209896
v73_h59,v73_h34,0.00573530001565814
v73_h59,v73_h111,0.014337999746203423
v73_h6,v73_h30,0.0028677000664174557
v73_h6,v73_h34,0.0028677000664174557
v73_h60,v73_h30,0.0028677000664174557
v73_h60,v73_h34,0.0028677000664174557
v73_h60,v73_h111,0.00573530001565814
v73_h61,v73_h6,0.0028677000664174557
v73_h61,v73_h30,0.0028677000664174557
v73_h62,v73_h6,0.062153998762369156
v73_h62,v73_h34,0.0028677000664174557
v73_h62,v73_h111,0.008603000082075596
v73_h63,v73_h6,0.014337999746203423
v73_h63,v73_h34,0.0028677000664174557
v73_h63,v73_h111,0.00573530001565814
v73_h65,v73_h6,0.008603000082075596
v73_h66,v73_h6,0.008603000082075596
v73_h66,v73_h30,0.00573530001565814
v73_h66,v73_h34,0.00573530001565814
v73_h66,v73_h111,0.01147099956870079
v73_h67,v73_h6,0.008603000082075596
v73_h67,v73_h30,0.008603000082075596
v73_h67,v73_h34,0.008603000082075596
v73_h67,v73_h111,0.00573530001565814
v73_h69,v73_h30,0.0028677000664174557
v73_h70,v73_h34,0.00573530001565814
v73_h70,v73_h111,0.00573530001565814
v73_h71,v73_h6,0.00573530001565814
v73_h71,v73_h30,0.008603000082075596
v73_h71,v73_h34,0.0028677000664174557
v73_h71,v73_h111,0.00573530001565814
v73_h72,v73_h6,0.0028677000664174557
v73_h72,v73_h30,0.00573530001565814
v73_h72,v73_h34,0.05928599834442139
v73_h73,v73_h6,0.0028677000664174557
v73_h73,v73_h111,0.0028677000664174557
v73_h74,v73_h6,0.01147099956870079
v73_h74,v73_h30,0.008603000082075596
v73_h74,v73_h34,0.008603000082075596
v73_h74,v73_h111,0.01147099956870079
v73_h75,v73_h30,0.00573530001565814
v73_h75,v73_h34,0.0028677000664174557
v73_h75,v73_h111,0.014337999746203423
v73_h76,v73_h6,0.0028677000664174557
v73_h76,v73_h30,0.00573530001565814
v73_h76,v73_h111,0.008603000082075596
v73_h77,v73_h6,0.008603000082075596
v73_h77,v73_h30,0.014337999746203423
v73_h77,v73_h111,0.0028677000664174557
v73_h78,v73_h6,0.00573530001565814
v73_h78,v73_h30,0.053550999611616135
v73_h78,v73_h111,0.0028677000664174557
v73_h79,v73_h6,0.0028677000664174557
v73_h79,v73_h30,0.0028677000664174557
v73_h79,v73_h111,0.062153998762369156
v73_h80,v73_h6,0.008603000082075596
v73_h80,v73_h30,0.06502100080251694
v73_h80,v73_h34,0.0028677000664174557
v73_h80,v73_h111,0.00573530001565814
v73_h81,v73_h6,0.014337999746203423
v73_h81,v73_h30,0.05928599834442139
v73_h81,v73_h34,0.00573530001565814
v73_h81,v73_h111,0.022941000759601593
v73_h84,v73_h30,0.0028677000664174557
v73_h84,v73_h34,0.0028677000664174557
v73_h84,v73_h111,0.008603000082075596
v73_h85,v73_h34,0.0028677000664174557
v73_h87,v73_h6,0.00573530001565814
v73_h87,v73_h30,0.01147099956870079
v73_h87,v73_h34,0.01147099956870079
v73_h87,v73_h111,0.0793600007891655
v73_h88,v73_h6,0.0028677000664174557
v73_h88,v73_h30,0.00573530001565814
v73_h88,v73_h34,0.00573530001565814
v73_h88,v73_h111,0.08796299993991852
v73_h89,v73_h6,0.00573530001565814
v73_h89,v73_h30,0.0028677000664174557
v73_h89,v73_h34,0.00573530001565814
v73_h89,v73_h111,0.01147099956870079
v73_h9,v73_h6,0.01720600016415119
v73_h9,v73_h30,0.0028677000664174557
v73_h9,v73_h34,0.00573530001565814
v73_h90,v73_h6,0.00573530001565814
v73_h90,v73_h30,0.01147099956870079
v73_h90,v73_h34,0.008603000082075596
v73_h90,v73_h111,0.02007400058209896
v73_h91,v73_h111,0.022941000759601593
v73_h92,v73_h30,0.00573530001565814
v73_h92,v73_h34,0.01147099956870079
v73_h92,v73_h111,0.01720600016415119
v73_h93,v73_h6,0.008603000082075596
v73_h93,v73_h30,0.008603000082075596
v73_h93,v73_h34,0.00573530001565814
v73_h93,v73_h111,0.06788899749517441
v73_h94,v73_h34,0.0028677000664174557
v73_h94,v73_h111,0.008603000082075596
v73_h95,v73_h6,0.0028677000664174557
v73_h95,v73_h30,0.0028677000664174557
v73_h96,v73_h6,0.0028677000664174557
v73_h96,v73_h30,0.00573530001565814
v73_h96,v73_h34,0.0028677000664174557
v73_h96,v73_h111,0.03728000074625015
v73_h97,v73_h6,0.0028677000664174557
v73_h97,v73_h111,0.022941000759601593
v73_h98,v73_h30,0.0028677000664174557
v73_h98,v73_h34,0.0028677000664174557
v73_h98,v73_h111,0.090829998254776
v74_h1,v74_h10,0.11641000211238861
v74_h1,v74_h23,0.03767300024628639
v74_h1,v74_h42,0.010764000006020069
v74_h1,v74_h45,0.021526999771595
v74_h1,v74_h46,0.016145000234246254
v74_h1,v74_h52,0.010764000006020069
v74_h1,v74_h61,0.010764000006020069
v74_h1,v74_h62,0.010764000006020069
v74_h1,v74_h65,0.010764000006020069
v74_h1,v74_h70,0.016145000234246254
v74_h1,v74_h83,0.010764000006020069
v74_h1,v74_h95,0.010764000006020069
v74_h1,v74_h97,0.010764000006020069
v74_h1,v74_h105,0.016145000234246254
v74_h1,v74_h127,0.010764000006020069
v74_h1,v74_h131,0.005381799768656492
v74_h10,v74_h23,0.02690899930894375
v74_h10,v74_h45,0.08950600028038025
v74_h10,v74_h46,0.021526999771595
v74_h10,v74_h52,0.005381799768656492
v74_h10,v74_h61,0.005381799768656492
v74_h10,v74_h62,0.021526999771595
v74_h10,v74_h63,0.005381799768656492
v74_h10,v74_h65,0.010764000006020069
v74_h10,v74_h69,0.005381799768656492
v74_h10,v74_h70,0.005381799768656492
v74_h10,v74_h78,0.005381799768656492
v74_h10,v74_h83,0.005381799768656492
v74_h10,v74_h105,0.021526999771595
v74_h10,v74_h127,0.005381799768656492
v74_h10,v74_h131,0.010764000006020069
v74_h100,v74_h23,0.010764000006020069
v74_h100,v74_h45,0.005381799768656492
v74_h100,v74_h52,0.08412399888038635
v74_h100,v74_h61,0.010764000006020069
v74_h100,v74_h62,0.010764000006020069
v74_h100,v74_h65,0.005381799768656492
v74_h100,v74_h70,0.005381799768656492
v74_h100,v74_h83,0.016145000234246254
v74_h100,v74_h95,0.010764000006020069
v74_h100,v74_h97,0.10027000308036804
v74_h100,v74_h105,0.005381799768656492
v74_h100,v74_h127,0.016145000234246254
v74_h100,v74_h131,0.005381799768656492
v74_h101,v74_h45,0.010764000006020069
v74_h101,v74_h46,0.005381799768656492
v74_h101,v74_h52,0.010764000006020069
v74_h101,v74_h61,0.010764000006020069
v74_h101,v74_h62,0.010764000006020069
v74_h101,v74_h65,0.010764000006020069
v74_h101,v74_h69,0.005381799768656492
v74_h101,v74_h70,0.010764000006020069
v74_h101,v74_h83,0.010764000006020069
v74_h101,v74_h95,0.010764000006020069
v74_h101,v74_h97,0.016145000234246254
v74_h101,v74_h105,0.010764000006020069
v74_h101,v74_h127,0.010764000006020069
v74_h102,v74_h23,0.005381799768656492
v74_h102,v74_h45,0.016145000234246254
v74_h102,v74_h46,0.010764000006020069
v74_h102,v74_h52,0.005381799768656492
v74_h102,v74_h61,0.005381799768656492
v74_h102,v74_h62,0.010764000006020069
v74_h102,v74_h97,0.010764000006020069
v74_h102,v74_h105,0.021526999771595
v74_h102,v74_h127,0.005381799768656492
v74_h104,v74_h10,0.010764000006020069
v74_h104,v74_h23,0.010764000006020069
v74_h104,v74_h42,0.010764000006020069
v74_h104,v74_h45,0.021526999771595
v74_h104,v74_h46,0.005381799768656492
v74_h104,v74_h52,0.005381799768656492
v74_h104,v74_h61,0.016145000234246254
v74_h104,v74_h62,0.005381799768656492
v74_h104,v74_h63,0.010764000006020069
v74_h104,v74_h69,0.005381799768656492
v74_h104,v74_h70,0.010764000006020069
v74_h104,v74_h83,0.016145000234246254
v74_h104,v74_h95,0.005381799768656492
v74_h104,v74_h97,0.021526999771595
v74_h104,v74_h105,0.09488800168037415
v74_h104,v74_h127,0.010764000006020069
v74_h104,v74_h131,0.005381799768656492
v74_h105,v74_h10,0.021526999771595
v74_h105,v74_h23,0.032290998846292496
v74_h105,v74_h42,0.005381799768656492
v74_h105,v74_h45,0.10027000308036804
v74_h105,v74_h46,0.03767300024628639
v74_h105,v74_h52,0.005381799768656492
v74_h105,v74_h61,0.10027000308036804
v74_h105,v74_h62,0.016145000234246254
v74_h105,v74_h63,0.08950600028038025
v74_h105,v74_h65,0.016145000234246254
v74_h105,v74_h69,0.08950600028038025
v74_h105,v74_h70,0.07874199748039246
v74_h105,v74_h83,0.02690899930894375
v74_h105,v74_h95,0.021526999771595
v74_h105,v74_h97,0.016145000234246254
v74_h105,v74_h127,0.010764000006020069
v74_h105,v74_h131,0.010764000006020069
v74_h106,v74_h10,0.010764000006020069
v74_h106,v74_h23,0.005381799768656492
v74_h106,v74_h45,0.005381799768656492
v74_h106,v74_h46,0.010764000006020069
v74_h106,v74_h52,0.005381799768656492
v74_h106,v74_h61,0.005381799768656492
v74_h106,v74_h62,0.005381799768656492
v74_h106,v74_h63,0.005381799768656492
v74_h106,v74_h65,0.005381799768656492
v74_h106,v74_h83,0.005381799768656492
v74_h106,v74_h97,0.010764000006020069
v74_h106,v74_h105,0.02690899930894375
v74_h106,v74_h127,0.016145000234246254
v74_h106,v74_h131,0.08412399888038635
v74_h107,v74_h10,0.005381799768656492
v74_h107,v74_h23,0.010764000006020069
v74_h107,v74_h42,0.005381799768656492
v74_h107,v74_h45,0.02690899930894375
v74_h107,v74_h46,0.005381799768656492
v74_h107,v74_h52,0.005381799768656492
v74_h107,v74_h61,0.016145000234246254
v74_h107,v74_h62,0.010764000006020069
v74_h107,v74_h63,0.010764000006020069
v74_h107,v74_h69,0.010764000006020069
v74_h107,v74_h70,0.016145000234246254
v74_h107,v74_h83,0.010764000006020069
v74_h107,v74_h95,0.005381799768656492
v74_h107,v74_h97,0.016145000234246254
v74_h107,v74_h105,0.10027000308036804
v74_h107,v74_h127,0.02690899930894375
v74_h107,v74_h131,0.010764000006020069
v74_h108,v74_h10,0.005381799768656492
v74_h108,v74_h23,0.010764000006020069
v74_h108,v74_h42,0.005381799768656492
v74_h108,v74_h45,0.021526999771595
v74_h108,v74_h46,0.016145000234246254
v74_h108,v74_h52,0.005381799768656492
v74_h108,v74_h61,0.010764000006020069
v74_h108,v74_h62,0.010764000006020069
v74_h108,v74_h63,0.010764000006020069
v74_h108,v74_h65,0.005381799768656492
v74_h108,v74_h69,0.005381799768656492
v74_h108,v74_h70,0.005381799768656492
v74_h108,v74_h78,0.005381799768656492
v74_h108,v74_h83,0.010764000006020069
v74_h108,v74_h95,0.005381799768656492
v74_h108,v74_h97,0.08412399888038635
v74_h108,v74_h105,0.10027000308036804
v74_h108,v74_h127,0.010764000006020069
v74_h108,v74_h131,0.016145000234246254
v74_h11,v74_h10,0.09488800168037415
v74_h11,v74_h23,0.005381799768656492
v74_h11,v74_h45,0.016145000234246254
v74_h11,v74_h46,0.07336100190877914
v74_h11,v74_h62,0.005381799768656492
v74_h11,v74_h69,0.005381799768656492
v74_h11,v74_h127,0.005381799768656492
v74_h110,v74_h10,0.010764000006020069
v74_h110,v74_h23,0.005381799768656492
v74_h110,v74_h42,0.005381799768656492
v74_h110,v74_h45,0.021526999771595
v74_h110,v74_h46,0.005381799768656492
v74_h110,v74_h52,0.005381799768656492
v74_h110,v74_h61,0.010764000006020069
v74_h110,v74_h62,0.010764000006020069
v74_h110,v74_h63,0.005381799768656492
v74_h110,v74_h65,0.010764000006020069
v74_h110,v74_h69,0.005381799768656492
v74_h110,v74_h70,0.016145000234246254
v74_h110,v74_h83,0.005381799768656492
v74_h110,v74_h95,0.005381799768656492
v74_h110,v74_h97,0.005381799768656492
v74_h110,v74_h105,0.016145000234246254
v74_h110,v74_h127,0.08950600028038025
v74_h110,v74_h131,0.010764000006020069
v74_h111,v74_h10,0.010764000006020069
v74_h111,v74_h45,0.005381799768656492
v74_h111,v74_h46,0.005381799768656492
v74_h111,v74_h97,0.005381799768656492
v74_h111,v74_h127,0.005381799768656492
v74_h112,v74_h10,0.005381799768656492
v74_h112,v74_h45,0.010764000006020069
v74_h112,v74_h46,0.005381799768656492
v74_h112,v74_h61,0.005381799768656492
v74_h112,v74_h63,0.010764000006020069
v74_h112,v74_h83,0.005381799768656492
v74_h112,v74_h97,0.010764000006020069
v74_h112,v74_h105,0.010764000006020069
v74_h112,v74_h127,0.016145000234246254
v74_h112,v74_h131,0.005381799768656492
v74_h113,v74_h10,0.016145000234246254
v74_h113,v74_h23,0.032290998846292496
v74_h113,v74_h42,0.010764000006020069
v74_h113,v74_h45,0.021526999771595
v74_h113,v74_h46,0.016145000234246254
v74_h113,v74_h52,0.010764000006020069
v74_h113,v74_h61,0.005381799768656492
v74_h113,v74_h62,0.010764000006020069
v74_h113,v74_h63,0.010764000006020069
v74_h113,v74_h65,0.005381799768656492
v74_h113,v74_h69,0.005381799768656492
v74_h113,v74_h83,0.010764000006020069
v74_h113,v74_h97,0.08412399888038635
v74_h113,v74_h105,0.032290998846292496
v74_h113,v74_h127,0.010764000006020069
v74_h114,v74_h10,0.010764000006020069
v74_h114,v74_h23,0.010764000006020069
v74_h114,v74_h42,0.005381799768656492
v74_h114,v74_h45,0.08412399888038635
v74_h114,v74_h46,0.016145000234246254
v74_h114,v74_h62,0.005381799768656492
v74_h114,v74_h65,0.005381799768656492
v74_h114,v74_h70,0.005381799768656492
v74_h114,v74_h83,0.005381799768656492
v74_h114,v74_h95,0.005381799768656492
v74_h114,v74_h97,0.010764000006020069
v74_h114,v74_h105,0.010764000006020069
v74_h114,v74_h127,0.021526999771595
v74_h114,v74_h131,0.010764000006020069
v74_h12,v74_h10,0.10565000027418137
v74_h12,v74_h23,0.010764000006020069
v74_h12,v74_h42,0.005381799768656492
v74_h12,v74_h45,0.010764000006020069
v74_h12,v74_h52,0.07336100190877914
v74_h12,v74_h61,0.005381799768656492
v74_h12,v74_h62,0.005381799768656492
v74_h12,v74_h65,0.005381799768656492
v74_h12,v74_h83,0.010764000006020069
v74_h12,v74_h95,0.005381799768656492
v74_h12,v74_h97,0.010764000006020069
v74_h12,v74_h105,0.010764000006020069
v74_h12,v74_h127,0.005381799768656492
v74_h12,v74_h131,0.005381799768656492
v74_h13,v74_h10,0.12717999517917633
v74_h13,v74_h23,0.016145000234246254
v74_h13,v74_h42,0.005381799768656492
v74_h13,v74_h45,0.032290998846292496
v74_h13,v74_h46,0.016145000234246254
v74_h13,v74_h52,0.005381799768656492
v74_h13,v74_h62,0.07874199748039246
v74_h13,v74_h63,0.005381799768656492
v74_h13,v74_h65,0.010764000006020069
v74_h13,v74_h69,0.005381799768656492
v74_h13,v74_h70,0.005381799768656492
v74_h13,v74_h83,0.005381799768656492
v74_h13,v74_h95,0.005381799768656492
v74_h13,v74_h97,0.005381799768656492
v74_h13,v74_h105,0.010764000006020069
v74_h13,v74_h127,0.010764000006020069
v74_h13,v74_h131,0.010764000006020069
v74_h14,v74_h10,0.0699630007147789
v74_h14,v74_h23,0.10027000308036804
v74_h14,v74_h42,0.010764000006020069
v74_h14,v74_h45,0.08412399888038635
v74_h14,v74_h46,0.016145000234246254
v74_h14,v74_h52,0.021526999771595
v74_h14,v74_h61,0.005381799768656492
v74_h14,v74_h62,0.010764000006020069
v74_h14,v74_h63,0.010764000006020069
v74_h14,v74_h65,0.07336100190877914
v74_h14,v74_h69,0.005381799768656492
v74_h14,v74_h70,0.005381799768656492
v74_h14,v74_h78,0.005381799768656492
v74_h14,v74_h83,0.010764000006020069
v74_h14,v74_h97,0.016145000234246254
v74_h14,v74_h105,0.02690899930894375
v74_h14,v74_h127,0.07336100190877914
v74_h15,v74_h10,0.13255999982357025
v74_h15,v74_h23,0.02690899930894375
v74_h15,v74_h42,0.005381799768656492
v74_h15,v74_h45,0.04305399954319
v74_h15,v74_h46,0.02690899930894375
v74_h15,v74_h52,0.005381799768656492
v74_h15,v74_h62,0.010764000006020069
v74_h15,v74_h65,0.005381799768656492
v74_h15,v74_h70,0.005381799768656492
v74_h15,v74_h83,0.005381799768656492
v74_h15,v74_h95,0.005381799768656492
v74_h15,v74_h97,0.010764000006020069
v74_h15,v74_h105,0.021526999771595
v74_h15,v74_h127,0.010764000006020069
v74_h15,v74_h131,0.010764000006020069
v74_h16,v74_h10,0.12717999517917633
v74_h16,v74_h23,0.021526999771595
v74_h16,v74_h42,0.010764000006020069
v74_h16,v74_h45,0.03767300024628639
v74_h16,v74_h46,0.032290998846292496
v74_h16,v74_h52,0.005381799768656492
v74_h16,v74_h62,0.021526999771595
v74_h16,v74_h65,0.005381799768656492
v74_h16,v74_h70,0.005381799768656492
v74_h16,v74_h83,0.005381799768656492
v74_h16,v74_h95,0.005381799768656492
v74_h16,v74_h97,0.010764000006020069
v74_h16,v74_h105,0.016145000234246254
v74_h16,v74_h127,0.010764000006020069
v74_h16,v74_h131,0.02690899930894375
v74_h17,v74_h10,0.11102999746799469
v74_h17,v74_h23,0.005381799768656492
v74_h17,v74_h45,0.016145000234246254
v74_h17,v74_h46,0.005381799768656492
v74_h17,v74_h62,0.005381799768656492
v74_h17,v74_h63,0.005381799768656492
v74_h17,v74_h65,0.005381799768656492
v74_h17,v74_h69,0.005381799768656492
v74_h17,v74_h83,0.005381799768656492
v74_h17,v74_h105,0.010764000006020069
v74_h17,v74_h127,0.010764000006020069
v74_h17,v74_h131,0.005381799768656492
v74_h18,v74_h10,0.12717999517917633
v74_h18,v74_h45,0.005381799768656492
v74_h18,v74_h46,0.005381799768656492
v74_h18,v74_h52,0.010764000006020069
v74_h18,v74_h61,0.005381799768656492
v74_h18,v74_h62,0.005381799768656492
v74_h18,v74_h63,0.010764000006020069
v74_h18,v74_h69,0.005381799768656492
v74_h18,v74_h70,0.005381799768656492
v74_h18,v74_h83,0.005381799768656492
v74_h18,v74_h97,0.005381799768656492
v74_h18,v74_h105,0.010764000006020069
v74_h18,v74_h127,0.005381799768656492
v74_h19,v74_h10,0.08950600028038025
v74_h19,v74_h23,0.010764000006020069
v74_h19,v74_h45,0.021526999771595
v74_h19,v74_h46,0.005381799768656492
v74_h19,v74_h62,0.07336100190877914
v74_h19,v74_h63,0.005381799768656492
v74_h19,v74_h65,0.005381799768656492
v74_h19,v74_h69,0.010764000006020069
v74_h19,v74_h127,0.010764000006020069
v74_h2,v74_h10,0.032290998846292496
v74_h2,v74_h23,0.09488800168037415
v74_h2,v74_h45,0.016145000234246254
v74_h2,v74_h46,0.010764000006020069
v74_h2,v74_h52,0.005381799768656492
v74_h2,v74_h61,0.005381799768656492
v74_h2,v74_h62,0.005381799768656492
v74_h2,v74_h63,0.005381799768656492
v74_h2,v74_h65,0.005381799768656492
v74_h2,v74_h83,0.005381799768656492
v74_h2,v74_h97,0.010764000006020069
v74_h2,v74_h105,0.016145000234246254
v74_h2,v74_h127,0.021526999771595
v74_h2,v74_h131,0.005381799768656492
v74_h21,v74_h10,0.11641000211238861
v74_h21,v74_h23,0.10027000308036804
v74_h21,v74_h42,0.005381799768656492
v74_h21,v74_h45,0.11641000211238861
v74_h21,v74_h46,0.10565000027418137
v74_h21,v74_h52,0.010764000006020069
v74_h21,v74_h61,0.010764000006020069
v74_h21,v74_h62,0.010764000006020069
v74_h21,v74_h63,0.010764000006020069
v74_h21,v74_h65,0.010764000006020069
v74_h21,v74_h69,0.010764000006020069
v74_h21,v74_h70,0.010764000006020069
v74_h21,v74_h78,0.005381799768656492
v74_h21,v74_h97,0.010764000006020069
v74_h21,v74_h105,0.10027000308036804
v74_h21,v74_h127,0.005381799768656492
v74_h22,v74_h10,0.005381799768656492
v74_h22,v74_h23,0.08950600028038025
v74_h22,v74_h42,0.016145000234246254
v74_h22,v74_h45,0.021526999771595
v74_h22,v74_h46,0.016145000234246254
v74_h22,v74_h52,0.08412399888038635
v74_h22,v74_h62,0.010764000006020069
v74_h22,v74_h70,0.005381799768656492
v74_h22,v74_h83,0.005381799768656492
v74_h22,v74_h95,0.005381799768656492
v74_h22,v74_h97,0.010764000006020069
v74_h22,v74_h127,0.07874199748039246
v74_h22,v74_h131,0.010764000006020069
v74_h24,v74_h10,0.010764000006020069
v74_h24,v74_h23,0.005381799768656492
v74_h24,v74_h42,0.005381799768656492
v74_h24,v74_h45,0.005381799768656492
v74_h24,v74_h46,0.005381799768656492
v74_h24,v74_h52,0.07336100190877914
v74_h24,v74_h62,0.005381799768656492
v74_h24,v74_h97,0.005381799768656492
v74_h24,v74_h105,0.010764000006020069
v74_h24,v74_h131,0.005381799768656492
v74_h25,v74_h10,0.005381799768656492
v74_h25,v74_h52,0.005381799768656492
v74_h26,v74_h52,0.005381799768656492
v74_h27,v74_h10,0.02690899930894375
v74_h27,v74_h23,0.02690899930894375
v74_h27,v74_h42,0.005381799768656492
v74_h27,v74_h45,0.021526999771595
v74_h27,v74_h46,0.08412399888038635
v74_h27,v74_h52,0.005381799768656492
v74_h27,v74_h62,0.021526999771595
v74_h27,v74_h65,0.005381799768656492
v74_h27,v74_h69,0.005381799768656492
v74_h27,v74_h70,0.005381799768656492
v74_h27,v74_h83,0.016145000234246254
v74_h27,v74_h95,0.010764000006020069
v74_h27,v74_h97,0.005381799768656492
v74_h27,v74_h105,0.010764000006020069
v74_h27,v74_h127,0.016145000234246254
v74_h27,v74_h131,0.010764000006020069
v74_h29,v74_h10,0.005381799768656492
v74_h29,v74_h23,0.010764000006020069
v74_h29,v74_h42,0.005381799768656492
v74_h29,v74_h45,0.010764000006020069
v74_h29,v74_h46,0.010764000006020069
v74_h29,v74_h62,0.016145000234246254
v74_h29,v74_h69,0.005381799768656492
v74_h29,v74_h70,0.005381799768656492
v74_h29,v74_h83,0.010764000006020069
v74_h29,v74_h95,0.005381799768656492
v74_h29,v74_h97,0.005381799768656492
v74_h29,v74_h127,0.010764000006020069
v74_h29,v74_h131,0.005381799768656492
v74_h3,v74_h10,0.10565000027418137
v74_h3,v74_h23,0.10565000027418137
v74_h3,v74_h42,0.010764000006020069
v74_h3,v74_h45,0.0484360009431839
v74_h3,v74_h46,0.032290998846292496
v74_h3,v74_h52,0.010764000006020069
v74_h3,v74_h61,0.005381799768656492
v74_h3,v74_h62,0.010764000006020069
v74_h3,v74_h63,0.010764000006020069
v74_h3,v74_h65,0.010764000006020069
v74_h3,v74_h69,0.005381799768656492
v74_h3,v74_h70,0.010764000006020069
v74_h3,v74_h83,0.010764000006020069
v74_h3,v74_h95,0.005381799768656492
v74_h3,v74_h97,0.016145000234246254
v74_h3,v74_h105,0.09488800168037415
v74_h3,v74_h127,0.02690899930894375
v74_h3,v74_h131,0.010764000006020069
v74_h31,v74_h10,0.010764000006020069
v74_h31,v74_h23,0.010764000006020069
v74_h31,v74_h42,0.005381799768656492
v74_h31,v74_h45,0.016145000234246254
v74_h31,v74_h46,0.005381799768656492
v74_h31,v74_h52,0.005381799768656492
v74_h31,v74_h62,0.016145000234246254
v74_h31,v74_h70,0.005381799768656492
v74_h31,v74_h83,0.005381799768656492
v74_h31,v74_h105,0.005381799768656492
v74_h31,v74_h127,0.005381799768656492
v74_h31,v74_h131,0.005381799768656492
v74_h32,v74_h10,0.09488800168037415
v74_h32,v74_h23,0.010764000006020069
v74_h32,v74_h45,0.016145000234246254
v74_h32,v74_h46,0.005381799768656492
v74_h32,v74_h62,0.010764000006020069
v74_h32,v74_h97,0.005381799768656492
v74_h32,v74_h105,0.005381799768656492
v74_h32,v74_h127,0.005381799768656492
v74_h35,v74_h10,0.010764000006020069
v74_h35,v74_h23,0.016145000234246254
v74_h35,v74_h42,0.005381799768656492
v74_h35,v74_h45,0.02690899930894375
v74_h35,v74_h46,0.016145000234246254
v74_h35,v74_h61,0.005381799768656492
v74_h35,v74_h62,0.010764000006020069
v74_h35,v74_h63,0.005381799768656492
v74_h35,v74_h65,0.016145000234246254
v74_h35,v74_h69,0.005381799768656492
v74_h35,v74_h70,0.07336100190877914
v74_h35,v74_h78,0.005381799768656492
v74_h35,v74_h97,0.005381799768656492
v74_h35,v74_h105,0.016145000234246254
v74_h35,v74_h127,0.03767300024628639
v74_h35,v74_h131,0.010764000006020069
v74_h4,v74_h10,0.02690899930894375
v74_h4,v74_h23,0.02690899930894375
v74_h4,v74_h45,0.005381799768656492
v74_h4,v74_h46,0.005381799768656492
v74_h4,v74_h61,0.016145000234246254
v74_h4,v74_h62,0.010764000006020069
v74_h4,v74_h65,0.005381799768656492
v74_h4,v74_h70,0.010764000006020069
v74_h4,v74_h83,0.010764000006020069
v74_h4,v74_h95,0.005381799768656492
v74_h4,v74_h97,0.010764000006020069
v74_h4,v74_h105,0.016145000234246254
v74_h4,v74_h127,0.005381799768656492
v74_h40,v74_h10,0.016145000234246254
v74_h40,v74_h23,0.021526999771595
v74_h40,v74_h42,0.08950600028038025
v74_h40,v74_h45,0.08950600028038025
v74_h40,v74_h46,0.016145000234246254
v74_h40,v74_h52,0.02690899930894375
v74_h40,v74_h61,0.010764000006020069
v74_h40,v74_h62,0.07874199748039246
v74_h40,v74_h63,0.010764000006020069
v74_h40,v74_h65,0.005381799768656492
v74_h40,v74_h69,0.005381799768656492
v74_h40,v74_h70,0.016145000234246254
v74_h40,v74_h83,0.010764000006020069
v74_h40,v74_h95,0.010764000006020069
v74_h40,v74_h97,0.021526999771595
v74_h40,v74_h105,0.021526999771595
v74_h40,v74_h127,0.02690899930894375
v74_h40,v74_h131,0.08412399888038635
v74_h41,v74_h10,0.064580999314785
v74_h41,v74_h23,0.121799997985363
v74_h41,v74_h42,0.09488800168037415
v74_h41,v74_h45,0.121799997985363
v74_h41,v74_h46,0.10565000027418137
v74_h41,v74_h52,0.03767300024628639
v74_h41,v74_h61,0.02690899930894375
v74_h41,v74_h62,0.10027000308036804
v74_h41,v74_h63,0.005381799768656492
v74_h41,v74_h65,0.032290998846292496
v74_h41,v74_h69,0.032290998846292496
v74_h41,v74_h70,0.08412399888038635
v74_h41,v74_h78,0.016145000234246254
v74_h41,v74_h83,0.10027000308036804
v74_h41,v74_h95,0.10027000308036804
v74_h41,v74_h97,0.09488800168037415
v74_h41,v74_h105,0.0538179986178875
v74_h41,v74_h127,0.08950600028038025
v74_h41,v74_h131,0.10027000308036804
v74_h42,v74_h23,0.010764000006020069
v74_h42,v74_h45,0.016145000234246254
v74_h42,v74_h46,0.010764000006020069
v74_h42,v74_h52,0.010764000006020069
v74_h42,v74_h62,0.010764000006020069
v74_h42,v74_h70,0.005381799768656492
v74_h42,v74_h83,0.005381799768656492
v74_h42,v74_h95,0.005381799768656492
v74_h42,v74_h97,0.005381799768656492
v74_h42,v74_h105,0.005381799768656492
v74_h42,v74_h127,0.005381799768656492
v74_h42,v74_h131,0.010764000006020069
v74_h43,v74_h42,0.07336100190877914
v74_h44,v74_h127,0.07874199748039246
v74_h44,v74_h131,0.005381799768656492
v74_h45,v74_h10,0.08950600028038025
v74_h45,v74_h23,0.10565000027418137
v74_h45,v74_h42,0.016145000234246254
v74_h45,v74_h46,0.11641000211238861
v74_h45,v74_h52,0.010764000006020069
v74_h45,v74_h61,0.016145000234246254
v74_h45,v74_h62,0.010764000006020069
v74_h45,v74_h63,0.010764000006020069
v74_h45,v74_h65,0.016145000234246254
v74_h45,v74_h69,0.016145000234246254
v74_h45,v74_h70,0.010764000006020069
v74_h45,v74_h83,0.010764000006020069
v74_h45,v74_h95,0.010764000006020069
v74_h45,v74_h97,0.010764000006020069
v74_h45,v74_h105,0.10027000308036804
v74_h45,v74_h127,0.032290998846292496
v74_h45,v74_h131,0.016145000234246254
v74_h46,v74_h10,0.021526999771595
v74_h46,v74_h23,0.10027000308036804
v74_h46,v74_h42,0.010764000006020069
v74_h46,v74_h45,0.11641000211238861
v74_h46,v74_h52,0.010764000006020069
v74_h46,v74_h61,0.005381799768656492
v74_h46,v74_h62,0.005381799768656492
v74_h46,v74_h65,0.005381799768656492
v74_h46,v74_h70,0.005381799768656492
v74_h46,v74_h83,0.005381799768656492
v74_h46,v74_h95,0.005381799768656492
v74_h46,v74_h97,0.010764000006020069
v74_h46,v74_h105,0.03767300024628639
v74_h46,v74_h127,0.016145000234246254
v74_h46,v74_h131,0.016145000234246254
v74_h48,v74_h10,0.08950600028038025
v74_h48,v74_h23,0.10565000027418137
v74_h48,v74_h42,0.016145000234246254
v74_h48,v74_h45,0.04305399954319
v74_h48,v74_h46,0.032290998846292496
v74_h48,v74_h52,0.021526999771595
v74_h48,v74_h61,0.005381799768656492
v74_h48,v74_h62,0.016145000234246254
v74_h48,v74_h65,0.005381799768656492
v74_h48,v74_h69,0.010764000006020069
v74_h48,v74_h70,0.005381799768656492
v74_h48,v74_h83,0.016145000234246254
v74_h48,v74_h95,0.005381799768656492
v74_h48,v74_h97,0.005381799768656492
v74_h48,v74_h105,0.021526999771595
v74_h48,v74_h127,0.03767300024628639
v74_h48,v74_h131,0.010764000006020069
v74_h49,v74_h10,0.010764000006020069
v74_h49,v74_h23,0.032290998846292496
v74_h49,v74_h42,0.09488800168037415
v74_h49,v74_h45,0.021526999771595
v74_h49,v74_h46,0.016145000234246254
v74_h49,v74_h52,0.08412399888038635
v74_h49,v74_h62,0.016145000234246254
v74_h49,v74_h70,0.005381799768656492
v74_h49,v74_h83,0.016145000234246254
v74_h49,v74_h95,0.016145000234246254
v74_h49,v74_h97,0.016145000234246254
v74_h49,v74_h105,0.021526999771595
v74_h49,v74_h127,0.010764000006020069
v74_h49,v74_h131,0.010764000006020069
v74_h5,v74_h10,0.10027000308036804
v74_h5,v74_h23,0.02690899930894375
v74_h5,v74_h42,0.005381799768656492
v74_h5,v74_h45,0.016145000234246254
v74_h5,v74_h46,0.005381799768656492
v74_h5,v74_h61,0.005381799768656492
v74_h5,v74_h62,0.010764000006020069
v74_h5,v74_h65,0.010764000006020069
v74_h5,v74_h70,0.010764000006020069
v74_h5,v74_h83,0.005381799768656492
v74_h5,v74_h95,0.010764000006020069
v74_h5,v74_h97,0.010764000006020069
v74_h5,v74_h105,0.010764000006020069
v74_h5,v74_h127,0.016145000234246254
v74_h5,v74_h131,0.005381799768656492
v74_h50,v74_h10,0.016145000234246254
v74_h50,v74_h23,0.016145000234246254
v74_h50,v74_h42,0.005381799768656492
v74_h50,v74_h45,0.021526999771595
v74_h50,v74_h46,0.016145000234246254
v74_h50,v74_h62,0.016145000234246254
v74_h50,v74_h65,0.010764000006020069
v74_h50,v74_h70,0.005381799768656492
v74_h50,v74_h83,0.005381799768656492
v74_h50,v74_h95,0.005381799768656492
v74_h50,v74_h97,0.010764000006020069
v74_h50,v74_h105,0.010764000006020069
v74_h50,v74_h127,0.02690899930894375
v74_h50,v74_h131,0.021526999771595
v74_h54,v74_h10,0.010764000006020069
v74_h54,v74_h23,0.021526999771595
v74_h54,v74_h45,0.09488800168037415
v74_h54,v74_h46,0.08412399888038635
v74_h54,v74_h61,0.08412399888038635
v74_h54,v74_h62,0.010764000006020069
v74_h54,v74_h63,0.016145000234246254
v74_h54,v74_h65,0.005381799768656492
v74_h54,v74_h69,0.016145000234246254
v74_h54,v74_h70,0.016145000234246254
v74_h54,v74_h78,0.005381799768656492
v74_h54,v74_h83,0.005381799768656492
v74_h54,v74_h95,0.010764000006020069
v74_h54,v74_h97,0.010764000006020069
v74_h54,v74_h105,0.09488800168037415
v74_h54,v74_h127,0.010764000006020069
v74_h54,v74_h131,0.005381799768656492
v74_h55,v74_h10,0.005381799768656492
v74_h55,v74_h23,0.010764000006020069
v74_h55,v74_h42,0.005381799768656492
v74_h55,v74_h45,0.016145000234246254
v74_h55,v74_h46,0.016145000234246254
v74_h55,v74_h61,0.021526999771595
v74_h55,v74_h62,0.005381799768656492
v74_h55,v74_h65,0.010764000006020069
v74_h55,v74_h69,0.005381799768656492
v74_h55,v74_h70,0.016145000234246254
v74_h55,v74_h78,0.005381799768656492
v74_h55,v74_h83,0.010764000006020069
v74_h55,v74_h95,0.016145000234246254
v74_h55,v74_h97,0.02690899930894375
v74_h55,v74_h105,0.010764000006020069
v74_h55,v74_h127,0.005381799768656492
v74_h55,v74_h131,0.010764000006020069
v74_h56,v74_h10,0.005381799768656492
v74_h56,v74_h23,0.021526999771595
v74_h56,v74_h42,0.005381799768656492
v74_h56,v74_h45,0.02690899930894375
v74_h56,v74_h46,0.016145000234246254
v74_h56,v74_h52,0.005381799768656492
v74_h56,v74_h61,0.010764000006020069
v74_h56,v74_h62,0.010764000006020069
v74_h56,v74_h65,0.010764000006020069
v74_h56,v74_h69,0.005381799768656492
v74_h56,v74_h83,0.016145000234246254
v74_h56,v74_h95,0.005381799768656492
v74_h56,v74_h97,0.010764000006020069
v74_h56,v74_h105,0.016145000234246254
v74_h56,v74_h127,0.016145000234246254
v74_h57,v74_h10,0.010764000006020069
v74_h57,v74_h45,0.010764000006020069
v74_h57,v74_h52,0.021526999771595
v74_h57,v74_h61,0.10027000308036804
v74_h57,v74_h63,0.010764000006020069
v74_h57,v74_h65,0.016145000234246254
v74_h57,v74_h69,0.021526999771595
v74_h57,v74_h70,0.016145000234246254
v74_h57,v74_h83,0.10027000308036804
v74_h57,v74_h95,0.02690899930894375
v74_h57,v74_h97,0.09488800168037415
v74_h57,v74_h105,0.021526999771595
v74_h58,v74_h10,0.016145000234246254
v74_h58,v74_h23,0.005381799768656492
v74_h58,v74_h42,0.010764000006020069
v74_h58,v74_h45,0.010764000006020069
v74_h58,v74_h46,0.005381799768656492
v74_h58,v74_h52,0.016145000234246254
v74_h58,v74_h61,0.09488800168037415
v74_h58,v74_h62,0.010764000006020069
v74_h58,v74_h63,0.021526999771595
v74_h58,v74_h65,0.08412399888038635
v74_h58,v74_h69,0.02690899930894375
v74_h58,v74_h70,0.08950600028038025
v74_h58,v74_h78,0.016145000234246254
v74_h58,v74_h83,0.032290998846292496
v74_h58,v74_h95,0.09488800168037415
v74_h58,v74_h97,0.10027000308036804
v74_h58,v74_h105,0.016145000234246254
v74_h58,v74_h127,0.005381799768656492
v74_h58,v74_h131,0.010764000006020069
v74_h59,v74_h10,0.005381799768656492
v74_h59,v74_h23,0.010764000006020069
v74_h59,v74_h42,0.010764000006020069
v74_h59,v74_h45,0.021526999771595
v74_h59,v74_h46,0.016145000234246254
v74_h59,v74_h52,0.021526999771595
v74_h59,v74_h61,0.03767300024628639
v74_h59,v74_h62,0.010764000006020069
v74_h59,v74_h63,0.016145000234246254
v74_h59,v74_h65,0.032290998846292496
v74_h59,v74_h69,0.032290998846292496
v74_h59,v74_h70,0.02690899930894375
v74_h59,v74_h78,0.016145000234246254
v74_h59,v74_h83,0.032290998846292496
v74_h59,v74_h95,0.09488800168037415
v74_h59,v74_h97,0.10027000308036804
v74_h59,v74_h105,0.010764000006020069
v74_h59,v74_h127,0.016145000234246254
v74_h59,v74_h131,0.010764000006020069
v74_h6,v74_h10,0.11102999746799469
v74_h6,v74_h23,0.02690899930894375
v74_h6,v74_h42,0.010764000006020069
v74_h6,v74_h45,0.021526999771595
v74_h6,v74_h46,0.021526999771595
v74_h6,v74_h52,0.010764000006020069
v74_h6,v74_h61,0.005381799768656492
v74_h6,v74_h62,0.010764000006020069
v74_h6,v74_h65,0.010764000006020069
v74_h6,v74_h69,0.005381799768656492
v74_h6,v74_h70,0.010764000006020069
v74_h6,v74_h78,0.005381799768656492
v74_h6,v74_h83,0.005381799768656492
v74_h6,v74_h95,0.010764000006020069
v74_h6,v74_h97,0.010764000006020069
v74_h6,v74_h105,0.021526999771595
v74_h6,v74_h127,0.005381799768656492
v74_h6,v74_h131,0.005381799768656492
v74_h60,v74_h10,0.005381799768656492
v74_h60,v74_h45,0.010764000006020069
v74_h60,v74_h46,0.005381799768656492
v74_h60,v74_h61,0.08950600028038025
v74_h60,v74_h63,0.010764000006020069
v74_h60,v74_h65,0.005381799768656492
v74_h60,v74_h69,0.010764000006020069
v74_h60,v74_h70,0.07874199748039246
v74_h60,v74_h78,0.005381799768656492
v74_h60,v74_h83,0.010764000006020069
v74_h60,v74_h95,0.010764000006020069
v74_h60,v74_h97,0.010764000006020069
v74_h60,v74_h105,0.021526999771595
v74_h60,v74_h127,0.016145000234246254
v74_h60,v74_h131,0.005381799768656492
v74_h61,v74_h10,0.005381799768656492
v74_h61,v74_h45,0.016145000234246254
v74_h61,v74_h46,0.005381799768656492
v74_h61,v74_h62,0.021526999771595
v74_h61,v74_h63,0.11641000211238861
v74_h61,v74_h65,0.03767300024628639
v74_h61,v74_h69,0.13255999982357025
v74_h61,v74_h70,0.10565000027418137
v74_h61,v74_h78,0.010764000006020069
v74_h61,v74_h83,0.12717999517917633
v74_h61,v74_h95,0.11102999746799469
v74_h61,v74_h97,0.016145000234246254
v74_h61,v74_h105,0.10027000308036804
v74_h61,v74_h127,0.005381799768656492
v74_h62,v74_h10,0.021526999771595
v74_h62,v74_h23,0.021526999771595
v74_h62,v74_h42,0.010764000006020069
v74_h62,v74_h45,0.010764000006020069
v74_h62,v74_h46,0.005381799768656492
v74_h62,v74_h61,0.021526999771595
v74_h62,v74_h63,0.08412399888038635
v74_h62,v74_h65,0.021526999771595
v74_h62,v74_h69,0.08950600028038025
v74_h62,v74_h70,0.010764000006020069
v74_h62,v74_h78,0.010764000006020069
v74_h62,v74_h83,0.02690899930894375
v74_h62,v74_h95,0.016145000234246254
v74_h62,v74_h97,0.005381799768656492
v74_h62,v74_h105,0.016145000234246254
v74_h62,v74_h127,0.021526999771595
v74_h62,v74_h131,0.010764000006020069
v74_h63,v74_h10,0.005381799768656492
v74_h63,v74_h45,0.010764000006020069
v74_h63,v74_h61,0.11641000211238861
v74_h63,v74_h62,0.08412399888038635
v74_h63,v74_h65,0.10027000308036804
v74_h63,v74_h69,0.13794000446796417
v74_h63,v74_h70,0.02690899930894375
v74_h63,v74_h78,0.032290998846292496
v74_h63,v74_h83,0.0484360009431839
v74_h63,v74_h95,0.032290998846292496
v74_h63,v74_h97,0.005381799768656492
v74_h63,v74_h105,0.08950600028038025
v74_h63,v74_h127,0.005381799768656492
v74_h65,v74_h10,0.010764000006020069
v74_h65,v74_h23,0.005381799768656492
v74_h65,v74_h45,0.016145000234246254
v74_h65,v74_h46,0.005381799768656492
v74_h65,v74_h61,0.03767300024628639
v74_h65,v74_h62,0.021526999771595
v74_h65,v74_h63,0.10027000308036804
v74_h65,v74_h69,0.12717999517917633
v74_h65,v74_h70,0.021526999771595
v74_h65,v74_h78,0.11102999746799469
v74_h65,v74_h83,0.03767300024628639
v74_h65,v74_h95,0.03767300024628639
v74_h65,v74_h97,0.010764000006020069
v74_h65,v74_h105,0.016145000234246254
v74_h65,v74_h127,0.016145000234246254
v74_h65,v74_h131,0.005381799768656492
v74_h66,v74_h10,0.005381799768656492
v74_h66,v74_h23,0.010764000006020069
v74_h66,v74_h42,0.005381799768656492
v74_h66,v74_h45,0.016145000234246254
v74_h66,v74_h46,0.010764000006020069
v74_h66,v74_h61,0.02690899930894375
v74_h66,v74_h62,0.010764000006020069
v74_h66,v74_h63,0.021526999771595
v74_h66,v74_h65,0.11102999746799469
v74_h66,v74_h69,0.04305399954319
v74_h66,v74_h70,0.08412399888038635
v74_h66,v74_h78,0.02690899930894375
v74_h66,v74_h83,0.021526999771595
v74_h66,v74_h95,0.016145000234246254
v74_h66,v74_h97,0.010764000006020069
v74_h66,v74_h105,0.010764000006020069
v74_h66,v74_h127,0.016145000234246254
v74_h66,v74_h131,0.010764000006020069
v74_h67,v74_h10,0.005381799768656492
v74_h67,v74_h23,0.005381799768656492
v74_h67,v74_h45,0.005381799768656492
v74_h67,v74_h46,0.005381799768656492
v74_h67,v74_h63,0.005381799768656492
v74_h67,v74_h65,0.07336100190877914
v74_h67,v74_h69,0.005381799768656492
v74_h67,v74_h78,0.005381799768656492
v74_h67,v74_h105,0.005381799768656492
v74_h69,v74_h10,0.005381799768656492
v74_h69,v74_h45,0.016145000234246254
v74_h69,v74_h61,0.13255999982357025
v74_h69,v74_h62,0.08950600028038025
v74_h69,v74_h63,0.13794000446796417
v74_h69,v74_h65,0.12717999517917633
v74_h69,v74_h70,0.02690899930894375
v74_h69,v74_h78,0.03767300024628639
v74_h69,v74_h83,0.12717999517917633
v74_h69,v74_h95,0.11641000211238861
v74_h69,v74_h105,0.08950600028038025
v74_h69,v74_h127,0.016145000234246254
v74_h70,v74_h10,0.005381799768656492
v74_h70,v74_h23,0.005381799768656492
v74_h70,v74_h42,0.005381799768656492
v74_h70,v74_h45,0.010764000006020069
v74_h70,v74_h46,0.005381799768656492
v74_h70,v74_h61,0.10565000027418137
v74_h70,v74_h62,0.010764000006020069
v74_h70,v74_h63,0.02690899930894375
v74_h70,v74_h65,0.021526999771595
v74_h70,v74_h69,0.02690899930894375
v74_h70,v74_h78,0.010764000006020069
v74_h70,v74_h83,0.021526999771595
v74_h70,v74_h95,0.021526999771595
v74_h70,v74_h97,0.010764000006020069
v74_h70,v74_h105,0.07874199748039246
v74_h70,v74_h127,0.005381799768656492
v74_h70,v74_h131,0.005381799768656492
v74_h71,v74_h10,0.005381799768656492
v74_h71,v74_h61,0.10027000308036804
v74_h71,v74_h62,0.016145000234246254
v74_h71,v74_h63,0.10027000308036804
v74_h71,v74_h65,0.03767300024628639
v74_h71,v74_h69,0.10027000308036804
v74_h71,v74_h70,0.09488800168037415
v74_h71,v74_h78,0.02690899930894375
v74_h71,v74_h83,0.021526999771595
v74_h71,v74_h95,0.016145000234246254
v74_h71,v74_h105,0.021526999771595
v74_h72,v74_h10,0.08950600028038025
v74_h72,v74_h45,0.010764000006020069
v74_h72,v74_h46,0.005381799768656492
v74_h72,v74_h61,0.11102999746799469
v74_h72,v74_h62,0.09488800168037415
v74_h72,v74_h63,0.13255999982357025
v74_h72,v74_h65,0.13255999982357025
v74_h72,v74_h69,0.1433199942111969
v74_h72,v74_h70,0.08950600028038025
v74_h72,v74_h78,0.11641000211238861
v74_h72,v74_h83,0.10027000308036804
v74_h72,v74_h95,0.03767300024628639
v74_h72,v74_h97,0.005381799768656492
v74_h72,v74_h105,0.02690899930894375
v74_h72,v74_h131,0.010764000006020069
v74_h73,v74_h10,0.010764000006020069
v74_h73,v74_h23,0.005381799768656492
v74_h73,v74_h45,0.005381799768656492
v74_h73,v74_h46,0.005381799768656492
v74_h73,v74_h61,0.10565000027418137
v74_h73,v74_h62,0.016145000234246254
v74_h73,v74_h63,0.10565000027418137
v74_h73,v74_h65,0.10565000027418137
v74_h73,v74_h69,0.10027000308036804
v74_h73,v74_h70,0.10027000308036804
v74_h73,v74_h78,0.09488800168037415
v74_h73,v74_h83,0.032290998846292496
v74_h73,v74_h95,0.03767300024628639
v74_h73,v74_h97,0.016145000234246254
v74_h73,v74_h105,0.02690899930894375
v74_h74,v74_h10,0.02690899930894375
v74_h74,v74_h23,0.010764000006020069
v74_h74,v74_h45,0.010764000006020069
v74_h74,v74_h46,0.005381799768656492
v74_h74,v74_h63,0.005381799768656492
v74_h74,v74_h69,0.005381799768656492
v74_h74,v74_h97,0.005381799768656492
v74_h74,v74_h105,0.010764000006020069
v74_h74,v74_h131,0.005381799768656492
v74_h75,v74_h10,0.016145000234246254
v74_h75,v74_h23,0.005381799768656492
v74_h75,v74_h42,0.005381799768656492
v74_h75,v74_h45,0.010764000006020069
v74_h75,v74_h46,0.005381799768656492
v74_h75,v74_h61,0.021526999771595
v74_h75,v74_h62,0.08950600028038025
v74_h75,v74_h63,0.03767300024628639
v74_h75,v74_h65,0.121799997985363
v74_h75,v74_h69,0.11641000211238861
v74_h75,v74_h70,0.021526999771595
v74_h75,v74_h78,0.10027000308036804
v74_h75,v74_h83,0.03767300024628639
v74_h75,v74_h95,0.032290998846292496
v74_h75,v74_h97,0.005381799768656492
v74_h75,v74_h105,0.005381799768656492
v74_h75,v74_h127,0.005381799768656492
v74_h75,v74_h131,0.010764000006020069
v74_h76,v74_h10,0.010764000006020069
v74_h76,v74_h61,0.016145000234246254
v74_h76,v74_h62,0.016145000234246254
v74_h76,v74_h63,0.08412399888038635
v74_h76,v74_h65,0.02690899930894375
v74_h76,v74_h69,0.08950600028038025
v74_h76,v74_h70,0.005381799768656492
v74_h76,v74_h78,0.016145000234246254
v74_h76,v74_h83,0.010764000006020069
v74_h76,v74_h95,0.005381799768656492
v74_h76,v74_h97,0.005381799768656492
v74_h76,v74_h105,0.010764000006020069
v74_h77,v74_h10,0.010764000006020069
v74_h77,v74_h23,0.005381799768656492
v74_h77,v74_h42,0.010764000006020069
v74_h77,v74_h45,0.005381799768656492
v74_h77,v74_h46,0.010764000006020069
v74_h77,v74_h61,0.010764000006020069
v74_h77,v74_h62,0.010764000006020069
v74_h77,v74_h63,0.032290998846292496
v74_h77,v74_h65,0.09488800168037415
v74_h77,v74_h69,0.02690899930894375
v74_h77,v74_h70,0.02690899930894375
v74_h77,v74_h78,0.09488800168037415
v74_h77,v74_h83,0.02690899930894375
v74_h77,v74_h95,0.021526999771595
v74_h77,v74_h97,0.005381799768656492
v74_h77,v74_h127,0.005381799768656492
v74_h77,v74_h131,0.005381799768656492
v74_h78,v74_h10,0.005381799768656492
v74_h78,v74_h61,0.010764000006020069
v74_h78,v74_h62,0.010764000006020069
v74_h78,v74_h63,0.032290998846292496
v74_h78,v74_h65,0.11102999746799469
v74_h78,v74_h69,0.03767300024628639
v74_h78,v74_h70,0.010764000006020069
v74_h78,v74_h83,0.021526999771595
v74_h78,v74_h95,0.016145000234246254
v74_h78,v74_h97,0.005381799768656492
v74_h79,v74_h10,0.005381799768656492
v74_h79,v74_h61,0.04305399954319
v74_h79,v74_h62,0.02690899930894375
v74_h79,v74_h63,0.09488800168037415
v74_h79,v74_h65,0.03767300024628639
v74_h79,v74_h69,0.11102999746799469
v74_h79,v74_h70,0.010764000006020069
v74_h79,v74_h78,0.09488800168037415
v74_h79,v74_h83,0.11641000211238861
v74_h79,v74_h95,0.10565000027418137
v74_h79,v74_h105,0.010764000006020069
v74_h79,v74_h127,0.005381799768656492
v74_h80,v74_h10,0.005381799768656492
v74_h80,v74_h45,0.005381799768656492
v74_h80,v74_h61,0.0484360009431839
v74_h80,v74_h62,0.010764000006020069
v74_h80,v74_h63,0.11102999746799469
v74_h80,v74_h65,0.05920000001788139
v74_h80,v74_h69,0.064580999314785
v74_h80,v74_h70,0.016145000234246254
v74_h80,v74_h78,0.10565000027418137
v74_h80,v74_h83,0.11641000211238861
v74_h80,v74_h95,0.10565000027418137
v74_h80,v74_h97,0.005381799768656492
v74_h80,v74_h105,0.02690899930894375
v74_h81,v74_h10,0.005381799768656492
v74_h81,v74_h23,0.005381799768656492
v74_h81,v74_h61,0.005381799768656492
v74_h81,v74_h62,0.010764000006020069
v74_h81,v74_h63,0.021526999771595
v74_h81,v74_h65,0.10027000308036804
v74_h81,v74_h69,0.021526999771595
v74_h81,v74_h70,0.016145000234246254
v74_h81,v74_h78,0.032290998846292496
v74_h81,v74_h83,0.016145000234246254
v74_h81,v74_h95,0.010764000006020069
v74_h81,v74_h105,0.005381799768656492
v74_h81,v74_h127,0.005381799768656492
v74_h83,v74_h10,0.005381799768656492
v74_h83,v74_h23,0.010764000006020069
v74_h83,v74_h42,0.005381799768656492
v74_h83,v74_h45,0.010764000006020069
v74_h83,v74_h46,0.005381799768656492
v74_h83,v74_h52,0.005381799768656492
v74_h83,v74_h61,0.12717999517917633
v74_h83,v74_h62,0.02690899930894375
v74_h83,v74_h63,0.0484360009431839
v74_h83,v74_h65,0.03767300024628639
v74_h83,v74_h69,0.12717999517917633
v74_h83,v74_h70,0.021526999771595
v74_h83,v74_h78,0.021526999771595
v74_h83,v74_h95,0.1487099975347519
v74_h83,v74_h97,0.02690899930894375
v74_h83,v74_h105,0.02690899930894375
v74_h83,v74_h127,0.016145000234246254
v74_h83,v74_h131,0.005381799768656492
v74_h84,v74_h45,0.005381799768656492
v74_h84,v74_h61,0.11102999746799469
v74_h84,v74_h62,0.016145000234246254
v74_h84,v74_h63,0.08950600028038025
v74_h84,v74_h65,0.032290998846292496
v74_h84,v74_h69,0.11641000211238861
v74_h84,v74_h70,0.010764000006020069
v74_h84,v74_h83,0.121799997985363
v74_h84,v74_h95,0.11102999746799469
v74_h84,v74_h105,0.021526999771595
v74_h84,v74_h127,0.010764000006020069
v74_h85,v74_h10,0.005381799768656492
v74_h85,v74_h23,0.016145000234246254
v74_h85,v74_h42,0.005381799768656492
v74_h85,v74_h45,0.08412399888038635
v74_h85,v74_h46,0.016145000234246254
v74_h85,v74_h61,0.11641000211238861
v74_h85,v74_h62,0.021526999771595
v74_h85,v74_h63,0.03767300024628639
v74_h85,v74_h65,0.11102999746799469
v74_h85,v74_h69,0.12717999517917633
v74_h85,v74_h70,0.021526999771595
v74_h85,v74_h78,0.021526999771595
v74_h85,v74_h83,0.15947000682353973
v74_h85,v74_h95,0.1487099975347519
v74_h85,v74_h97,0.02690899930894375
v74_h85,v74_h105,0.032290998846292496
v74_h85,v74_h127,0.021526999771595
v74_h85,v74_h131,0.005381799768656492
v74_h87,v74_h10,0.010764000006020069
v74_h87,v74_h23,0.005381799768656492
v74_h87,v74_h45,0.010764000006020069
v74_h87,v74_h61,0.032290998846292496
v74_h87,v74_h62,0.010764000006020069
v74_h87,v74_h63,0.08412399888038635
v74_h87,v74_h65,0.032290998846292496
v74_h87,v74_h69,0.0484360009431839
v74_h87,v74_h78,0.010764000006020069
v74_h87,v74_h83,0.11641000211238861
v74_h87,v74_h95,0.04305399954319
v74_h87,v74_h97,0.005381799768656492
v74_h87,v74_h105,0.021526999771595
v74_h87,v74_h127,0.016145000234246254
v74_h88,v74_h23,0.005381799768656492
v74_h88,v74_h45,0.010764000006020069
v74_h88,v74_h46,0.005381799768656492
v74_h88,v74_h52,0.005381799768656492
v74_h88,v74_h61,0.04305399954319
v74_h88,v74_h62,0.005381799768656492
v74_h88,v74_h63,0.02690899930894375
v74_h88,v74_h65,0.10565000027418137
v74_h88,v74_h69,0.0484360009431839
v74_h88,v74_h70,0.005381799768656492
v74_h88,v74_h78,0.08412399888038635
v74_h88,v74_h83,0.12717999517917633
v74_h88,v74_h95,0.11102999746799469
v74_h88,v74_h97,0.08950600028038025
v74_h88,v74_h105,0.02690899930894375
v74_h88,v74_h127,0.010764000006020069
v74_h89,v74_h45,0.010764000006020069
v74_h89,v74_h61,0.0484360009431839
v74_h89,v74_h62,0.010764000006020069
v74_h89,v74_h63,0.032290998846292496
v74_h89,v74_h65,0.10027000308036804
v74_h89,v74_h69,0.121799997985363
v74_h89,v74_h78,0.010764000006020069
v74_h89,v74_h83,0.13794000446796417
v74_h89,v74_h95,0.12717999517917633
v74_h89,v74_h97,0.016145000234246254
v74_h89,v74_h105,0.021526999771595
v74_h89,v74_h127,0.08412399888038635
v74_h9,v74_h10,0.09488800168037415
v74_h9,v74_h45,0.005381799768656492
v74_h9,v74_h46,0.005381799768656492
v74_h9,v74_h105,0.005381799768656492
v74_h9,v74_h131,0.010764000006020069
v74_h90,v74_h10,0.005381799768656492
v74_h90,v74_h23,0.005381799768656492
v74_h90,v74_h42,0.010764000006020069
v74_h90,v74_h45,0.016145000234246254
v74_h90,v74_h46,0.005381799768656492
v74_h90,v74_h52,0.016145000234246254
v74_h90,v74_h61,0.0484360009431839
v74_h90,v74_h62,0.010764000006020069
v74_h90,v74_h63,0.02690899930894375
v74_h90,v74_h65,0.03767300024628639
v74_h90,v74_h69,0.0484360009431839
v74_h90,v74_h70,0.016145000234246254
v74_h90,v74_h78,0.016145000234246254
v74_h90,v74_h83,0.1433199942111969
v74_h90,v74_h95,0.12717999517917633
v74_h90,v74_h97,0.02690899930894375
v74_h90,v74_h105,0.08412399888038635
v74_h90,v74_h127,0.016145000234246254
v74_h90,v74_h131,0.005381799768656492
v74_h91,v74_h45,0.010764000006020069
v74_h91,v74_h46,0.005381799768656492
v74_h91,v74_h52,0.005381799768656492
v74_h91,v74_h61,0.0538179986178875
v74_h91,v74_h62,0.010764000006020069
v74_h91,v74_h63,0.04305399954319
v74_h91,v74_h65,0.10027000308036804
v74_h91,v74_h69,0.11641000211238861
v74_h91,v74_h70,0.005381799768656492
v74_h91,v74_h78,0.016145000234246254
v74_h91,v74_h83,0.1487099975347519
v74_h91,v74_h95,0.12717999517917633
v74_h91,v74_h97,0.021526999771595
v74_h91,v74_h105,0.08950600028038025
v74_h91,v74_h127,0.005381799768656492
v74_h92,v74_h45,0.005381799768656492
v74_h92,v74_h61,0.03767300024628639
v74_h92,v74_h62,0.010764000006020069
v74_h92,v74_h63,0.016145000234246254
v74_h92,v74_h65,0.032290998846292496
v74_h92,v74_h69,0.03767300024628639
v74_h92,v74_h70,0.07874199748039246
v74_h92,v74_h78,0.021526999771595
v74_h92,v74_h83,0.10027000308036804
v74_h92,v74_h95,0.10027000308036804
v74_h92,v74_h105,0.005381799768656492
v74_h93,v74_h45,0.005381799768656492
v74_h93,v74_h61,0.10027000308036804
v74_h93,v74_h62,0.07336100190877914
v74_h93,v74_h63,0.032290998846292496
v74_h93,v74_h65,0.02690899930894375
v74_h93,v74_h69,0.0538179986178875
v74_h93,v74_h70,0.010764000006020069
v74_h93,v74_h78,0.010764000006020069
v74_h93,v74_h83,0.13794000446796417
v74_h93,v74_h95,0.13255999982357025
v74_h93,v74_h97,0.005381799768656492
v74_h93,v74_h105,0.016145000234246254
v74_h93,v74_h127,0.005381799768656492
v74_h94,v74_h10,0.005381799768656492
v74_h94,v74_h23,0.005381799768656492
v74_h94,v74_h45,0.010764000006020069
v74_h94,v74_h46,0.005381799768656492
v74_h94,v74_h61,0.11102999746799469
v74_h94,v74_h62,0.02690899930894375
v74_h94,v74_h63,0.10565000027418137
v74_h94,v74_h65,0.11641000211238861
v74_h94,v74_h69,0.13255999982357025
v74_h94,v74_h70,0.016145000234246254
v74_h94,v74_h78,0.032290998846292496
v74_h94,v74_h83,0.1433199942111969
v74_h94,v74_h95,0.13794000446796417
v74_h94,v74_h97,0.010764000006020069
v74_h94,v74_h105,0.032290998846292496
v74_h94,v74_h127,0.005381799768656492
v74_h95,v74_h23,0.005381799768656492
v74_h95,v74_h42,0.005381799768656492
v74_h95,v74_h45,0.010764000006020069
v74_h95,v74_h46,0.005381799768656492
v74_h95,v74_h61,0.11102999746799469
v74_h95,v74_h62,0.016145000234246254
v74_h95,v74_h63,0.032290998846292496
v74_h95,v74_h65,0.03767300024628639
v74_h95,v74_h69,0.11641000211238861
v74_h95,v74_h70,0.021526999771595
v74_h95,v74_h78,0.016145000234246254
v74_h95,v74_h83,0.1487099975347519
v74_h95,v74_h97,0.021526999771595
v74_h95,v74_h105,0.021526999771595
v74_h95,v74_h127,0.010764000006020069
v74_h95,v74_h131,0.005381799768656492
v74_h96,v74_h10,0.021526999771595
v74_h96,v74_h23,0.010764000006020069
v74_h96,v74_h42,0.005381799768656492
v74_h96,v74_h45,0.02690899930894375
v74_h96,v74_h46,0.010764000006020069
v74_h96,v74_h52,0.005381799768656492
v74_h96,v74_h61,0.09488800168037415
v74_h96,v74_h62,0.010764000006020069
v74_h96,v74_h63,0.08950600028038025
v74_h96,v74_h65,0.032290998846292496
v74_h96,v74_h69,0.032290998846292496
v74_h96,v74_h70,0.010764000006020069
v74_h96,v74_h78,0.010764000006020069
v74_h96,v74_h83,0.11102999746799469
v74_h96,v74_h95,0.03767300024628639
v74_h96,v74_h97,0.09488800168037415
v74_h96,v74_h105,0.121799997985363
v74_h96,v74_h127,0.016145000234246254
v74_h96,v74_h131,0.016145000234246254
v74_h97,v74_h23,0.016145000234246254
v74_h97,v74_h42,0.005381799768656492
v74_h97,v74_h45,0.010764000006020069
v74_h97,v74_h46,0.010764000006020069
v74_h97,v74_h52,0.08412399888038635
v74_h97,v74_h61,0.016145000234246254
v74_h97,v74_h62,0.005381799768656492
v74_h97,v74_h63,0.005381799768656492
v74_h97,v74_h65,0.010764000006020069
v74_h97,v74_h70,0.010764000006020069
v74_h97,v74_h78,0.005381799768656492
v74_h97,v74_h83,0.02690899930894375
v74_h97,v74_h95,0.021526999771595
v74_h97,v74_h105,0.016145000234246254
v74_h97,v74_h127,0.005381799768656492
v74_h97,v74_h131,0.005381799768656492
v74_h98,v74_h23,0.021526999771595
v74_h98,v74_h42,0.005381799768656492
v74_h98,v74_h45,0.016145000234246254
v74_h98,v74_h46,0.005381799768656492
v74_h98,v74_h52,0.08950600028038025
v74_h98,v74_h61,0.016145000234246254
v74_h98,v74_h62,0.010764000006020069
v74_h98,v74_h65,0.016145000234246254
v74_h98,v74_h69,0.016145000234246254
v74_h98,v74_h70,0.010764000006020069
v74_h98,v74_h83,0.10027000308036804
v74_h98,v74_h95,0.032290998846292496
v74_h98,v74_h97,0.10565000027418137
v74_h98,v74_h105,0.010764000006020069
v74_h98,v74_h127,0.016145000234246254
v74_h98,v74_h131,0.005381799768656492
v75_h1,v75_h34,0.0063057998195290565
v75_h1,v75_h39,0.0063057998195290565
v75_h1,v75_h41,0.0063057998195290565
v75_h10,v75_h34,0.0063057998195290565
v75_h100,v75_h34,0.01891699992120266
v75_h100,v75_h39,0.0063057998195290565
v75_h101,v75_h34,0.01891699992120266
v75_h101,v75_h39,0.01891699992120266
v75_h102,v75_h34,0.11094000190496445
v75_h102,v75_h39,0.09832599759101868
v75_h102,v75_h41,0.02522299997508526
v75_h102,v75_h47,0.0063057998195290565
v75_h105,v75_h34,0.0063057998195290565
v75_h105,v75_h39,0.0063057998195290565
v75_h105,v75_h41,0.0063057998195290565
v75_h107,v75_h34,0.0063057998195290565
v75_h107,v75_h41,0.0063057998195290565
v75_h108,v75_h41,0.0063057998195290565
v75_h110,v75_h39,0.0063057998195290565
v75_h110,v75_h47,0.0063057998195290565
v75_h111,v75_h47,0.012612000107765198
v75_h113,v75_h34,0.012612000107765198
v75_h113,v75_h39,0.0063057998195290565
v75_h113,v75_h41,0.0063057998195290565
v75_h113,v75_h47,0.0063057998195290565
v75_h114,v75_h34,0.012612000107765198
v75_h114,v75_h41,0.012612000107765198
v75_h114,v75_h47,0.08571500331163406
v75_h12,v75_h34,0.01891699992120266
v75_h12,v75_h39,0.0063057998195290565
v75_h12,v75_h41,0.012612000107765198
v75_h12,v75_h47,0.0063057998195290565
v75_h13,v75_h34,0.012612000107765198
v75_h13,v75_h39,0.0063057998195290565
v75_h13,v75_h41,0.0063057998195290565
v75_h14,v75_h34,0.012612000107765198
v75_h14,v75_h41,0.0063057998195290565
v75_h14,v75_h47,0.0063057998195290565
v75_h15,v75_h34,0.0063057998195290565
v75_h15,v75_h39,0.0063057998195290565
v75_h16,v75_h34,0.012612000107765198
v75_h16,v75_h39,0.012612000107765198
v75_h16,v75_h41,0.02522299997508526
v75_h16,v75_h47,0.012612000107765198
v75_h17,v75_h34,0.03783499822020531
v75_h17,v75_h39,0.03152899816632271
v75_h17,v75_h41,0.12985999882221222
v75_h17,v75_h47,0.01891699992120266
v75_h18,v75_h34,0.01891699992120266
v75_h18,v75_h39,0.044140998274087906
v75_h18,v75_h41,0.03152899816632271
v75_h18,v75_h47,0.03152899816632271
v75_h19,v75_h34,0.012612000107765198
v75_h19,v75_h39,0.012612000107765198
v75_h19,v75_h41,0.03152899816632271
v75_h2,v75_h34,0.0063057998195290565
v75_h2,v75_h39,0.0063057998195290565
v75_h2,v75_h41,0.0063057998195290565
v75_h21,v75_h39,0.0063057998195290565
v75_h21,v75_h41,0.0063057998195290565
v75_h21,v75_h47,0.012612000107765198
v75_h22,v75_h34,0.0063057998195290565
v75_h22,v75_h39,0.0063057998195290565
v75_h22,v75_h41,0.0063057998195290565
v75_h22,v75_h47,0.0063057998195290565
v75_h24,v75_h34,0.01891699992120266
v75_h24,v75_h39,0.11094000190496445
v75_h24,v75_h41,0.02522299997508526
v75_h24,v75_h47,0.02522299997508526
v75_h25,v75_h34,0.03152899816632271
v75_h25,v75_h39,0.03783499822020531
v75_h25,v75_h41,0.11723999679088593
v75_h25,v75_h47,0.01891699992120266
v75_h26,v75_h34,0.12354999780654907
v75_h26,v75_h39,0.03152899816632271
v75_h26,v75_h41,0.05044599995017052
v75_h26,v75_h47,0.02522299997508526
v75_h27,v75_h34,0.1361600011587143
v75_h27,v75_h39,0.1046300008893013
v75_h27,v75_h41,0.1361600011587143
v75_h27,v75_h47,0.03152899816632271
v75_h29,v75_h34,0.044140998274087906
v75_h29,v75_h39,0.11723999679088593
v75_h29,v75_h41,0.05044599995017052
v75_h29,v75_h47,0.03152899816632271
v75_h3,v75_h34,0.0063057998195290565
v75_h3,v75_h47,0.0063057998195290565
v75_h31,v75_h34,0.11094000190496445
v75_h31,v75_h39,0.11094000190496445
v75_h31,v75_h41,0.11723999679088593
v75_h31,v75_h47,0.1046300008893013
v75_h32,v75_h34,0.1046300008893013
v75_h32,v75_h39,0.09832599759101868
v75_h32,v75_h41,0.02522299997508526
v75_h32,v75_h47,0.09202100336551666
v75_h35,v75_h34,0.03152899816632271
v75_h35,v75_h39,0.012612000107765198
v75_h35,v75_h41,0.09202100336551666
v75_h35,v75_h47,0.01891699992120266
v75_h40,v75_h34,0.12354999780654907
v75_h40,v75_h39,0.01891699992120266
v75_h40,v75_h41,0.1361600011587143
v75_h40,v75_h47,0.01891699992120266
v75_h41,v75_h34,0.12354999780654907
v75_h41,v75_h39,0.1046300008893013
v75_h41,v75_h47,0.09832599759101868
v75_h42,v75_h34,0.012612000107765198
v75_h42,v75_h39,0.012612000107765198
v75_h42,v75_h41,0.012612000107765198
v75_h42,v75_h47,0.09832599759101868
v75_h43,v75_h34,0.03783499822020531
v75_h43,v75_h39,0.1046300008893013
v75_h43,v75_h41,0.11094000190496445
v75_h43,v75_h47,0.11094000190496445
v75_h44,v75_h34,0.03783499822020531
v75_h44,v75_h39,0.03783499822020531
v75_h44,v75_h41,0.05044599995017052
v75_h44,v75_h47,0.11094000190496445
v75_h45,v75_h34,0.012612000107765198
v75_h45,v75_h39,0.01891699992120266
v75_h45,v75_h41,0.1046300008893013
v75_h45,v75_h47,0.02522299997508526
v75_h46,v75_h34,0.09832599759101868
v75_h46,v75_h39,0.09832599759101868
v75_h46,v75_h41,0.05044599995017052
v75_h46,v75_h47,0.11094000190496445
v75_h48,v75_h34,0.02522299997508526
v75_h48,v75_h39,0.02522299997508526
v75_h48,v75_h41,0.01891699992120266
v75_h48,v75_h47,0.01891699992120266
v75_h49,v75_h39,0.0063057998195290565
v75_h49,v75_h41,0.0063057998195290565
v75_h49,v75_h47,0.0063057998195290565
v75_h5,v75_h34,0.0063057998195290565
v75_h50,v75_h34,0.012612000107765198
v75_h50,v75_h39,0.0063057998195290565
v75_h50,v75_h41,0.0063057998195290565
v75_h54,v75_h34,0.0063057998195290565
v75_h54,v75_h41,0.0063057998195290565
v75_h57,v75_h39,0.012612000107765198
v75_h58,v75_h34,0.0063057998195290565
v75_h58,v75_h39,0.0063057998195290565
v75_h58,v75_h41,0.0063057998195290565
v75_h59,v75_h34,0.09832599759101868
v75_h59,v75_h39,0.01891699992120266
v75_h59,v75_h41,0.02522299997508526
v75_h59,v75_h47,0.02522299997508526
v75_h6,v75_h34,0.0063057998195290565
v75_h6,v75_h39,0.0063057998195290565
v75_h60,v75_h34,0.09202100336551666
v75_h60,v75_h41,0.012612000107765198
v75_h60,v75_h47,0.012612000107765198
v75_h61,v75_h34,0.15508000552654266
v75_h61,v75_h39,0.02522299997508526
v75_h61,v75_h41,0.11094000190496445
v75_h61,v75_h47,0.01891699992120266
v75_h62,v75_h39,0.0063057998195290565
v75_h62,v75_h41,0.0063057998195290565
v75_h62,v75_h47,0.0063057998195290565
v75_h63,v75_h34,0.012612000107765198
v75_h63,v75_h41,0.0063057998195290565
v75_h63,v75_h47,0.01891699992120266
v75_h65,v75_h39,0.0063057998195290565
v75_h69,v75_h34,0.01891699992120266
v75_h69,v75_h39,0.0063057998195290565
v75_h69,v75_h41,0.0063057998195290565
v75_h69,v75_h47,0.0063057998195290565
v75_h70,v75_h34,0.0063057998195290565
v75_h70,v75_h39,0.012612000107765198
v75_h70,v75_h47,0.0063057998195290565
v75_h71,v75_h34,0.012612000107765198
v75_h71,v75_h39,0.012612000107765198
v75_h71,v75_h41,0.012612000107765198
v75_h72,v75_h34,0.08571500331163406
v75_h72,v75_h39,0.08571500331163406
v75_h72,v75_h41,0.01891699992120266
v75_h72,v75_h47,0.0063057998195290565
v75_h73,v75_h34,0.03152899816632271
v75_h73,v75_h39,0.01891699992120266
v75_h73,v75_h41,0.02522299997508526
v75_h73,v75_h47,0.0063057998195290565
v75_h75,v75_h34,0.0063057998195290565
v75_h75,v75_h39,0.0063057998195290565
v75_h75,v75_h41,0.0063057998195290565
v75_h76,v75_h34,0.0063057998195290565
v75_h76,v75_h39,0.0063057998195290565
v75_h76,v75_h41,0.0063057998195290565
v75_h76,v75_h47,0.0063057998195290565
v75_h78,v75_h47,0.0063057998195290565
v75_h80,v75_h34,0.02522299997508526
v75_h80,v75_h39,0.012612000107765198
v75_h80,v75_h41,0.0063057998195290565
v75_h80,v75_h47,0.0063057998195290565
v75_h81,v75_h41,0.0063057998195290565
v75_h81,v75_h47,0.0063057998195290565
v75_h83,v75_h34,0.012612000107765198
v75_h83,v75_h41,0.0063057998195290565
v75_h84,v75_h34,0.01891699992120266
v75_h84,v75_h39,0.0063057998195290565
v75_h84,v75_h41,0.012612000107765198
v75_h84,v75_h47,0.0063057998195290565
v75_h85,v75_h34,0.0063057998195290565
v75_h85,v75_h39,0.0063057998195290565
v75_h87,v75_h39,0.012612000107765198
v75_h88,v75_h34,0.012612000107765198
v75_h88,v75_h39,0.0063057998195290565
v75_h88,v75_h41,0.0063057998195290565
v75_h89,v75_h34,0.0063057998195290565
v75_h89,v75_h39,0.012612000107765198
v75_h90,v75_h34,0.012612000107765198
v75_h90,v75_h39,0.08571500331163406
v75_h90,v75_h41,0.0063057998195290565
v75_h92,v75_h34,0.09832599759101868
v75_h92,v75_h39,0.01891699992120266
v75_h92,v75_h41,0.012612000107765198
v75_h92,v75_h47,0.012612000107765198
v75_h93,v75_h34,0.012612000107765198
v75_h93,v75_h39,0.012612000107765198
v75_h94,v75_h34,0.012612000107765198
v75_h94,v75_h39,0.012612000107765198
v75_h94,v75_h47,0.0063057998195290565
v75_h95,v75_h34,0.0063057998195290565
v75_h95,v75_h39,0.012612000107765198
v75_h96,v75_h34,0.012612000107765198
v75_h97,v75_h34,0.01891699992120266
v75_h97,v75_h39,0.012612000107765198
v75_h97,v75_h47,0.0063057998195290565
v75_h98,v75_h34,0.012612000107765198
v75_h98,v75_h39,0.0063057998195290565
v76_h1,v76_h2,0.10671000182628632
v76_h1,v76_h47,0.005464199930429459
v76_h1,v76_h224,0.08484899997711182
v76_h10,v76_h2,0.10671000182628632
v76_h10,v76_h38,0.005464199930429459
v76_h10,v76_h89,0.01639300025999546
v76_h10,v76_h98,0.005464199930429459
v76_h10,v76_h224,0.010928000323474407
v76_h100,v76_h2,0.005464199930429459
v76_h100,v76_h38,0.038249000906944275
v76_h100,v76_h47,0.005464199930429459
v76_h100,v76_h86,0.010928000323474407
v76_h100,v76_h98,0.010928000323474407
v76_h101,v76_h2,0.010928000323474407
v76_h101,v76_h38,0.01639300025999546
v76_h101,v76_h89,0.005464199930429459
v76_h101,v76_h224,0.01639300025999546
v76_h102,v76_h38,0.005464199930429459
v76_h104,v76_h2,0.01639300025999546
v76_h104,v76_h38,0.027320999652147293
v76_h104,v76_h47,0.010928000323474407
v76_h104,v76_h89,0.01639300025999546
v76_h104,v76_h98,0.005464199930429459
v76_h104,v76_h224,0.010928000323474407
v76_h105,v76_h2,0.02185700088739395
v76_h105,v76_h38,0.09031300246715546
v76_h105,v76_h47,0.01639300025999546
v76_h105,v76_h98,0.005464199930429459
v76_h105,v76_h224,0.005464199930429459
v76_h106,v76_h38,0.010928000323474407
v76_h106,v76_h47,0.01639300025999546
v76_h107,v76_h38,0.010928000323474407
v76_h107,v76_h47,0.07391999661922455
v76_h107,v76_h98,0.005464199930429459
v76_h108,v76_h2,0.005464199930429459
v76_h108,v76_h38,0.01639300025999546
v76_h108,v76_h86,0.005464199930429459
v76_h108,v76_h89,0.010928000323474407
v76_h108,v76_h98,0.005464199930429459
v76_h11,v76_h2,0.12309999763965607
v76_h11,v76_h38,0.005464199930429459
v76_h11,v76_h89,0.005464199930429459
v76_h11,v76_h98,0.005464199930429459
v76_h11,v76_h224,0.010928000323474407
v76_h110,v76_h2,0.01639300025999546
v76_h110,v76_h38,0.005464199930429459
v76_h111,v76_h2,0.005464199930429459
v76_h111,v76_h38,0.010928000323474407
v76_h111,v76_h47,0.005464199930429459
v76_h111,v76_h86,0.005464199930429459
v76_h111,v76_h89,0.005464199930429459
v76_h111,v76_h98,0.005464199930429459
v76_h112,v76_h2,0.005464199930429459
v76_h112,v76_h38,0.09031300246715546
v76_h112,v76_h98,0.010928000323474407
v76_h113,v76_h38,0.005464199930429459
v76_h114,v76_h2,0.005464199930429459
v76_h114,v76_h38,0.005464199930429459
v76_h114,v76_h47,0.010928000323474407
v76_h12,v76_h2,0.049178000539541245
v76_h12,v76_h38,0.005464199930429459
v76_h12,v76_h89,0.010928000323474407
v76_h12,v76_h224,0.01639300025999546
v76_h13,v76_h2,0.038249000906944275
v76_h13,v76_h47,0.005464199930429459
v76_h13,v76_h89,0.005464199930429459
v76_h13,v76_h224,0.027320999652147293
v76_h14,v76_h2,0.0957769975066185
v76_h14,v76_h224,0.010928000323474407
v76_h15,v76_h2,0.0957769975066185
v76_h15,v76_h89,0.01639300025999546
v76_h15,v76_h224,0.010928000323474407
v76_h16,v76_h2,0.027320999652147293
v76_h16,v76_h38,0.005464199930429459
v76_h16,v76_h86,0.005464199930429459
v76_h16,v76_h89,0.01639300025999546
v76_h16,v76_h178,0.005464199930429459
v76_h16,v76_h182,0.005464199930429459
v76_h16,v76_h224,0.005464199930429459
v76_h17,v76_h2,0.032784998416900635
v76_h17,v76_h89,0.01639300025999546
v76_h17,v76_h224,0.11217000335454941
v76_h18,v76_h2,0.01639300025999546
v76_h18,v76_h38,0.005464199930429459
v76_h18,v76_h89,0.10124000161886215
v76_h18,v76_h224,0.005464199930429459
v76_h19,v76_h2,0.010928000323474407
v76_h19,v76_h38,0.010928000323474407
v76_h19,v76_h47,0.005464199930429459
v76_h19,v76_h89,0.10124000161886215
v76_h2,v76_h38,0.01639300025999546
v76_h2,v76_h47,0.005464199930429459
v76_h2,v76_h89,0.005464199930429459
v76_h2,v76_h98,0.005464199930429459
v76_h2,v76_h224,0.01639300025999546
v76_h21,v76_h2,0.01639300025999546
v76_h21,v76_h38,0.032784998416900635
v76_h21,v76_h47,0.005464199930429459
v76_h21,v76_h86,0.005464199930429459
v76_h21,v76_h89,0.10671000182628632
v76_h21,v76_h98,0.005464199930429459
v76_h21,v76_h224,0.010928000323474407
v76_h22,v76_h2,0.02185700088739395
v76_h22,v76_h47,0.005464199930429459
v76_h22,v76_h86,0.005464199930429459
v76_h22,v76_h89,0.02185700088739395
v76_h22,v76_h224,0.005464199930429459
v76_h24,v76_h38,0.005464199930429459
v76_h24,v76_h86,0.005464199930429459
v76_h24,v76_h89,0.01639300025999546
v76_h25,v76_h2,0.005464199930429459
v76_h25,v76_h38,0.10124000161886215
v76_h25,v76_h47,0.010928000323474407
v76_h25,v76_h86,0.005464199930429459
v76_h25,v76_h89,0.010928000323474407
v76_h25,v76_h98,0.01639300025999546
v76_h26,v76_h2,0.02185700088739395
v76_h26,v76_h38,0.005464199930429459
v76_h26,v76_h47,0.010928000323474407
v76_h26,v76_h89,0.005464199930429459
v76_h26,v76_h98,0.010928000323474407
v76_h26,v76_h224,0.005464199930429459
v76_h27,v76_h38,0.010928000323474407
v76_h27,v76_h47,0.07938399910926819
v76_h27,v76_h86,0.005464199930429459
v76_h27,v76_h89,0.010928000323474407
v76_h29,v76_h2,0.005464199930429459
v76_h29,v76_h38,0.005464199930429459
v76_h3,v76_h2,0.10124000161886215
v76_h3,v76_h86,0.005464199930429459
v76_h3,v76_h89,0.02185700088739395
v76_h3,v76_h178,0.005464199930429459
v76_h3,v76_h224,0.01639300025999546
v76_h31,v76_h2,0.010928000323474407
v76_h31,v76_h38,0.02185700088739395
v76_h31,v76_h47,0.010928000323474407
v76_h31,v76_h89,0.005464199930429459
v76_h31,v76_h98,0.005464199930429459
v76_h31,v76_h224,0.005464199930429459
v76_h32,v76_h2,0.005464199930429459
v76_h32,v76_h38,0.010928000323474407
v76_h32,v76_h47,0.005464199930429459
v76_h32,v76_h89,0.005464199930429459
v76_h35,v76_h2,0.0957769975066185
v76_h35,v76_h38,0.12856000661849976
v76_h35,v76_h47,0.02185700088739395
v76_h35,v76_h86,0.005464199930429459
v76_h35,v76_h89,0.08484899997711182
v76_h35,v76_h98,0.0957769975066185
v76_h35,v76_h182,0.005464199930429459
v76_h35,v76_h224,0.005464199930429459
v76_h4,v76_h2,0.02185700088739395
v76_h4,v76_h47,0.005464199930429459
v76_h4,v76_h89,0.01639300025999546
v76_h4,v76_h224,0.01639300025999546
v76_h40,v76_h38,0.010928000323474407
v76_h40,v76_h86,0.005464199930429459
v76_h40,v76_h98,0.010928000323474407
v76_h40,v76_h178,0.005464199930429459
v76_h40,v76_h182,0.010928000323474407
v76_h40,v76_h224,0.005464199930429459
v76_h41,v76_h38,0.01639300025999546
v76_h41,v76_h47,0.010928000323474407
v76_h41,v76_h86,0.005464199930429459
v76_h41,v76_h89,0.010928000323474407
v76_h41,v76_h178,0.005464199930429459
v76_h41,v76_h224,0.010928000323474407
v76_h42,v76_h38,0.005464199930429459
v76_h42,v76_h47,0.010928000323474407
v76_h42,v76_h86,0.01639300025999546
v76_h42,v76_h89,0.010928000323474407
v76_h42,v76_h178,0.005464199930429459
v76_h42,v76_h224,0.010928000323474407
v76_h43,v76_h2,0.005464199930429459
v76_h43,v76_h38,0.02185700088739395
v76_h43,v76_h47,0.01639300025999546
v76_h43,v76_h86,0.005464199930429459
v76_h43,v76_h89,0.010928000323474407
v76_h43,v76_h178,0.005464199930429459
v76_h43,v76_h224,0.010928000323474407
v76_h44,v76_h2,0.01639300025999546
v76_h44,v76_h38,0.01639300025999546
v76_h44,v76_h47,0.01639300025999546
v76_h44,v76_h89,0.005464199930429459
v76_h44,v76_h98,0.005464199930429459
v76_h45,v76_h2,0.010928000323474407
v76_h45,v76_h38,0.032784998416900635
v76_h45,v76_h47,0.02185700088739395
v76_h45,v76_h86,0.010928000323474407
v76_h45,v76_h89,0.010928000323474407
v76_h45,v76_h182,0.005464199930429459
v76_h45,v76_h224,0.005464199930429459
v76_h46,v76_h2,0.005464199930429459
v76_h46,v76_h38,0.010928000323474407
v76_h46,v76_h47,0.01639300025999546
v76_h46,v76_h89,0.01639300025999546
v76_h46,v76_h224,0.005464199930429459
v76_h48,v76_h2,0.07938399910926819
v76_h48,v76_h38,0.0957769975066185
v76_h48,v76_h47,0.07938399910926819
v76_h48,v76_h86,0.005464199930429459
v76_h48,v76_h89,0.01639300025999546
v76_h48,v76_h98,0.027320999652147293
v76_h49,v76_h2,0.010928000323474407
v76_h49,v76_h38,0.027320999652147293
v76_h49,v76_h47,0.010928000323474407
v76_h49,v76_h86,0.005464199930429459
v76_h49,v76_h89,0.010928000323474407
v76_h49,v76_h98,0.01639300025999546
v76_h49,v76_h224,0.005464199930429459
v76_h5,v76_h2,0.10124000161886215
v76_h5,v76_h38,0.005464199930429459
v76_h5,v76_h47,0.005464199930429459
v76_h5,v76_h89,0.010928000323474407
v76_h5,v76_h182,0.010928000323474407
v76_h5,v76_h224,0.01639300025999546
v76_h50,v76_h2,0.010928000323474407
v76_h50,v76_h38,0.09031300246715546
v76_h50,v76_h47,0.010928000323474407
v76_h50,v76_h86,0.005464199930429459
v76_h50,v76_h89,0.11217000335454941
v76_h50,v76_h98,0.01639300025999546
v76_h50,v76_h178,0.005464199930429459
v76_h54,v76_h38,0.005464199930429459
v76_h54,v76_h86,0.005464199930429459
v76_h54,v76_h89,0.010928000323474407
v76_h54,v76_h178,0.08484899997711182
v76_h54,v76_h182,0.005464199930429459
v76_h55,v76_h38,0.005464199930429459
v76_h55,v76_h86,0.005464199930429459
v76_h55,v76_h89,0.005464199930429459
v76_h55,v76_h178,0.005464199930429459
v76_h55,v76_h182,0.01639300025999546
v76_h55,v76_h224,0.005464199930429459
v76_h56,v76_h2,0.01639300025999546
v76_h56,v76_h38,0.010928000323474407
v76_h56,v76_h47,0.01639300025999546
v76_h56,v76_h86,0.005464199930429459
v76_h56,v76_h89,0.005464199930429459
v76_h56,v76_h98,0.005464199930429459
v76_h57,v76_h2,0.010928000323474407
v76_h57,v76_h38,0.01639300025999546
v76_h57,v76_h47,0.010928000323474407
v76_h57,v76_h98,0.010928000323474407
v76_h58,v76_h38,0.010928000323474407
v76_h59,v76_h47,0.005464199930429459
v76_h59,v76_h86,0.005464199930429459
v76_h59,v76_h89,0.005464199930429459
v76_h59,v76_h98,0.005464199930429459
v76_h6,v76_h2,0.10671000182628632
v76_h6,v76_h38,0.005464199930429459
v76_h6,v76_h89,0.005464199930429459
v76_h6,v76_h224,0.005464199930429459
v76_h60,v76_h38,0.005464199930429459
v76_h60,v76_h86,0.010928000323474407
v76_h61,v76_h2,0.005464199930429459
v76_h61,v76_h86,0.01639300025999546
v76_h61,v76_h98,0.010928000323474407
v76_h61,v76_h224,0.010928000323474407
v76_h62,v76_h2,0.005464199930429459
v76_h62,v76_h38,0.010928000323474407
v76_h62,v76_h47,0.09031300246715546
v76_h62,v76_h89,0.005464199930429459
v76_h62,v76_h98,0.010928000323474407
v76_h62,v76_h224,0.005464199930429459
v76_h63,v76_h38,0.005464199930429459
v76_h63,v76_h86,0.08484899997711182
v76_h63,v76_h98,0.07391999661922455
v76_h65,v76_h38,0.005464199930429459
v76_h65,v76_h86,0.010928000323474407
v76_h65,v76_h98,0.005464199930429459
v76_h66,v76_h86,0.02185700088739395
v76_h66,v76_h89,0.005464199930429459
v76_h66,v76_h98,0.010928000323474407
v76_h67,v76_h38,0.01639300025999546
v76_h67,v76_h86,0.0957769975066185
v76_h67,v76_h89,0.010928000323474407
v76_h67,v76_h98,0.005464199930429459
v76_h69,v76_h38,0.08484899997711182
v76_h69,v76_h98,0.005464199930429459
v76_h70,v76_h2,0.005464199930429459
v76_h70,v76_h38,0.10671000182628632
v76_h70,v76_h47,0.005464199930429459
v76_h70,v76_h86,0.005464199930429459
v76_h70,v76_h98,0.01639300025999546
v76_h70,v76_h224,0.010928000323474407
v76_h71,v76_h38,0.08484899997711182
v76_h71,v76_h98,0.005464199930429459
v76_h72,v76_h2,0.010928000323474407
v76_h72,v76_h38,0.027320999652147293
v76_h72,v76_h47,0.07938399910926819
v76_h72,v76_h89,0.01639300025999546
v76_h72,v76_h98,0.010928000323474407
v76_h72,v76_h224,0.005464199930429459
v76_h73,v76_h2,0.010928000323474407
v76_h73,v76_h38,0.08484899997711182
v76_h73,v76_h47,0.010928000323474407
v76_h73,v76_h89,0.005464199930429459
v76_h73,v76_h98,0.010928000323474407
v76_h74,v76_h38,0.005464199930429459
v76_h74,v76_h47,0.010928000323474407
v76_h74,v76_h182,0.005464199930429459
v76_h75,v76_h89,0.005464199930429459
v76_h75,v76_h178,0.005464199930429459
v76_h76,v76_h2,0.005464199930429459
v76_h76,v76_h38,0.010928000323474407
v76_h76,v76_h47,0.005464199930429459
v76_h76,v76_h86,0.010928000323474407
v76_h76,v76_h89,0.010928000323474407
v76_h76,v76_h182,0.005464199930429459
v76_h76,v76_h224,0.005464199930429459
v76_h77,v76_h2,0.005464199930429459
v76_h77,v76_h38,0.01639300025999546
v76_h77,v76_h47,0.005464199930429459
v76_h77,v76_h89,0.005464199930429459
v76_h77,v76_h98,0.005464199930429459
v76_h78,v76_h2,0.010928000323474407
v76_h78,v76_h38,0.01639300025999546
v76_h78,v76_h47,0.010928000323474407
v76_h78,v76_h86,0.005464199930429459
v76_h78,v76_h89,0.005464199930429459
v76_h78,v76_h98,0.01639300025999546
v76_h79,v76_h38,0.010928000323474407
v76_h79,v76_h47,0.005464199930429459
v76_h79,v76_h86,0.005464199930429459
v76_h79,v76_h89,0.005464199930429459
v76_h79,v76_h98,0.010928000323474407
v76_h80,v76_h38,0.005464199930429459
v76_h80,v76_h86,0.005464199930429459
v76_h80,v76_h89,0.005464199930429459
v76_h80,v76_h98,0.005464199930429459
v76_h81,v76_h2,0.005464199930429459
v76_h81,v76_h38,0.10124000161886215
v76_h81,v76_h86,0.010928000323474407
v76_h81,v76_h89,0.005464199930429459
v76_h81,v76_h98,0.010928000323474407
v76_h81,v76_h224,0.010928000323474407
v76_h83,v76_h86,0.0957769975066185
v76_h83,v76_h89,0.010928000323474407
v76_h83,v76_h182,0.005464199930429459
v76_h83,v76_h224,0.005464199930429459
v76_h84,v76_h38,0.005464199930429459
v76_h84,v76_h86,0.01639300025999546
v76_h84,v76_h89,0.005464199930429459
v76_h85,v76_h2,0.005464199930429459
v76_h85,v76_h38,0.005464199930429459
v76_h85,v76_h47,0.005464199930429459
v76_h85,v76_h86,0.10124000161886215
v76_h85,v76_h89,0.07391999661922455
v76_h85,v76_h182,0.005464199930429459
v76_h85,v76_h224,0.005464199930429459
v76_h87,v76_h86,0.010928000323474407
v76_h88,v76_h38,0.005464199930429459
v76_h88,v76_h47,0.005464199930429459
v76_h88,v76_h86,0.005464199930429459
v76_h88,v76_h224,0.005464199930429459
v76_h89,v76_h2,0.005464199930429459
v76_h89,v76_h38,0.010928000323474407
v76_h89,v76_h86,0.005464199930429459
v76_h89,v76_h98,0.005464199930429459
v76_h89,v76_h178,0.005464199930429459
v76_h89,v76_h224,0.010928000323474407
v76_h9,v76_h2,0.049178000539541245
v76_h9,v76_h38,0.01639300025999546
v76_h9,v76_h47,0.005464199930429459
v76_h9,v76_h89,0.01639300025999546
v76_h9,v76_h224,0.01639300025999546
v76_h90,v76_h38,0.005464199930429459
v76_h90,v76_h86,0.005464199930429459
v76_h90,v76_h89,0.10671000182628632
v76_h90,v76_h224,0.005464199930429459
v76_h91,v76_h2,0.005464199930429459
v76_h91,v76_h38,0.005464199930429459
v76_h91,v76_h86,0.02185700088739395
v76_h91,v76_h89,0.005464199930429459
v76_h91,v76_h98,0.005464199930429459
v76_h92,v76_h86,0.10671000182628632
v76_h92,v76_h89,0.005464199930429459
v76_h92,v76_h98,0.005464199930429459
v76_h93,v76_h38,0.005464199930429459
v76_h93,v76_h86,0.005464199930429459
v76_h93,v76_h98,0.005464199930429459
v76_h93,v76_h182,0.005464199930429459
v76_h94,v76_h38,0.005464199930429459
v76_h94,v76_h47,0.005464199930429459
v76_h94,v76_h86,0.02185700088739395
v76_h94,v76_h89,0.005464199930429459
v76_h94,v76_h224,0.010928000323474407
v76_h96,v76_h2,0.010928000323474407
v76_h96,v76_h38,0.10671000182628632
v76_h96,v76_h89,0.005464199930429459
v76_h96,v76_h98,0.09031300246715546
v76_h97,v76_h2,0.010928000323474407
v76_h97,v76_h38,0.0437140017747879
v76_h97,v76_h47,0.02185700088739395
v76_h97,v76_h86,0.010928000323474407
v76_h97,v76_h89,0.005464199930429459
v76_h97,v76_h98,0.08484899997711182
v76_h98,v76_h2,0.005464199930429459
v76_h98,v76_h38,0.0957769975066185
v76_h98,v76_h86,0.005464199930429459
v76_h98,v76_h89,0.005464199930429459
v77_h1,v77_h46,0.004169600084424019
v77_h1,v77_h87,0.004169600084424019
v77_h1,v77_h92,0.004169600084424019
v77_h1,v77_h116,0.01667799986898899
v77_h10,v77_h44,0.012508999556303024
v77_h10,v77_h46,0.004169600084424019
v77_h10,v77_h69,0.008339200168848038
v77_h10,v77_h92,0.004169600084424019
v77_h10,v77_h116,0.008339200168848038
v77_h100,v77_h40,0.008339200168848038
v77_h100,v77_h44,0.004169600084424019
v77_h100,v77_h48,0.004169600084424019
v77_h100,v77_h87,0.012508999556303024
v77_h100,v77_h92,0.02501799911260605
v77_h101,v77_h44,0.008339200168848038
v77_h101,v77_h48,0.07291200011968613
v77_h101,v77_h69,0.004169600084424019
v77_h101,v77_h87,0.01667799986898899
v77_h101,v77_h92,0.06457199901342392
v77_h101,v77_h100,0.07291200011968613
v77_h102,v77_h40,0.004169600084424019
v77_h102,v77_h44,0.008339200168848038
v77_h102,v77_h48,0.07291200011968613
v77_h102,v77_h69,0.004169600084424019
v77_h102,v77_h87,0.02501799911260605
v77_h102,v77_h92,0.008339200168848038
v77_h102,v77_h100,0.012508999556303024
v77_h104,v77_h44,0.012508999556303024
v77_h104,v77_h69,0.004169600084424019
v77_h104,v77_h87,0.09375999867916107
v77_h104,v77_h92,0.004169600084424019
v77_h104,v77_h116,0.008339200168848038
v77_h105,v77_h40,0.004169600084424019
v77_h105,v77_h44,0.004169600084424019
v77_h105,v77_h46,0.004169600084424019
v77_h105,v77_h48,0.004169600084424019
v77_h105,v77_h87,0.09375999867916107
v77_h105,v77_h92,0.012508999556303024
v77_h105,v77_h100,0.008339200168848038
v77_h105,v77_h116,0.07291200011968613
v77_h106,v77_h40,0.004169600084424019
v77_h106,v77_h44,0.004169600084424019
v77_h106,v77_h48,0.008339200168848038
v77_h106,v77_h87,0.10627000033855438
v77_h106,v77_h92,0.004169600084424019
v77_h106,v77_h100,0.008339200168848038
v77_h106,v77_h116,0.008339200168848038
v77_h107,v77_h40,0.004169600084424019
v77_h107,v77_h44,0.004169600084424019
v77_h107,v77_h87,0.10627000033855438
v77_h107,v77_h92,0.004169600084424019
v77_h107,v77_h100,0.012508999556303024
v77_h107,v77_h116,0.012508999556303024
v77_h108,v77_h46,0.004169600084424019
v77_h108,v77_h87,0.08958999812602997
v77_h108,v77_h116,0.08125100284814835
v77_h11,v77_h40,0.01667799986898899
v77_h11,v77_h44,0.08125100284814835
v77_h11,v77_h46,0.012508999556303024
v77_h11,v77_h48,0.012508999556303024
v77_h11,v77_h69,0.08125100284814835
v77_h11,v77_h92,0.08958999812602997
v77_h11,v77_h100,0.008339200168848038
v77_h11,v77_h116,0.004169600084424019
v77_h110,v77_h44,0.008339200168848038
v77_h110,v77_h87,0.10209999978542328
v77_h110,v77_h92,0.012508999556303024
v77_h110,v77_h100,0.008339200168848038
v77_h110,v77_h116,0.004169600084424019
v77_h111,v77_h40,0.004169600084424019
v77_h111,v77_h44,0.008339200168848038
v77_h111,v77_h46,0.004169600084424019
v77_h111,v77_h48,0.004169600084424019
v77_h111,v77_h87,0.008339200168848038
v77_h111,v77_h92,0.004169600084424019
v77_h111,v77_h100,0.06874199956655502
v77_h111,v77_h116,0.008339200168848038
v77_h112,v77_h40,0.004169600084424019
v77_h112,v77_h44,0.004169600084424019
v77_h112,v77_h46,0.012508999556303024
v77_h112,v77_h48,0.008339200168848038
v77_h112,v77_h87,0.004169600084424019
v77_h112,v77_h92,0.008339200168848038
v77_h112,v77_h100,0.004169600084424019
v77_h112,v77_h116,0.012508999556303024
v77_h113,v77_h44,0.004169600084424019
v77_h113,v77_h46,0.012508999556303024
v77_h113,v77_h92,0.004169600084424019
v77_h113,v77_h116,0.03335700184106827
v77_h114,v77_h46,0.004169600084424019
v77_h114,v77_h116,0.08541999757289886
v77_h12,v77_h40,0.029186999425292015
v77_h12,v77_h44,0.02501799911260605
v77_h12,v77_h46,0.004169600084424019
v77_h12,v77_h48,0.01667799986898899
v77_h12,v77_h69,0.08541999757289886
v77_h12,v77_h87,0.004169600084424019
v77_h12,v77_h92,0.03335700184106827
v77_h12,v77_h100,0.01667799986898899
v77_h13,v77_h40,0.08125100284814835
v77_h13,v77_h44,0.01667799986898899
v77_h13,v77_h46,0.004169600084424019
v77_h13,v77_h48,0.07708100229501724
v77_h13,v77_h69,0.01667799986898899
v77_h13,v77_h87,0.004169600084424019
v77_h13,v77_h92,0.012508999556303024
v77_h13,v77_h100,0.008339200168848038
v77_h14,v77_h40,0.008339200168848038
v77_h14,v77_h44,0.01667799986898899
v77_h14,v77_h46,0.004169600084424019
v77_h14,v77_h48,0.004169600084424019
v77_h14,v77_h69,0.01667799986898899
v77_h15,v77_h40,0.012508999556303024
v77_h15,v77_h44,0.012508999556303024
v77_h15,v77_h69,0.008339200168848038
v77_h15,v77_h87,0.004169600084424019
v77_h16,v77_h40,0.012508999556303024
v77_h16,v77_h44,0.01667799986898899
v77_h16,v77_h46,0.008339200168848038
v77_h16,v77_h48,0.012508999556303024
v77_h16,v77_h69,0.004169600084424019
v77_h16,v77_h92,0.004169600084424019
v77_h16,v77_h100,0.008339200168848038
v77_h16,v77_h116,0.004169600084424019
v77_h17,v77_h40,0.01667799986898899
v77_h17,v77_h44,0.037526000291109085
v77_h17,v77_h46,0.012508999556303024
v77_h17,v77_h48,0.01667799986898899
v77_h17,v77_h69,0.01667799986898899
v77_h17,v77_h87,0.008339200168848038
v77_h17,v77_h92,0.008339200168848038
v77_h17,v77_h100,0.004169600084424019
v77_h17,v77_h116,0.004169600084424019
v77_h18,v77_h40,0.08541999757289886
v77_h18,v77_h44,0.01667799986898899
v77_h18,v77_h46,0.004169600084424019
v77_h18,v77_h48,0.020848000422120094
v77_h18,v77_h69,0.008339200168848038
v77_h18,v77_h87,0.01667799986898899
v77_h18,v77_h92,0.008339200168848038
v77_h18,v77_h100,0.008339200168848038
v77_h19,v77_h40,0.08125100284814835
v77_h19,v77_h44,0.008339200168848038
v77_h19,v77_h46,0.008339200168848038
v77_h19,v77_h48,0.004169600084424019
v77_h19,v77_h69,0.008339200168848038
v77_h19,v77_h92,0.008339200168848038
v77_h19,v77_h100,0.008339200168848038
v77_h19,v77_h116,0.012508999556303024
v77_h2,v77_h40,0.004169600084424019
v77_h2,v77_h46,0.004169600084424019
v77_h2,v77_h48,0.004169600084424019
v77_h2,v77_h116,0.09375999867916107
v77_h21,v77_h40,0.01667799986898899
v77_h21,v77_h44,0.01667799986898899
v77_h21,v77_h69,0.012508999556303024
v77_h21,v77_h92,0.004169600084424019
v77_h21,v77_h100,0.004169600084424019
v77_h22,v77_h40,0.004169600084424019
v77_h22,v77_h44,0.004169600084424019
v77_h22,v77_h69,0.012508999556303024
v77_h22,v77_h92,0.008339200168848038
v77_h24,v77_h40,0.008339200168848038
v77_h24,v77_h44,0.01667799986898899
v77_h24,v77_h69,0.01667799986898899
v77_h24,v77_h87,0.004169600084424019
v77_h24,v77_h92,0.012508999556303024
v77_h25,v77_h40,0.004169600084424019
v77_h25,v77_h44,0.012508999556303024
v77_h25,v77_h46,0.004169600084424019
v77_h25,v77_h48,0.004169600084424019
v77_h25,v77_h69,0.01667799986898899
v77_h25,v77_h87,0.004169600084424019
v77_h25,v77_h92,0.008339200168848038
v77_h25,v77_h100,0.008339200168848038
v77_h26,v77_h40,0.004169600084424019
v77_h26,v77_h44,0.008339200168848038
v77_h26,v77_h48,0.004169600084424019
v77_h26,v77_h69,0.004169600084424019
v77_h27,v77_h40,0.008339200168848038
v77_h27,v77_h44,0.029186999425292015
v77_h27,v77_h46,0.008339200168848038
v77_h27,v77_h48,0.012508999556303024
v77_h27,v77_h69,0.020848000422120094
v77_h27,v77_h87,0.004169600084424019
v77_h27,v77_h92,0.012508999556303024
v77_h27,v77_h100,0.008339200168848038
v77_h27,v77_h116,0.004169600084424019
v77_h29,v77_h40,0.012508999556303024
v77_h29,v77_h44,0.08125100284814835
v77_h29,v77_h48,0.004169600084424019
v77_h29,v77_h69,0.012508999556303024
v77_h29,v77_h87,0.008339200168848038
v77_h29,v77_h92,0.008339200168848038
v77_h29,v77_h100,0.01667799986898899
v77_h3,v77_h44,0.01667799986898899
v77_h3,v77_h46,0.008339200168848038
v77_h3,v77_h69,0.004169600084424019
v77_h3,v77_h87,0.008339200168848038
v77_h3,v77_h92,0.020848000422120094
v77_h3,v77_h100,0.08125100284814835
v77_h31,v77_h69,0.004169600084424019
v77_h31,v77_h92,0.004169600084424019
v77_h32,v77_h40,0.08541999757289886
v77_h32,v77_h44,0.04169600084424019
v77_h32,v77_h46,0.008339200168848038
v77_h32,v77_h48,0.012508999556303024
v77_h32,v77_h69,0.037526000291109085
v77_h32,v77_h87,0.004169600084424019
v77_h32,v77_h92,0.07708100229501724
v77_h32,v77_h100,0.06874199956655502
v77_h32,v77_h116,0.004169600084424019
v77_h35,v77_h40,0.020848000422120094
v77_h35,v77_h44,0.09375999867916107
v77_h35,v77_h48,0.008339200168848038
v77_h35,v77_h69,0.08958999812602997
v77_h35,v77_h87,0.004169600084424019
v77_h35,v77_h92,0.008339200168848038
v77_h35,v77_h100,0.004169600084424019
v77_h4,v77_h40,0.004169600084424019
v77_h4,v77_h44,0.008339200168848038
v77_h4,v77_h69,0.008339200168848038
v77_h4,v77_h87,0.012508999556303024
v77_h4,v77_h92,0.10627000033855438
v77_h4,v77_h100,0.02501799911260605
v77_h40,v77_h44,0.008339200168848038
v77_h40,v77_h48,0.012508999556303024
v77_h40,v77_h69,0.004169600084424019
v77_h40,v77_h92,0.008339200168848038
v77_h40,v77_h100,0.008339200168848038
v77_h41,v77_h44,0.004169600084424019
v77_h41,v77_h69,0.004169600084424019
v77_h41,v77_h87,0.004169600084424019
v77_h42,v77_h40,0.004169600084424019
v77_h42,v77_h44,0.012508999556303024
v77_h42,v77_h46,0.008339200168848038
v77_h42,v77_h69,0.01667799986898899
v77_h42,v77_h92,0.012508999556303024
v77_h42,v77_h100,0.004169600084424019
v77_h43,v77_h40,0.008339200168848038
v77_h43,v77_h44,0.08958999812602997
v77_h43,v77_h46,0.07708100229501724
v77_h43,v77_h48,0.01667799986898899
v77_h43,v77_h69,0.008339200168848038
v77_h43,v77_h92,0.004169600084424019
v77_h43,v77_h100,0.004169600084424019
v77_h43,v77_h116,0.004169600084424019
v77_h44,v77_h40,0.008339200168848038
v77_h44,v77_h46,0.01667799986898899
v77_h44,v77_h48,0.012508999556303024
v77_h44,v77_h69,0.02501799911260605
v77_h44,v77_h87,0.008339200168848038
v77_h44,v77_h92,0.008339200168848038
v77_h44,v77_h100,0.004169600084424019
v77_h44,v77_h116,0.004169600084424019
v77_h45,v77_h40,0.008339200168848038
v77_h45,v77_h44,0.08125100284814835
v77_h45,v77_h46,0.07291200011968613
v77_h45,v77_h48,0.012508999556303024
v77_h45,v77_h69,0.008339200168848038
v77_h45,v77_h87,0.004169600084424019
v77_h45,v77_h100,0.004169600084424019
v77_h46,v77_h44,0.01667799986898899
v77_h46,v77_h48,0.008339200168848038
v77_h46,v77_h116,0.012508999556303024
v77_h48,v77_h40,0.012508999556303024
v77_h48,v77_h44,0.012508999556303024
v77_h48,v77_h46,0.008339200168848038
v77_h48,v77_h69,0.004169600084424019
v77_h48,v77_h87,0.004169600084424019
v77_h48,v77_h92,0.004169600084424019
v77_h48,v77_h100,0.004169600084424019
v77_h49,v77_h44,0.008339200168848038
v77_h49,v77_h46,0.06874199956655502
v77_h49,v77_h48,0.07708100229501724
v77_h49,v77_h69,0.004169600084424019
v77_h49,v77_h92,0.004169600084424019
v77_h5,v77_h40,0.004169600084424019
v77_h5,v77_h44,0.008339200168848038
v77_h5,v77_h46,0.004169600084424019
v77_h5,v77_h48,0.004169600084424019
v77_h5,v77_h69,0.004169600084424019
v77_h5,v77_h87,0.01667799986898899
v77_h5,v77_h92,0.02501799911260605
v77_h5,v77_h100,0.012508999556303024
v77_h5,v77_h116,0.008339200168848038
v77_h50,v77_h44,0.008339200168848038
v77_h50,v77_h46,0.008339200168848038
v77_h50,v77_h48,0.07291200011968613
v77_h54,v77_h40,0.012508999556303024
v77_h54,v77_h48,0.004169600084424019
v77_h54,v77_h92,0.012508999556303024
v77_h54,v77_h100,0.004169600084424019
v77_h55,v77_h40,0.01667799986898899
v77_h55,v77_h44,0.08541999757289886
v77_h55,v77_h69,0.08125100284814835
v77_h55,v77_h87,0.01667799986898899
v77_h55,v77_h92,0.008339200168848038
v77_h55,v77_h100,0.012508999556303024
v77_h56,v77_h40,0.08541999757289886
v77_h56,v77_h44,0.02501799911260605
v77_h56,v77_h46,0.004169600084424019
v77_h56,v77_h48,0.07291200011968613
v77_h56,v77_h69,0.020848000422120094
v77_h56,v77_h87,0.004169600084424019
v77_h56,v77_h92,0.020848000422120094
v77_h56,v77_h100,0.012508999556303024
v77_h56,v77_h116,0.008339200168848038
v77_h57,v77_h40,0.008339200168848038
v77_h57,v77_h48,0.008339200168848038
v77_h57,v77_h69,0.012508999556303024
v77_h57,v77_h87,0.008339200168848038
v77_h57,v77_h92,0.08958999812602997
v77_h57,v77_h100,0.01667799986898899
v77_h58,v77_h40,0.08125100284814835
v77_h58,v77_h44,0.04169600084424019
v77_h58,v77_h46,0.012508999556303024
v77_h58,v77_h48,0.029186999425292015
v77_h58,v77_h69,0.037526000291109085
v77_h58,v77_h87,0.008339200168848038
v77_h58,v77_h92,0.11878000199794769
v77_h58,v77_h100,0.08541999757289886
v77_h58,v77_h116,0.01667799986898899
v77_h59,v77_h40,0.004169600084424019
v77_h59,v77_h92,0.008339200168848038
v77_h59,v77_h100,0.004169600084424019
v77_h6,v77_h40,0.004169600084424019
v77_h6,v77_h44,0.008339200168848038
v77_h6,v77_h48,0.004169600084424019
v77_h6,v77_h87,0.012508999556303024
v77_h6,v77_h92,0.08541999757289886
v77_h6,v77_h100,0.08125100284814835
v77_h6,v77_h116,0.004169600084424019
v77_h60,v77_h40,0.008339200168848038
v77_h60,v77_h44,0.004169600084424019
v77_h60,v77_h46,0.004169600084424019
v77_h60,v77_h48,0.008339200168848038
v77_h60,v77_h69,0.08125100284814835
v77_h60,v77_h87,0.004169600084424019
v77_h60,v77_h92,0.10209999978542328
v77_h60,v77_h100,0.01667799986898899
v77_h61,v77_h40,0.008339200168848038
v77_h61,v77_h44,0.008339200168848038
v77_h61,v77_h46,0.004169600084424019
v77_h61,v77_h48,0.004169600084424019
v77_h61,v77_h69,0.08125100284814835
v77_h61,v77_h87,0.004169600084424019
v77_h61,v77_h92,0.02501799911260605
v77_h61,v77_h100,0.012508999556303024
v77_h61,v77_h116,0.004169600084424019
v77_h62,v77_h40,0.012508999556303024
v77_h62,v77_h44,0.01667799986898899
v77_h62,v77_h46,0.004169600084424019
v77_h62,v77_h48,0.01667799986898899
v77_h62,v77_h69,0.08541999757289886
v77_h62,v77_h87,0.004169600084424019
v77_h62,v77_h92,0.03335700184106827
v77_h62,v77_h100,0.012508999556303024
v77_h63,v77_h40,0.012508999556303024
v77_h63,v77_h44,0.01667799986898899
v77_h63,v77_h46,0.008339200168848038
v77_h63,v77_h48,0.01667799986898899
v77_h63,v77_h69,0.012508999556303024
v77_h63,v77_h87,0.004169600084424019
v77_h63,v77_h92,0.008339200168848038
v77_h63,v77_h100,0.004169600084424019
v77_h63,v77_h116,0.008339200168848038
v77_h65,v77_h40,0.008339200168848038
v77_h65,v77_h44,0.008339200168848038
v77_h65,v77_h48,0.004169600084424019
v77_h65,v77_h69,0.02501799911260605
v77_h65,v77_h92,0.004169600084424019
v77_h66,v77_h69,0.01667799986898899
v77_h66,v77_h87,0.004169600084424019
v77_h66,v77_h92,0.06874199956655502
v77_h67,v77_h40,0.008339200168848038
v77_h67,v77_h44,0.008339200168848038
v77_h67,v77_h46,0.004169600084424019
v77_h67,v77_h48,0.012508999556303024
v77_h67,v77_h69,0.020848000422120094
v77_h67,v77_h87,0.004169600084424019
v77_h67,v77_h92,0.012508999556303024
v77_h67,v77_h100,0.004169600084424019
v77_h69,v77_h40,0.004169600084424019
v77_h69,v77_h44,0.02501799911260605
v77_h69,v77_h48,0.004169600084424019
v77_h69,v77_h87,0.004169600084424019
v77_h69,v77_h92,0.012508999556303024
v77_h70,v77_h40,0.004169600084424019
v77_h70,v77_h44,0.01667799986898899
v77_h70,v77_h46,0.004169600084424019
v77_h70,v77_h48,0.012508999556303024
v77_h70,v77_h69,0.09375999867916107
v77_h70,v77_h87,0.004169600084424019
v77_h70,v77_h92,0.08541999757289886
v77_h70,v77_h100,0.004169600084424019
v77_h71,v77_h40,0.004169600084424019
v77_h71,v77_h46,0.07291200011968613
v77_h71,v77_h87,0.004169600084424019
v77_h71,v77_h92,0.004169600084424019
v77_h71,v77_h116,0.05420500040054321
v77_h72,v77_h40,0.004169600084424019
v77_h72,v77_h44,0.008339200168848038
v77_h72,v77_h46,0.01667799986898899
v77_h72,v77_h48,0.008339200168848038
v77_h72,v77_h69,0.01667799986898899
v77_h72,v77_h87,0.012508999556303024
v77_h72,v77_h92,0.08541999757289886
v77_h72,v77_h100,0.008339200168848038
v77_h72,v77_h116,0.012508999556303024
v77_h73,v77_h46,0.004169600084424019
v77_h73,v77_h48,0.004169600084424019
v77_h73,v77_h87,0.008339200168848038
v77_h73,v77_h92,0.01667799986898899
v77_h73,v77_h116,0.037526000291109085
v77_h74,v77_h40,0.01667799986898899
v77_h74,v77_h44,0.06874199956655502
v77_h74,v77_h46,0.004169600084424019
v77_h74,v77_h48,0.07708100229501724
v77_h74,v77_h69,0.07291200011968613
v77_h74,v77_h87,0.01667799986898899
v77_h74,v77_h92,0.02501799911260605
v77_h74,v77_h100,0.020848000422120094
v77_h75,v77_h44,0.004169600084424019
v77_h75,v77_h48,0.008339200168848038
v77_h75,v77_h69,0.004169600084424019
v77_h75,v77_h87,0.008339200168848038
v77_h75,v77_h92,0.012508999556303024
v77_h75,v77_h100,0.012508999556303024
v77_h76,v77_h44,0.008339200168848038
v77_h76,v77_h48,0.008339200168848038
v77_h76,v77_h69,0.008339200168848038
v77_h76,v77_h87,0.008339200168848038
v77_h76,v77_h92,0.004169600084424019
v77_h76,v77_h100,0.012508999556303024
v77_h77,v77_h40,0.004169600084424019
v77_h77,v77_h44,0.012508999556303024
v77_h77,v77_h48,0.012508999556303024
v77_h77,v77_h69,0.008339200168848038
v77_h77,v77_h87,0.004169600084424019
v77_h77,v77_h92,0.01667799986898899
v77_h77,v77_h100,0.07708100229501724
v77_h78,v77_h44,0.004169600084424019
v77_h78,v77_h48,0.008339200168848038
v77_h78,v77_h69,0.004169600084424019
v77_h78,v77_h87,0.029186999425292015
v77_h78,v77_h92,0.004169600084424019
v77_h78,v77_h100,0.008339200168848038
v77_h79,v77_h40,0.012508999556303024
v77_h79,v77_h44,0.01667799986898899
v77_h79,v77_h46,0.004169600084424019
v77_h79,v77_h48,0.012508999556303024
v77_h79,v77_h69,0.004169600084424019
v77_h79,v77_h87,0.029186999425292015
v77_h79,v77_h92,0.01667799986898899
v77_h79,v77_h100,0.020848000422120094
v77_h79,v77_h116,0.004169600084424019
v77_h80,v77_h40,0.004169600084424019
v77_h80,v77_h44,0.004169600084424019
v77_h80,v77_h48,0.012508999556303024
v77_h80,v77_h69,0.004169600084424019
v77_h80,v77_h87,0.08541999757289886
v77_h80,v77_h92,0.008339200168848038
v77_h80,v77_h100,0.004169600084424019
v77_h81,v77_h40,0.012508999556303024
v77_h81,v77_h44,0.008339200168848038
v77_h81,v77_h46,0.004169600084424019
v77_h81,v77_h48,0.06457199901342392
v77_h81,v77_h69,0.004169600084424019
v77_h81,v77_h87,0.08541999757289886
v77_h81,v77_h92,0.02501799911260605
v77_h81,v77_h100,0.012508999556303024
v77_h81,v77_h116,0.004169600084424019
v77_h83,v77_h40,0.004169600084424019
v77_h83,v77_h44,0.008339200168848038
v77_h83,v77_h46,0.004169600084424019
v77_h83,v77_h69,0.004169600084424019
v77_h83,v77_h87,0.01667799986898899
v77_h83,v77_h92,0.004169600084424019
v77_h83,v77_h116,0.004169600084424019
v77_h84,v77_h44,0.008339200168848038
v77_h84,v77_h87,0.09375999867916107
v77_h84,v77_h92,0.004169600084424019
v77_h84,v77_h100,0.004169600084424019
v77_h84,v77_h116,0.008339200168848038
v77_h85,v77_h44,0.008339200168848038
v77_h85,v77_h87,0.012508999556303024
v77_h85,v77_h92,0.012508999556303024
v77_h85,v77_h100,0.004169600084424019
v77_h85,v77_h116,0.004169600084424019
v77_h87,v77_h44,0.008339200168848038
v77_h87,v77_h48,0.004169600084424019
v77_h87,v77_h69,0.004169600084424019
v77_h87,v77_h92,0.004169600084424019
v77_h87,v77_h100,0.012508999556303024
v77_h87,v77_h116,0.008339200168848038
v77_h88,v77_h44,0.008339200168848038
v77_h88,v77_h48,0.012508999556303024
v77_h88,v77_h69,0.004169600084424019
v77_h88,v77_h87,0.07708100229501724
v77_h88,v77_h92,0.008339200168848038
v77_h88,v77_h100,0.012508999556303024
v77_h89,v77_h40,0.004169600084424019
v77_h89,v77_h44,0.07708100229501724
v77_h89,v77_h46,0.012508999556303024
v77_h89,v77_h48,0.01667799986898899
v77_h89,v77_h69,0.008339200168848038
v77_h89,v77_h87,0.09792900085449219
v77_h89,v77_h92,0.01667799986898899
v77_h89,v77_h100,0.08541999757289886
v77_h89,v77_h116,0.008339200168848038
v77_h9,v77_h40,0.004169600084424019
v77_h9,v77_h44,0.01667799986898899
v77_h9,v77_h46,0.008339200168848038
v77_h9,v77_h48,0.004169600084424019
v77_h9,v77_h69,0.008339200168848038
v77_h9,v77_h92,0.004169600084424019
v77_h9,v77_h116,0.008339200168848038
v77_h90,v77_h40,0.004169600084424019
v77_h90,v77_h44,0.020848000422120094
v77_h90,v77_h46,0.004169600084424019
v77_h90,v77_h48,0.01667799986898899
v77_h90,v77_h69,0.008339200168848038
v77_h90,v77_h87,0.09792900085449219
v77_h90,v77_h92,0.008339200168848038
v77_h90,v77_h100,0.06874199956655502
v77_h90,v77_h116,0.004169600084424019
v77_h91,v77_h40,0.008339200168848038
v77_h91,v77_h44,0.012508999556303024
v77_h91,v77_h46,0.004169600084424019
v77_h91,v77_h48,0.012508999556303024
v77_h91,v77_h69,0.012508999556303024
v77_h91,v77_h87,0.02501799911260605
v77_h91,v77_h92,0.11044000089168549
v77_h91,v77_h100,0.012508999556303024
v77_h91,v77_h116,0.008339200168848038
v77_h92,v77_h40,0.008339200168848038
v77_h92,v77_h44,0.008339200168848038
v77_h92,v77_h48,0.004169600084424019
v77_h92,v77_h69,0.012508999556303024
v77_h92,v77_h87,0.004169600084424019
v77_h92,v77_h100,0.02501799911260605
v77_h93,v77_h40,0.004169600084424019
v77_h93,v77_h44,0.004169600084424019
v77_h93,v77_h48,0.004169600084424019
v77_h93,v77_h69,0.004169600084424019
v77_h93,v77_h87,0.004169600084424019
v77_h93,v77_h92,0.012508999556303024
v77_h93,v77_h100,0.012508999556303024
v77_h94,v77_h40,0.004169600084424019
v77_h94,v77_h48,0.004169600084424019
v77_h94,v77_h69,0.008339200168848038
v77_h94,v77_h87,0.004169600084424019
v77_h94,v77_h92,0.07708100229501724
v77_h94,v77_h100,0.008339200168848038
v77_h95,v77_h40,0.012508999556303024
v77_h95,v77_h44,0.004169600084424019
v77_h95,v77_h48,0.004169600084424019
v77_h95,v77_h69,0.012508999556303024
v77_h95,v77_h87,0.012508999556303024
v77_h95,v77_h92,0.09375999867916107
v77_h95,v77_h100,0.08958999812602997
v77_h96,v77_h40,0.004169600084424019
v77_h96,v77_h44,0.012508999556303024
v77_h96,v77_h46,0.008339200168848038
v77_h96,v77_h48,0.004169600084424019
v77_h96,v77_h69,0.008339200168848038
v77_h96,v77_h87,0.10209999978542328
v77_h96,v77_h92,0.01667799986898899
v77_h96,v77_h100,0.01667799986898899
v77_h97,v77_h40,0.004169600084424019
v77_h97,v77_h44,0.004169600084424019
v77_h97,v77_h48,0.004169600084424019
v77_h97,v77_h87,0.01667799986898899
v77_h97,v77_h92,0.09375999867916107
v77_h97,v77_h100,0.020848000422120094
v77_h98,v77_h40,0.004169600084424019
v77_h98,v77_h69,0.004169600084424019
v77_h98,v77_h87,0.008339200168848038
v77_h98,v77_h92,0.029186999425292015
v77_h98,v77_h100,0.08541999757289886
